000000  02 00 00 00 5e ee 08 00 f2 19 02 00 00 00 0b 00   |....^...........|
000010  00 00 5a 68 75 52 65 6e 47 75 69 64 00 0f 00 00   |..ZhuRenGuid....|
000020  00 53 74 72 75 63 74 50 72 6f 70 65 72 74 79 00   |.StructProperty.|
000030  10 00 01 00 41 05 00 00 00 24 00 0d 01 00 f0 02   |....A....$......|
000040  73 a9 43 c8 30 4a 2d aa 29 d5 cf a5 28 b0 cd a4   |s.C.0J-.)...(...|
000050  0c 2a 00 6f 6f 6e 67 48 75 69 55 00 27 f1 17 f3   |.*.oongHuiU.'...|
000060  8f 17 ae c5 46 45 fe d2 3c 15 be 22 df 66 fa 13   |....FE..<..".f..|
000070  00 00 00 48 4a 53 42 61 6f 47 75 6f 43 6f 6d 70   |...HJSBaoGuoComp|
000080  6f 6e 65 6e 74 5c 00 47 4f 62 6a 65 5c 00 23 7b   |onent\.GObje\.#{|
000090  25 43 00 f8 1a 03 82 00 00 00 2f 47 61 6d 65 2f   |%C......../Game/|
0000a0  41 64 64 69 74 69 6f 6e 4d 61 70 30 31 2f 4d 61   |AdditionMap01/Ma|
0000b0  70 73 2f 44 4c 43 5f 4c 65 76 65 6c 30 31 0c 00   |ps/DLC_Level01..|
0000c0  6c 5f 4d 61 69 6e 2e 11 00 b1 3a 50 65 72 73 69   |l_Main....:Persi|
0000d0  73 74 65 6e 74 17 00 fe 0b 2e 48 50 6c 61 79 65   |stent.....HPlaye|
0000e0  72 53 74 61 74 65 5f 32 31 34 37 33 32 35 37 39   |rState_214732579|
0000f0  32 2e 48 a3 00 10 1c 86 00 bc 53 63 72 69 70 74   |2.H.......Script|
000100  2f 57 53 2e 48 20 00 00 0c 01 02 14 00 9f 44 61   |/WS.H ........Da|
000110  6f 4a 75 4c 69 73 74 33 01 01 22 42 24 d6 00 0f   |oJuList3.."B$...|
000120  2f 00 01 0d 01 00 41 0d 00 00 00 1f 00 f5 02 45   |/.....A........E|
000130  6e 74 72 69 65 73 00 0e 00 00 00 41 72 72 61 79   |ntries.....Array|
000140  50 00 22 fa 23 2b 00 1e 0f 6b 00 2f 00 54 43 00   |P.".#+...k./.TC.|
000150  01 1e 0f 29 00 13 aa 44 00 18 0b 2c 00 1e 79 8f   |...)...D...,..y.|
000160  00 14 06 20 00 0f b0 01 01 24 53 05 b0 01 1f 8d   |... .....$S.....|
000170  b0 01 5f f0 03 42 50 5f 48 6f 6e 67 4a 69 6e 67   |.._..BP_HongJing|
000180  53 68 69 32 30 5f 43 1e 00 95 34 34 35 37 39 35   |Shi20_C...445795|
000190  35 00 53 91 00 b1 42 6c 75 65 70 72 69 6e 74 73   |5.S...Blueprints|
0001a0  2f c9 00 02 06 00 77 4d 69 61 6e 4a 75 2f 42 00   |/.....wMianJu/B.|
0001b0  1c 2f 51 00 1e 2e 62 00 10 00 cc 02 50 43 75 6e   |./Q...b.....PCun|
0001c0  44 61 13 00 51 75 58 69 6e 67 c6 01 0e a4 01 2f   |Da..QuXing...../|
0001d0  a2 02 a4 01 07 3f 03 00 00 49 00 05 1e 0f 2f 00   |.....?...I..../.|
0001e0  18 48 4a 00 02 2b 00 03 39 00 0e ae 01 16 0c 24   |.HJ..+..9......$|
0001f0  00 62 4e 61 6d 65 00 0c 4f 00 05 4c 00 14 12 29   |.bName..O..L...)|
000200  00 11 0e 29 00 d6 65 6e 67 59 69 6e 52 61 74 69   |...)..engYinRati|
000210  6f 00 0d 3b 00 51 56 61 6c 75 65 23 00 46 46 6c   |o..;.QValue#.FFl|
000220  6f 61 8a 00 14 04 3e 00 50 fd 1f e7 bd 09 c1 00   |oa....>.P.......|
000230  71 61 6f 5a 75 6f 46 75 68 00 2e 49 6e 2a 00 01   |qaoZuoFuh..In*..|
000240  01 00 bf 08 00 00 00 4c 61 69 59 75 61 6e 29 00   |.......LaiYuan).|
000250  0b 00 4e 02 4f 4e 6f 6e 65 c7 00 0e 14 0b 32 00   |..N.ONone.....2.|
000260  10 07 9e 02 20 75 4b 0c 01 0f c0 00 19 4f cf ce   |.... uK......O..|
000270  60 3f c0 00 69 18 0c 5b 00 7f 4d 61 78 54 69 4c   |`?..i..[..MaxTiL|
000280  69 c1 00 1a 4f 41 81 0c 40 c1 00 49 00 9e 02 ff   |i...OA..@..I....|
000290  03 45 71 75 69 70 65 64 4d 4a 4e 6f 64 65 43 6c   |.EquipedMJNodeCl|
0002a0  61 73 73 03 04 01 14 4b 3c 00 2f 09 46 72 03 01   |ass....K<./.Fr..|
0002b0  03 67 03 90 47 61 69 5a 68 75 61 6e 67 65 03 52   |.g..GaiZhuange.R|
0002c0  4d 4a 47 5a 5f 19 00 3c 5f 31 2e 11 00 21 5f 43   |MJGZ_..<_1...!_C|
0002d0  a4 00 bf 42 47 47 72 69 64 49 6e 64 65 78 b4 00   |...BGGridIndex..|
0002e0  0b 00 0d 00 1f 55 ab 06 25 f1 02 0f 01 a4 fb 70   |.....U..%......p|
0002f0  44 cb 1e c6 ad e8 9c 19 f0 cf c7 08 7a 00 0f 76   |D...........z..v|
000300  00 10 00 79 02 52 50 69 6e 5a 68 b8 01 45 42 79   |...y.RPinZh..EBy|
000310  74 65 29 00 17 1f ca 05 11 45 6d 04 03 2a 00 2b   |te)......Em..*.+|
000320  00 1b 12 00 72 3a 3a 45 44 4a 50 5a 00 05 16 34   |....r::EDJPZ...4|
000330  7f 01 09 8c 01 0f 82 05 0a 1f 5e 82 05 77 22 31   |..........^..w"1|
000340  38 82 05 5f 33 31 31 38 35 82 05 31 2e 31 38 62   |8.._31185..1.18b|
000350  00 0f 82 05 18 1f ad 82 05 36 1f 53 82 05 38 14   |.........6.S..8.|
000360  16 29 00 00 8b 05 00 f8 03 90 57 61 6b 65 6e 4a   |.)........WakenJ|
000370  69 61 6e 10 01 0f 05 04 1a 4f e0 12 41 3d c6 04   |ian......O..A=..|
000380  69 0f 4d 06 34 4f e9 8a ab bc 8d 05 76 3f 59 61   |i.M.4O......v?Ya|
000390  6e 4e 06 1e 4f a3 6d 56 3f 8d 05 f0 1f 02 8d 05   |nN..O.mV?.......|
0003a0  2d ff 01 86 e6 d8 9f 0b 45 c5 25 e8 c3 e9 a4 8c   |-.......E.%.....|
0003b0  3a 44 2a 8d 05 12 1f 01 8d 05 78 1f 63 0f 0b 7e   |:D*.......x.c..~|
0003c0  00 8d 05 4f 37 36 37 33 0f 0b 6e 1f a4 8d 05 36   |...O7673..n....6|
0003d0  1f 4a 0f 0b 7f 3f 17 88 cd 0f 0b 6a 14 0e 32 00   |.J...?.....j..2.|
0003e0  12 0a 4f 0a 6f 48 65 61 6c 74 68 c3 00 1a 4f bc   |..O.oHealth...O.|
0003f0  0c 09 41 d2 0b a9 3f 93 47 5b 84 05 74 15 59 84   |..A...?.G[..t.Y.|
000400  05 1f 54 05 04 04 00 82 03 13 50 92 05 3f 61 73   |..T.......P..?as|
000410  6b 90 05 08 2d 30 2e 12 00 0f 1f 0b 5a ff 01 e3   |k...-0......Z...|
000420  a9 15 af 96 4d df 56 10 ce ac ae ab 7b 06 ab 92   |....M.V.....{...|
000430  05 12 1f 02 92 05 78 2f da 03 1f 0b 77 17 31 92   |......x/....w.1.|
000440  05 2f 36 30 1f 0b 30 1e 31 62 00 0f 92 05 18 2f   |./60..0.1b...../|
000450  1b 01 92 05 07 1f 01 92 05 1a 2f c1 00 92 05 37   |........../....7|
000460  0f 8d 09 2d 00 01 00 1f 40 09 04 fe 0f 9b 09 2e   |...-....@.......|
000470  ff 01 d2 af 83 a4 93 4a 82 48 f9 b4 18 b9 0b 70   |.......J.H.....p|
000480  39 88 09 04 12 1f 03 09 04 43 1f 31 09 04 21 03   |9........C.1..!.|
000490  ed 02 0f 30 00 ff ff ff ff ff ff ff ff ff ff ff   |...0............|
0004a0  ff ff ff d7 05 09 00 06 67 24 20 52 6f b6 11 00   |........g$ Ro...|
0004b0  43 11 0f a5 0f 06 00 9c 10 09 50 0f 10 16 2a 12   |C.........P...*.|
0004c0  a1 75 74 6f 43 6f 6c 6c 65 63 74 82 00 02 e4 10   |.utoCollect.....|
0004d0  0e 44 12 35 87 60 03 fa 11 0b a1 00 7f 00 d9 08   |.D.5.`..........|
0004e0  00 00 09 5b fa 10 0f d2 49 74 65 6d 2f 4d 61 74   |...[....Item/Mat|
0004f0  65 72 69 61 6c fb 12 10 5f 14 00 cf 5f 53 68 69   |erial..._..._Shi|
000500  70 46 75 65 6c 5f 31 2e 16 00 02 2f 5f 43 60 00   |pFuel_1..../_C`.|
000510  34 2f 32 2e 16 00 02 0f 60 00 36 2f 33 2e 16 00   |4/2.....`.6/3...|
000520  02 00 60 00 1f 65 60 00 14 00 36 00 03 5c 00 00   |..`..e`...6..\..|
000530  0b 00 40 5f 50 72 6f 6e 01 bf 69 6c 65 5f 43 61   |..@_Pron..ile_Ca|
000540  6e 6e 6f 6e 2e 1d 00 09 0e ca 00 0f 6a 00 22 04   |nnon........j.".|
000550  88 01 0d 18 00 0f 60 00 34 1f 32 60 00 04 01 8a   |......`.4.2`....|
000560  01 1f 79 60 00 2f ff 02 4c 69 67 68 74 53 70 65   |..y`./..LightSpe|
000570  61 72 54 75 72 72 65 74 2e 27 00 13 0f a8 01 34   |arTurret.'.....4|
000580  7f 45 6e 65 72 67 79 2e 1d 00 09 00 6a 00 1f 61   |.Energy.....j..a|
000590  6a 00 14 31 57 75 51 11 16 02 50 00 52 4c 61 73   |j..1WuQ...P.RLas|
0005a0  65 72 ed 01 7f 42 75 6c 6c 65 74 2e 1b 00 07 00   |er...Bullet.....|
0005b0  66 00 1f 54 7d 16 0c 01 5e 00 00 09 2a 10 2f 9a   |f..T}...^...*./.|
0005c0  20 36 54 6f 75 6b 00 20 4e 75 13 00 02 2c 1e 0a   | 6Touk. Nu...,..|
0005d0  12 00 0f 59 00 33 2d 32 2e 12 00 0f 59 00 33 2d   |...Y.3-2....Y.3-|
0005e0  33 2e 12 00 0f 59 00 33 2d 34 2e 12 00 00 59 00   |3....Y.3-4....Y.|
0005f0  1f 5e 59 00 29 7c 50 61 6f 44 61 6e 57 69 01 07   |.^Y.)|PaoDanWi..|
000600  17 00 0f 63 00 38 09 73 01 07 17 00 0f 63 00 38   |...c.8.s.....c.8|
000610  09 7d 01 07 17 00 0f 63 00 38 1f 34 63 00 03 01   |.}.....c.8.4c...|
000620  8c 01 1f 72 63 00 0c 10 47 46 19 11 75 65 00 63   |...rc...GF..ue.c|
000630  5a 75 6f 54 61 69 c5 03 00 71 00 50 5a 68 75 5f   |ZuoTai...q.PZhu_|
000640  43 97 17 72 53 6f 6e 67 4d 65 6e 85 16 1f 2e 21   |C..rSongMen....!|
000650  00 0d 00 77 00 1f 56 da 00 11 57 54 6f 75 5a 68   |...w..V...WTouZh|
000660  cc 03 df 50 69 67 6d 65 6e 74 5f 42 61 73 65 2e   |...Pigment_Base.|
000670  16 00 02 0f 5b 00 2f 2e 6c 75 5b 00 01 16 00 00   |....[./.lu[.....|
000680  5b 00 1f 58 5b 00 2a 5f 72 6f 77 6e 2e 17 00 03   |[..X[.*_rown....|
000690  0f 5d 00 2e 4e 47 72 65 65 5d 00 02 17 00 00 5d   |.]..NGree].....]|
0006a0  00 1f 5a 5d 00 29 5e 4f 72 61 6e 67 17 01 03 18   |..Z].)^Orang....|
0006b0  00 0f 5f 00 2e 5e 50 75 72 70 6c 5f 00 03 18 00   |.._..^Purpl_....|
0006c0  0e 8a 04 0f 5f 00 1c 4f 52 65 64 2e 15 00 01 0f   |...._..ORed.....|
0006d0  b8 00 2e 7f 59 65 6c 6c 6f 77 2e 18 00 04 0f 8b   |....Yellow......|
0006e0  02 2e 3e 47 6f 6c b9 00 01 16 00 0f 8b 02 2f 5f   |..>Gol......../_|
0006f0  6c 61 63 6b 2e 17 00 03 0f b8 00 2e 3e 50 69 6e   |lack........>Pin|
000700  5c 00 01 16 00 0f b8 00 2e 4e 57 68 69 74 29 02   |\........NWhit).|
000710  02 17 00 00 5d 00 1f 60 5d 00 29 af 53 61 6e 64   |....]..`].).Sand|
000720  63 6f 6c 6f 72 2e 1b 00 07 00 65 00 1f 43 65 00   |color.....e..Ce.|
000730  11 30 4d 61 6f 62 00 00 0c 00 42 5f 4d 61 6f ac   |.0Maob....B_Mao.|
000740  06 06 0e 00 00 48 00 1f 4f 48 00 11 57 51 75 61   |.....H..OH..WQua|
000750  6e 54 4c 00 03 10 00 07 50 00 05 12 00 0e b9 01   |nTL.....P.......|
000760  0f 31 06 1a 03 11 00 08 56 07 05 13 00 00 5b 00   |.1......V.....[.|
000770  1f 4d 7f 09 15 00 e9 09 00 9d 00 60 65 61 70 6f   |.M.........`eapo|
000780  6e 5f 0f 00 02 47 07 09 11 00 00 52 00 1f 3d ad   |n_...G.....R..=.|
000790  00 11 04 e7 00 58 48 6f 6f 6b 2e 0d 00 00 42 00   |.....XHook....B.|
0007a0  1f 50 ef 00 16 04 3a 00 50 43 68 61 6e 67 12 00   |.P....:.PChang..|
0007b0  07 42 01 07 14 00 0f 98 01 0f b0 6a 75 43 61 69   |.B.........juCai|
0007c0  4c 69 61 6f 2f 4b 90 1e 32 73 68 69 16 00 02 c4   |Liao/K..2shi....|
0007d0  0c 34 43 6c 61 c9 0a 05 10 00 00 54 00 1f 55 54   |.4Cla......T..UT|
0007e0  00 29 69 6f 61 6c 4f 72 65 57 00 02 13 00 00 5a   |.)ioalOreW.....Z|
0007f0  00 1f 51 5a 00 2a 39 6e 63 68 58 00 00 11 00 00   |..QZ.*9nchX.....|
000800  56 00 1f 59 56 00 2a 4d 70 70 65 72 b2 00 03 15   |V..YV.*Mpper....|
000810  00 0f 0e 01 2e 69 72 79 73 74 61 6c 5c 00 02 13   |.....irystal\...|
000820  00 0f 0e 01 2d 44 46 6c 69 6e fa 0c 06 11 00 0f   |....-DFlin......|
000830  b0 00 2d 00 b0 05 0b 0c 01 03 13 00 00 5a 00 1f   |..-..........Z..|
000840  53 5a 00 29 59 79 70 73 75 6d 59 00 01 12 00 0f   |SZ.)YypsumY.....|
000850  c0 01 2d 89 48 75 67 65 53 74 6f 6e b4 00 05 15   |..-.HugeSton....|
000860  00 0a 0b 04 0f 5e 00 1f 29 49 63 58 00 2f 49 63   |.....^..)IcX./Ic|
000870  12 02 2e 4b 49 72 6f 6e 62 01 03 13 00 00 5a 00   |...KIronb.....Z.|
000880  1f 57 5a 00 28 79 4b 61 6c 6c 61 69 74 5b 00 04   |.WZ.(yKallait[..|
000890  14 00 0a da 0f 0f 5c 00 1f a8 4d 65 74 65 6f 72   |......\...Meteor|
0008a0  69 74 65 73 5e 00 06 16 00 0f ce 02 2d 3a 4e 69   |ites^.......-:Ni|
0008b0  74 14 01 01 11 00 0f 12 01 2d 74 4f 62 73 69 64   |t........-tObsid|
0008c0  69 61 55 11 09 14 00 0f d0 02 2d 2c 4f 69 e7 04   |iaU.......-,Oi..|
0008d0  24 4f 69 e6 04 1f 5f 58 00 28 9b 50 68 6f 73 70   |$Oi..._X.(.Phosp|
0008e0  68 61 74 65 5e 00 08 18 00 0f 84 02 2d 4b 53 61   |hate^.......-KSa|
0008f0  6c 74 5f 00 03 13 00 0f 8e 03 2d 4d 53 69 6c 76   |lt_.......-MSilv|
000900  4e 05 05 15 00 0f 26 02 2d 0d e8 03 05 e4 03 0f   |N.....&.-.......|
000910  b4 00 2a 4d 75 6c 66 75 b4 00 04 15 00 0f 28 02   |..*Mulfu......(.|
000920  2d 2c 54 69 ef 03 24 54 69 ee 03 1f 4c 58 00 14   |-,Ti..$Ti...LX..|
000930  58 5a 68 69 57 75 55 00 48 42 61 72 6b 53 00 00   |XZhiWuU.HBarkS..|
000940  10 00 0e 62 08 0f 51 00 19 2b 72 61 5d 07 02 12   |...b..Q..+ra]...|
000950  00 00 55 00 1f 52 55 00 25 69 4c 6f 63 75 73 74   |..U..RU.%iLocust|
000960  32 04 03 13 00 00 57 00 1f 4e 57 00 25 59 46 69   |2.....W..NW.%YFi|
000970  62 65 72 fa 06 00 11 00 0e 79 0d 0f 53 00 18 89   |ber......y..S...|
000980  48 61 72 64 57 6f 6f 64 44 06 03 14 00 0e 07 0c   |HardWoodD.......|
000990  0f 59 00 20 0a 9c 16 06 16 00 0f b6 00 2a 00 e6   |.Y. .........*..|
0009a0  06 0d b6 00 03 14 00 0f 5f 02 2a 2a 4e 75 b6 01   |........_.**Nu..|
0009b0  2f 4e 75 b3 01 2c 49 52 65 73 69 86 05 01 11 00   |/Nu..,IResi.....|
0009c0  0f b2 02 2a 3b 52 75 62 07 02 02 12 00 0f 55 00   |...*;Rub......U.|
0009d0  2a 4a 54 68 61 74 07 03 02 12 00 0f 55 00 2a 4a   |*JThat......U.*J|
0009e0  56 65 72 6d fe 00 02 12 00 0f a3 01 2a 2a 56 69   |Verm........**Vi|
0009f0  0a 05 00 10 00 0e 53 0d 0f 51 00 18 89 57 69 6c   |......S..Q...Wil|
000a00  64 46 72 75 69 54 0a 05 15 00 0f ac 00 2a 0c a4   |dFruiT.......*..|
000a10  02 04 a0 02 0f 30 14 0d 03 94 13 21 2f 4d 02 0f   |.....0.....!/M..|
000a20  0a a8 13 01 14 00 6f 5f 44 69 4a 69 2e 19 00 05   |......o_DiJi....|
000a30  0e 63 0f 0f 63 00 23 15 42 41 08 1e 4a 1a 00 0f   |.c..c.#.BA..J...|
000a40  65 00 33 10 51 dc 1b 1f 2e 1a 00 06 0f 83 04 2a   |e.3.Q..........*|
000a50  a8 41 67 61 76 65 5f 4c 65 61 66 84 01 06 16 00   |.Agave_Leaf.....|
000a60  0f 36 02 2a 3e 41 6c 6f 5c 00 05 15 00 00 5b 00   |.6.*>Alo\.....[.|
000a70  1f 5c b8 00 2b 4a 46 6c 6f 77 e7 03 08 18 00 0e   |.\..+JFlow......|
000a80  15 13 0f bc 00 1d 0e 60 00 07 17 00 0e a5 02 0f   |.......`........|
000a90  5f 00 18 6e 43 61 63 74 75 73 61 00 0a 19 00 0f   |_..nCactusa.....|
000aa0  5a 04 2a 02 4a 00 0e 5c 00 0f d3 01 1f 01 e5 03   |Z.*.J..\........|
000ab0  0a 62 08 4a 6e 61 6e 61 64 08 00 12 00 0f d3 01   |.b.Jnanad.......|
000ac0  1f 0c 5b 00 00 5c 13 5a 65 41 70 70 6c df 0a 04   |..[..\.ZeAppl...|
000ad0  15 00 0f 8f 02 2a 4d 42 6f 6d 62 c5 04 05 15 00   |.....*MBomb.....|
000ae0  00 5b 00 1f 5d 5b 00 1a 4e 53 65 65 64 94 02 00   |.[..][..NSeed...|
000af0  16 00 0e 92 02 00 16 00 0e 67 0d 0f 62 00 1e 2e   |.........g..b...|
000b00  6c 6f 61 00 05 15 00 0e 5d 0c 0f 60 00 1d 03 25   |loa.....]..`...%|
000b10  07 0c 62 00 07 17 00 0f f3 09 1f 0d e2 01 4a 43   |..b...........JC|
000b20  6f 63 6f 4f 11 2f 63 6f 4c 03 1f 0e 57 00 5c 61   |ocoO./coL...W.\a|
000b30  73 68 65 77 9d 08 06 16 00 0e 8c 05 0f 9c 02 1f   |shew............|
000b40  8a 6f 6d 65 67 72 61 6e 61 47 0f 07 17 00 0f 5c   |.omegranaG.....\|
000b50  03 30 69 50 61 77 70 61 77 60 00 01 12 00 0f ef   |.0iPawpaw`......|
000b60  0e 19 02 5b 00 49 43 72 6f 70 5a 00 4a 75 6d 70   |...[.ICropZ.Jump|
000b70  6b 6c 08 03 13 00 0e 25 0d 0f 5c 00 1e 5a 6f 74   |kl.....%..\..Zot|
000b80  61 74 6f 01 10 04 14 00 0e d9 0d 0f 5e 00 1d 39   |ato.........^..9|
000b90  43 6f 72 b7 00 00 10 00 0e e7 0e 0f b4 00 1e 49   |Cor............I|
000ba0  65 61 6e 75 0d 04 02 12 00 0f 0e 01 2f 3d 54 6f   |eanu......../=To|
000bb0  6d 0e 01 04 14 00 0e 33 0e 0f 0e 01 1e 34 68 69   |m......3.....4hi|
000bc0  6c d9 08 06 11 00 0f 10 01 2f 45 43 6f 74 74 64   |l......../ECottd|
000bd0  22 07 12 00 0f 7a 02 2f 5a 54 6f 62 61 63 f6 03   |"....z./ZTobac..|
000be0  03 13 00 0f b6 00 2f 59 51 75 69 6e 6f 8c 06 02   |....../YQuino...|
000bf0  12 00 0f 68 01 19 4c 44 6f 6e 67 47 0e 3a 73 68   |...h..LDongG.:sh|
000c00  52 87 03 03 13 00 00 58 00 1f 4b 58 00 26 0b 54   |R......X..KX.&.T|
000c10  00 03 50 00 1f 4f 50 00 29 0a 3e 0e 01 11 00 0f   |..P..OP.).>.....|
000c20  54 00 2f 1c 33 54 00 1f 33 54 00 2b 2b 42 6c e7   |T./.3T..3T.++Bl.|
000c30  0b 01 11 00 0f a4 01 2b 2d 42 6c 3c 0f 03 13 00   |.......+-Bl<....|
000c40  0f 58 00 31 1e 33 58 00 1e 33 31 16 0f 58 00 1a   |.X.1.3X..31..X..|
000c50  0b a0 12 13 42 9f 12 1f 51 52 00 2a 0b 01 01 01   |....B...QR.*....|
000c60  12 00 0f 56 00 30 1d 33 56 00 1f 33 fa 02 2b 2a   |...V.0.3V..3..+*|
000c70  46 75 97 11 2f 75 72 52 02 2b 00 41 00 1c 32 52   |Fu../urR.+.A..2R|
000c80  00 1f 32 54 00 2f 1c 33 54 00 0f f6 01 2c 3a 48   |..2T./.3T....,:H|
000c90  69 64 7e 18 2f 69 64 f6 01 2c 01 42 00 1d 32 54   |id~./id..,.B..2T|
000ca0  00 1f 32 56 00 30 1d 33 56 00 1f 33 4c 03 2b 7a   |..2V.0.3V..3L.+z|
000cb0  43 61 72 61 70 61 78 93 09 01 13 00 0e 56 06 0f   |Carapax......V..|
000cc0  58 00 20 0a 07 01 05 15 00 0f 06 02 2b 49 53 68   |X. .........+ISh|
000cd0  65 6c 95 1b 01 11 00 0f 08 01 2b 02 43 00 1e 32   |el........+.C..2|
000ce0  56 00 0f b6 01 2c 4a 50 6f 69 73 b4 07 02 12 00   |V....,JPois.....|
000cf0  0e 58 07 0f 56 00 1f 0a af 00 04 14 00 0f 0e 03   |.X..V...........|
000d00  2c 0b ca 09 00 10 00 0f b8 02 2c 00 42 00 1d 32   |,.........,.B..2|
000d10  54 00 0f 04 02 2c 4a 54 6f 6f 74 eb 13 00 11 00   |T....,JToot.....|
000d20  0f 04 02 2b 02 43 00 1e 32 56 00 0f 54 01 2c 2a   |...+.C..2V..T.,*|
000d30  43 6c 55 08 00 10 00 0f 54 01 2b 2c 43 6c 57 08   |ClU.....T.+,ClW.|
000d40  02 12 00 0f 54 09 2c 4b 65 61 74 68 9d 17 02 13   |....T.,Keath....|
000d50  00 0f 0c 04 2b 04 45 00 1f 32 5a 00 01 0f 5c 01   |....+.E..2Z...\.|
000d60  2c 2a 53 68 2f 10 00 10 00 0f 5a 02 2a 00 cb 41   |,*Sh/.....Z.*..A|
000d70  19 65 58 21 01 11 00 0f 54 00 2a 00 b8 0c 19 72   |.eX!....T.*....r|
000d80  b2 04 01 11 00 0f 3f 18 2a 79 4d 75 73 68 72 6f   |......?.*yMushro|
000d90  6f 94 1f 04 14 00 00 59 00 1f 62 59 00 2d 0e bb   |o......Y..bY.-..|
000da0  04 0c 1b 00 0f 55 18 0f 01 3e 15 01 14 23 09 1b   |.....U...>...#..|
000db0  06 5a 6f 4d 75 48 75 22 0d 03 14 00 00 53 00 1f   |.ZoMuHu".....S..|
000dc0  48 53 00 1f 4b 4d 75 54 61 aa 00 12 54 de 15 1f   |HS..KMuTa...T...|
000dd0  46 a0 00 20 38 75 42 75 9c 00 00 10 00 0f 98 00   |F.. 8uBu........|
000de0  1c 07 43 06 2b 6e 67 54 06 02 11 16 1f 4a e5 00   |..C.+ngT.....J..|
000df0  1f 00 74 42 0a 9a 00 02 12 00 0e de 17 0f 4f 00   |..tB..........O.|
000e00  12 2d 50 69 9e 00 03 13 00 0f 38 01 24 3b 50 69   |.-Pi......8.$;Pi|
000e10  47 15 14 2f 47 65 eb 00 24 01 3b 00 1d 32 4d 00   |G../Ge..$.;..2M.|
000e20  1f 32 1f 02 26 1c 42 1f 02 03 fd 17 1f 50 4d 00   |.2..&.B......PM.|
000e30  1f 4d 59 69 6e 67 51 00 05 15 00 0e 42 2a 0f 55   |.MYingQ.....B*.U|
000e40  00 1b 0a f6 00 07 17 00 0f e6 01 24 2d 4a 75 ac   |...........$-Ju.|
000e50  00 03 13 00 0f 86 02 25 3a 75 42 69 36 02 02 12   |.......%:uBi6...|
000e60  00 0e 79 14 0f f9 00 19 0b 53 00 06 16 00 0e 69   |..y......S.....i|
000e70  28 0f 57 00 1c 0e 51 01 04 18 00 0f 01 01 24 59   |(.W...Q.......$Y|
000e80  54 61 6e 46 65 51 01 02 12 00 0f 4f 00 24 2c 4c   |TanFeQ.....O.$,L|
000e90  69 4f 00 2f 4c 69 4f 00 2a 1d 75 4f 00 00 12 00   |iO./LiO.*.uO....|
000ea0  0f 9f 01 24 7b 58 69 61 6f 53 68 69 53 00 06 16   |...${XiaoShiS...|
000eb0  00 0f 03 06 24 5b 42 65 69 4b 65 55 00 04 14 00   |....$[BeiKeU....|
000ec0  0f e4 03 24 1c 47 f8 00 14 47 f7 00 1f 4c 4d 00   |...$.G...G...LM.|
000ed0  24 0a 3a 02 03 13 00 0f 51 00 2a 1e 33 51 00 1f   |$.:.....Q.*.3Q..|
000ee0  33 ef 00 24 3a 43 75 59 d6 03 01 11 00 0f 9e 00   |3..$:CuY........|
000ef0  24 02 3c 00 1e 32 4f 00 1f 32 37 02 23 00 86 09   |$.<..2O..27.#...|
000f00  69 59 6f 6e 67 59 6f af 06 06 16 00 0f f5 00 24   |iYongYo........$|
000f10  3a 46 75 52 52 00 01 11 00 0f af 06 24 25 44 75   |:FuRR.......$%Du|
000f20  7e 1e 05 10 00 0f cf 02 24 5b 46 61 6e 67 46 4f   |~.......$[FangFO|
000f30  00 04 14 00 0f 53 00 1c 07 2c 01 01 85 4a 1e 2e   |.....S...,...J..|
000f40  14 00 0f b9 06 25 89 4a 75 53 68 69 54 69 61 e7   |.....%.JuShiTia.|
000f50  15 05 15 00 0f 93 01 24 49 48 75 69 4e f8 00 01   |.......$IHuiN...|
000f60  11 00 0f bd 04 23 00 e1 00 0b 18 0a 02 12 00 0f   |.....#..........|
000f70  fc 06 25 3b 69 61 6f 18 0a 03 13 00 0f e8 01 24   |..%;iao........$|
000f80  5b 54 6f 6e 67 44 ab 06 04 14 00 0f a9 06 24 4e   |[TongD........$N|
000f90  51 69 6e 67 57 00 0a 18 00 0f 4e 01 24 2c 58 69   |QingW.....N.$,Xi|
000fa0  55 00 02 12 00 0f 4e 01 24 3d 54 69 65 fc 00 02   |U.....N.$=Tie...|
000fb0  13 00 0f 4e 01 24 2e 47 61 f7 00 04 14 00 0f a4   |...N.$.Ga.......|
000fc0  00 23 00 df 07 1e 44 4b 08 0f 51 00 28 1e 4a 51   |.#....DK..Q.(.JQ|
000fd0  00 16 4a 51 00 1f 52 3e 08 21 79 6f 5a 68 69 4d   |..JQ..R>.!yoZhiM|
000fe0  75 4a c8 04 06 16 00 0f 3a 03 25 4b 75 61 6e 59   |uJ......:.%KuanY|
000ff0  03 29 00 12 00 0f 4f 00 24 4a 5a 68 61 59 28 04   |.)....O.$JZhaY(.|
001000  02 12 00 0f 4f 00 24 5b 44 75 69 46 65 6d 05 00   |....O.$[DuiFem..|
001010  12 00 0f 4f 00 23 00 c5 03 0b 4f 00 02 12 00 0f   |...O.#....O.....|
001020  82 09 29 1d 69 82 09 1f 69 ed 00 25 1c 61 4f 00   |..).i...i..%.aO.|
001030  02 12 00 0f a7 06 24 2a 42 6f 4c 1c 00 10 00 0f   |......$*BoL.....|
001040  cd 02 11 14 53 d8 0f 06 4d 2e 4a 6f 54 75 44 40   |....S...M.JoTuD@|
001050  07 04 14 00 0f c2 03 11 0d 51 00 30 4c 69 4d 2a   |.........Q.0LiM*|
001060  51 0a 52 00 05 15 00 0f 50 06 11 0d 53 00 36 59   |Q.R.....P...S.6Y|
001070  75 54 4b 25 07 12 00 0f 8b 01 11 0d 4d 00 2d 52   |uTK%........M.-R|
001080  6f 4e 00 03 13 00 0f 40 01 22 3d 4d 6f 47 50 00   |oN.....@."=MoGP.|
001090  04 14 00 0f a0 00 22 3c 59 75 4d 59 0b 03 13 00   |......"<YuMY....|
0010a0  0f a0 00 22 00 3c 00 0d 48 0d 03 14 00 0e 96 0e   |...".<..H.......|
0010b0  0f 51 00 14 10 4d 96 35 0b 87 08 08 18 00 0f 06   |.Q...M.5........|
0010c0  05 11 0d 59 00 6e 53 68 75 48 75 61 1c 11 06 17   |...Y.nShuHua....|
0010d0  00 0f 90 02 21 00 cd 02 59 4e 61 6e 47 75 6c 1e   |....!...YNanGul.|
0010e0  05 15 00 0e a0 07 0f 53 00 13 10 48 16 2e 3a 43   |.......S...H..:C|
0010f0  68 6f ac 00 09 19 00 0f 0e 29 11 0e 3e 03 20 61   |ho.......)..>. a|
001100  4a 1d 28 0f 5f 00 03 0d 1d 00 0f 68 01 22 01 46   |J.(._......h.".F|
001110  00 27 6f 4a 9e 28 0c 17 00 0f bf 01 24 4d 61 53   |.'oJ.(......$MaS|
001120  68 61 57 00 07 17 00 0f 57 00 22 22 4a 69 e4 56   |haW.....W.""Ji.V|
001130  0b e3 0b 07 17 00 0f 53 04 22 0e 52 00 06 4d 00   |.......S.".R..M.|
001140  1f 4c 4d 00 23 0c 27 1a 02 14 00 0f 51 00 29 0b   |.LM.#.'.....Q.).|
001150  9c 44 02 14 00 0f 51 00 25 1e 59 f1 00 02 14 00   |.D....Q.%.Y.....|
001160  0f 56 03 22 7b 59 61 6e 52 6f 75 47 03 04 04 15   |.V."{YanRouG....|
001170  00 0f ea 01 22 06 3e 00 0a 9c 11 06 17 00 0f 57   |....".>........W|
001180  00 2c 1f 33 57 00 03 0f 52 01 22 00 40 00 1e 59   |.,.3W...R.".@..Y|
001190  00 01 02 14 00 0f c1 08 26 00 ef 16 0c 98 0c 1f   |........&.......|
0011a0  4d e1 02 23 7d 47 75 6f 4a 69 75 2e 12 00 0e 58   |M..#}GuoJiu....X|
0011b0  19 0e 4d 00 7b 59 61 6f 50 69 6e 2f a4 0f 1b 69   |..M.{YaoPin/...i|
0011c0  fc 09 04 14 00 0f 49 3c 11 0e 52 00 7a 48 75 6f   |......I<..R.zHuo|
0011d0  58 75 65 47 53 00 05 15 00 0e 08 1b 0f 54 00 11   |XueGS........T..|
0011e0  4e 4e 69 6e 67 55 00 06 16 00 0e 08 1b 0f fc 00   |NNingU..........|
0011f0  13 1e 65 57 00 09 17 00 0f 54 01 23 10 4c da 18   |..eW.....T.#.L..|
001200  4e 5a 68 69 2e 14 00 0e 16 26 0f 52 00 17 00 70   |NZhi.....&.R...p|
001210  5c 1a 48 ee 06 08 18 00 00 5a 00 1f 63 5a 00 1d   |\.H......Z..cZ..|
001220  00 db 13 50 6e 52 65 6e 5a a7 3c 0e 61 00 0f 1f   |...PnRenZ.<.a...|
001230  00 01 0e 36 2b 0f 68 00 1d 0b 1b 01 0b 1b 00 0f   |...6+.h.........|
001240  22 01 23 01 d7 1a 11 4a 04 5d 09 5d 00 08 18 00   |".#....J.].]....|
001250  0f 26 02 23 10 4b a3 0e 00 18 00 0a f0 11 07 17   |.&.#.K..........|
001260  00 0f b2 00 23 00 58 5d 3d 46 65 6e 59 00 08 18   |....#.X]=FenY...|
001270  00 0e b0 30 0f 45 45 17 06 11 00 64 5f 47 6f 75   |...0.EE....d_Gou|
001280  48 75 e4 02 0d 18 00 0e 3e 1c 0f 65 00 22 00 6b   |Hu......>..e.".k|
001290  17 0e 66 00 06 19 00 00 67 00 1f 6a 67 00 2f 11   |..f.....g..jg./.|
0012a0  58 3a 05 17 58 8e 08 0e 1d 00 04 94 08 1f 66 6f   |X:..X.........fo|
0012b0  00 2f 2e 44 61 6d 00 0c 1b 00 0f da 00 33 00 69   |./.Dam.......3.i|
0012c0  10 2e 53 68 6d 00 0d 1d 00 00 6f 00 1f 64 6f 00   |..Shm.....o..do.|
0012d0  2f 22 53 68 3b 04 1f 2e 1a 00 06 00 69 00 1f 70   |/"Sh;.......i..p|
0012e0  69 00 1e 6e 54 65 53 68 75 2f 55 00 01 7f 1e 0e   |i..nTeShu/U.....|
0012f0  de 00 0c 1d 00 0f b8 01 34 21 4d 75 49 0a 3f 58   |........4!MuI.?X|
001300  69 2e 1b 00 07 0f 5e 03 34 10 5a 63 14 0e 68 00   |i.....^.4.Zc..h.|
001310  03 18 00 0f 5e 03 33 00 c8 04 16 42 72 16 0e 19   |....^.3....Br...|
001320  00 0f c5 03 35 5e 61 6e 4d 6f 51 67 00 04 19 00   |....5^anMoQg....|
001330  0f 9e 01 34 31 54 75 5a 75 61 0e 2e 04 06 1b 00   |...41TuZua......|
001340  00 6b 00 1f 6c 6b 00 2f 7e 46 65 6e 67 47 61 6e   |.k..lk./~FengGan|
001350  79 02 0d 1e 00 0f dc 00 34 00 53 00 0f 6e 00 08   |y.......4.S..n..|
001360  0f 6b 00 38 00 fc 01 1e 54 7d 02 0a 1b 00 0f 2e   |.k.8....T}......|
001370  04 33 00 50 00 6f 47 65 4a 69 61 2e 1a 00 06 0f   |.3.P.oGeJia.....|
001380  b0 01 34 20 4e 69 07 08 3e 61 6f 47 42 01 0b 1e   |..4 Ni..>aoGB...|
001390  00 0f f3 02 34 3e 52 61 6e 6c 00 07 19 00 0f d8   |....4>Ranl......|
0013a0  00 34 01 23 00 00 be 00 0e af 01 0b 1e 00 00 71   |.4.#...........q|
0013b0  00 1f 68 b2 01 31 00 73 15 2e 54 6f db 00 08 1c   |..h..1.s..To....|
0013c0  00 0f 8a 02 37 1e 59 8a 02 0a 1b 00 0f 6f 05 34   |....7.Y......o.4|
0013d0  01 5e 55 04 00 0d 0d 18 00 0f d0 00 36 1e 75 d7   |.^U.........6.u.|
0013e0  05 0b 1b 00 0e 07 12 0f 19 02 23 2e 61 6f cf 00   |..........#.ao..|
0013f0  03 17 00 0f 0b 02 34 12 4b 58 12 0e e6 02 09 1c   |......4.KX......|
001400  00 0f 2a 04 34 00 3a 08 16 44 43 14 1e 47 1a 00   |..*.4.:..DC..G..|
001410  0e 58 08 0f 71 0a 24 12 4a 20 1d 3e 48 75 61 b3   |.X..q.$.J .>Hua.|
001420  06 0c 20 00 00 75 00 1f 45 75 00 12 00 d0 49 02   |.. ..u..Eu....I.|
001430  0a 00 24 5f 44 0e 4b 08 10 00 0f 4a 00 26 2b 32   |..$_D.K....J.&+2|
001440  2e 10 00 0f 4a 00 26 2b 33 2e 10 00 0f 4a 00 26   |....J.&+3....J.&|
001450  2b 34 2e 10 00 0f 4a 00 26 2b 35 2e 10 00 00 4a   |+4....J.&+5....J|
001460  00 1f 47 4a 00 1d 49 46 75 5a 69 73 01 02 11 00   |..GJ..IFuZis....|
001470  0f 4c 00 27 2c 32 2e 11 00 0f 4c 00 27 2c 33 2e   |.L.',2....L.',3.|
001480  11 00 0f 4c 00 27 2c 34 2e 11 00 0f 4c 00 27 1c   |...L.',4....L.'.|
001490  35 4c 00 01 7c 01 1f 49 4c 00 1c 00 73 04 0b 7d   |5L..|..IL...s..}|
0014a0  01 03 12 00 0f 4e 00 28 2d 32 2e 12 00 0f 4e 00   |.....N.(-2....N.|
0014b0  28 2d 33 2e 12 00 0f 4e 00 28 2d 34 2e 12 00 0f   |(-3....N.(-4....|
0014c0  4e 00 28 2d 35 2e 12 00 0f 3f 12 11 0d 4e 00 00   |N.(-5....?...N..|
0014d0  3a 5c 0c 78 04 05 14 00 0f 52 00 2a 08 8c 01 05   |:\.x.....R.*....|
0014e0  14 00 0f 52 00 2a 08 90 01 05 14 00 0f 52 00 2a   |...R.*.......R.*|
0014f0  08 94 01 05 14 00 0f 52 00 2a 1e 35 52 00 02 9a   |.......R.*.5R...|
001500  01 1f 46 e1 4f 11 47 43 68 75 69 e1 4f 13 75 20   |..F.O.GChui.O.u |
001510  03 07 0f 00 0f 4b 00 28 2a 32 2e 0f 00 0f 4b 00   |.....K.(*2....K.|
001520  28 2a 33 2e 0f 00 0f 4b 00 28 2a 34 2e 0f 00 0f   |(*3....K.(*4....|
001530  4b 00 28 1a 35 4b 00 0f 77 01 29 2a 36 2e 0f 00   |K.(.5K..w.)*6...|
001540  0f 2e 53 16 17 44 e2 52 05 58 03 06 0e 00 0f 48   |..S..D.R.X.....H|
001550  00 26 29 32 2e 0e 00 0f 48 00 26 29 33 2e 0e 00   |.&)2....H.&)3...|
001560  0f 48 00 26 29 34 2e 0e 00 0f 48 00 26 29 35 2e   |.H.&)4....H.&)5.|
001570  0e 00 0f 48 00 17 26 75 6e 48 00 13 75 42 5b 06   |...H..&unH..uB[.|
001580  0e 00 0f 48 00 26 29 32 2e 0e 00 0f 48 00 26 29   |...H.&)2....H.&)|
001590  33 2e 0e 00 0f 48 00 26 29 34 2e 0e 00 0f 48 00   |3....H.&)4....H.|
0015a0  26 19 35 48 00 0f 1b 03 17 09 73 54 0b 6e 54 06   |&.5H......sT.nT.|
0015b0  69 54 0f 4b 00 24 2a 32 2e 0f 00 0f 4b 00 28 2a   |iT.K.$*2....K.(*|
0015c0  33 2e 0f 00 0f 4b 00 28 2a 34 2e 0f 00 0f 4b 00   |3....K.(*4....K.|
0015d0  28 2a 35 2e 0f 00 0f 75 57 26 29 32 2e 0e 00 0f   |(*5....uW&)2....|
0015e0  48 00 26 29 33 2e 0e 00 0f 48 00 26 29 34 2e 0e   |H.&)3....H.&)4..|
0015f0  00 0f 48 00 26 19 35 48 00 0f 20 01 27 29 36 2e   |..H.&.5H.. .')6.|
001600  0e 00 0f 95 58 2e 2d 32 2e 12 00 0f 54 00 2e 2d   |....X.-2....T..-|
001610  33 2e 12 00 0f 54 00 2e 2d 34 2e 12 00 0e a8 3d   |3....T..-4.....=|
001620  0e 54 00 02 82 76 71 42 65 69 2f 43 75 62 c7 08   |.T...vqBei/Cub..|
001630  83 5a 42 5f 4a 69 65 5a 68 72 08 07 0f 00 0f 50   |.ZB_JieZhr.....P|
001640  00 1b 00 4a 33 0a 50 00 1a 32 50 00 0f 48 01 12   |...J3.P..2P..H..|
001650  06 50 00 04 aa 2a 0a 54 00 2a 33 2e 0f 00 0f 2a   |.P...*.T.*3....*|
001660  1f 11 06 54 00 2b 54 69 a3 00 1a 34 4f 00 0f 43   |...T.+Ti...4O..C|
001670  01 1c 2c 47 61 9f 00 1a 35 50 00 0e 9c 0e 0f 93   |..,Ga...5P......|
001680  01 15 15 4b a0 0e 05 0d 00 0f 4c 00 1b 07 8f 01   |...K......L.....|
001690  15 4b a0 0e 05 0d 00 0f e8 00 1b 0b 8b 01 15 4b   |.K.............K|
0016a0  a4 0e 05 0d 00 0e 2a 05 0f 87 01 13 15 4b a3 0e   |......*......K..|
0016b0  05 0d 00 0f e7 00 1b 2a 47 61 97 00 18 35 4c 00   |.......*Ga...5L.|
0016c0  0e 19 0d 0f 7f 01 15 45 53 68 6f 75 a3 5c 08 10   |.......EShou.\..|
0016d0  00 0f 52 00 1b 07 85 01 04 42 00 1b 32 52 00 0e   |..R......B..2R..|
0016e0  08 3e 0f 8b 01 19 04 46 00 1b 33 56 00 0e 93 22   |.>.....F..3V..."|
0016f0  0f 91 01 14 04 41 00 1b 34 51 00 0e 1c 0d 0f 97   |.....A..4Q......|
001700  01 15 04 42 00 2b 35 2e 10 00 0f f9 00 1b 07 9d   |...B.+5.........|
001710  01 01 db 18 15 4c a7 66 0a 12 00 0f 56 00 1b 07   |.....L.f....V...|
001720  a1 01 06 44 00 2d 32 2e 12 00 0e 7b 1f 0f a5 01   |...D.-2....{....|
001730  18 06 48 00 2d 33 2e 12 00 0e 75 31 0f a9 01 13   |..H.-3....u1....|
001740  06 43 00 2d 34 2e 12 00 0f 05 01 1b 07 ad 01 06   |.C.-4...........|
001750  44 00 1d 35 56 00 0e ed 11 0f b1 01 17 17 65 ce   |D..5V.........e.|
001760  04 03 0e 00 0f 4e 00 1b 09 a9 01 17 65 d0 04 03   |.....N......e...|
001770  0e 00 0f 9f 02 1b 0d a1 01 17 65 d2 04 03 0e 00   |..........e.....|
001780  0e 35 25 0f 99 01 15 17 65 d4 04 03 0e 00 0f ed   |.5%.....e.......|
001790  00 1b 2b 47 61 9b 00 19 35 4e 00 0f 56 06 27 33   |..+Ga...5N..V.'3|
0017a0  59 69 46 1d 61 05 0d 00 0f 56 06 26 01 3f 00 18   |YiF.a....V.&.?..|
0017b0  32 4c 00 0f 56 06 2b 01 43 00 18 33 50 00 0f 56   |2L..V.+.C..3P..V|
0017c0  06 26 01 3e 00 18 34 4b 00 0f 56 06 27 01 3f 00   |.&.>..4K..V.'.?.|
0017d0  28 35 2e 0d 00 0f de 53 19 01 59 27 0b de 53 01   |(5.....S..Y'..S.|
0017e0  14 00 0e 43 54 0a 1a 00 0e 0b 55 0f 65 00 23 0d   |...CT.....U.e.#.|
0017f0  0b 55 06 19 00 0f c8 00 33 0e a6 54 09 1a 00 0f   |.U......3..T....|
001800  2f 26 11 05 0b 55 5c 61 6f 43 61 6f 0c 55 01 15   |/&...U\aoCao.U..|
001810  00 0e 72 55 0b 1b 00 0a 5e 6d 0f 68 00 29 0e 3d   |..rU....^m.h.).=|
001820  56 06 1a 00 0f ce 00 35 0e db 55 0a 1b 00 0f 74   |V......5..U....t|
001830  1e 11 04 68 00 1e 54 9b 01 02 d3 37 0e 64 02 0c   |...h..T....7.d..|
001840  1b 00 0e 02 02 0f 67 00 24 0d 34 01 07 1a 00 0f   |......g.$.4.....|
001850  cc 00 34 0e 33 01 0a 1b 00 00 67 00 1f 3f 8e 65   |..4.3.....g..?.e|
001860  1a 59 75 6f 42 61 2e 0e 00 00 44 00 1f 44 01 16   |.YuoBa....D..D..|
001870  13 42 51 69 74 61 a9 00 00 3b 00 15 50 70 31 02   |.BQita...;..Pp1.|
001880  0d 00 0e 3d 06 0f 49 00 17 05 be 2c 04 0f 00 0f   |...=..I....,....|
001890  4d 00 2a 1a 33 4d 00 0f 19 0a 12 0e 4d 00 21 4c   |M.*.3M......M.!L|
0018a0  69 32 39 00 31 01 0c 11 00 0f fe 2d 11 0d 51 00   |i29.1......-..Q.|
0018b0  00 ae 1f 38 4a 69 61 52 00 07 12 00 0f f8 05 11   |...8JiaR........|
0018c0  0e 53 00 00 4f 26 15 42 22 35 03 0e 00 0f d2 01   |.S..O&.B"5......|
0018d0  23 00 3d 00 38 48 75 2e 0d 00 00 49 00 1f 3e 49   |#.=.8Hu....I..>I|
0018e0  00 1e 15 57 7f 03 00 ad 6e 0f 8c 00 22 11 43 96   |...W....n...".C.|
0018f0  06 18 2e 0d 00 0f 09 28 34 02 71 04 17 4b 5f 00   |.......(4.q..K_.|
001900  0e 1d 00 04 6f 00 1f 6f f5 04 30 02 bd 00 0f fb   |....o..o..0.....|
001910  04 08 07 21 00 0a 97 73 0f cf 05 28 4e 61 6e 4d   |...!...s...(NanM|
001920  65 38 06 07 1c 00 0f 6a 00 35 11 4c c7 23 1f 2e   |e8.....j.5.L.#..|
001930  1c 00 08 0f 3d 06 35 10 4c 6f 20 1f 2e 1b 00 07   |....=.5.Lo .....|
001940  0f 68 00 36 3e 6f 75 54 0c 07 06 1b 00 00 68 00   |.h.6>ouT......h.|
001950  1f 69 68 00 30 38 4d 65 6e 85 02 0e 1e 00 0f 86   |.ih.08Men.......|
001960  02 3a 77 4e 65 69 41 6f 57 75 7f 3b 0f 21 00 07   |.:wNeiAoWu.;.!..|
001970  00 74 00 1f 6b 74 00 30 11 53 d9 02 0e 89 02 0c   |.t..kt.0.S......|
001980  1f 00 00 70 00 1f 75 70 00 39 0e 58 01 0e 24 00   |...p..up.9.X..$.|
001990  05 5e 01 1f 6d 7a 00 30 02 38 01 16 4a 0e 40 0f   |.^..mz.0.8..J.@.|
0019a0  20 00 06 0f 3e 02 34 00 14 0d 0e 53 04 0d 1e 00   | ...>.4....S....|
0019b0  0f ca 01 34 00 50 00 0f 3c 02 09 05 1f 00 0f b4   |...4.P..<.......|
0019c0  07 23 00 6b 06 07 4a 27 04 0f 00 0f 10 07 23 21   |.#.k..J'......#!|
0019d0  46 65 ee 2c 19 2e 0e 00 0f f2 09 11 06 08 0d b4   |Fe.,............|
0019e0  42 75 4c 75 6f 2f 59 65 4d 61 6e 0f 0d 00 0c 00   |BuLuo/YeMan.....|
0019f0  95 5f 53 48 5f 4c 76 31 5f 30 4b 0e 0a 16 00 0f   |._SH_Lv1_0K.....|
001a00  65 00 3b 05 64 0e 0a 16 00 0f 65 00 3b 05 79 0e   |e.;.d.....e.;.y.|
001a10  0a 16 00 0f 65 00 3b 05 93 0e 0a 16 00 0f 65 00   |....e.;.......e.|
001a20  38 1e 32 94 01 03 16 00 0f 65 00 3b 0e 94 01 01   |8.2......e.;....|
001a30  16 00 0f 65 00 3b 0e 94 01 01 16 00 0f 65 00 3b   |...e.;.......e.;|
001a40  1f 34 65 00 02 0f 94 01 39 1e 33 94 01 03 16 00   |.4e.....9.3.....|
001a50  0f 65 00 3b 0e 94 01 01 16 00 0f 65 00 3b 0e 94   |.e.;.......e.;..|
001a60  01 01 16 00 0f 65 00 3b 0e 94 01 01 16 00 0e 74   |.....e.;.......t|
001a70  2b 0f 65 00 21 5e 59 75 48 61 6e 97 01 0a 19 00   |+.e.!^YuHan.....|
001a80  0f 6b 00 3e 0a 9d 01 08 19 00 0f 6b 00 3e 0a a3   |.k.>.......k.>..|
001a90  01 08 19 00 0f 6b 00 3e 1f 34 6b 00 05 0f 40 03   |.....k.>.4k...@.|
001aa0  34 2e 5a 44 68 06 07 16 00 0f 65 00 3b 0a a3 01   |4.ZDh.....e.;...|
001ab0  05 16 00 0f 65 00 3b 0a 9d 01 05 16 00 0f 65 00   |....e.;.......e.|
001ac0  3b 1f 34 65 00 02 0f 94 01 39 0d 68 06 05 16 00   |;.4e.....9.h....|
001ad0  0f 65 00 3b 1f 32 65 00 02 0f 94 01 39 0d 68 06   |.e.;.2e.....9.h.|
001ae0  05 16 00 0f 65 00 3b 1f 34 65 00 02 0f 94 01 39   |....e.;.4e.....9|
001af0  0d d1 04 05 16 00 0f 65 00 3b 1f 32 65 00 02 0f   |.......e.;.2e...|
001b00  94 01 39 0d c5 04 05 16 00 0f 65 00 3b 0e 94 01   |..9.......e.;...|
001b10  05 bc 04 1f 63 65 00 1c 11 5a 51 4c 03 66 00 02   |....ce...ZQL.f..|
001b20  0d 00 0d 26 0b 0c 17 00 0f 68 00 3d 04 99 01 0c   |...&.....h.=....|
001b30  17 00 0f 68 00 3d 04 9c 01 0c 17 00 0f 68 00 3d   |...h.=.......h.=|
001b40  1f 34 68 00 03 0f a0 01 3b 07 ca 04 0c 17 00 0f   |.4h.....;.......|
001b50  68 00 3d 1f 32 68 00 03 0f a0 01 3b 07 d0 04 0c   |h.=.2h.....;....|
001b60  17 00 0f 68 00 3d 1f 34 68 00 03 0f a0 01 3b 07   |...h.=.4h.....;.|
001b70  d6 04 0c 17 00 0f 68 00 3d 1f 32 68 00 03 0f a0   |......h.=.2h....|
001b80  01 3b 07 dc 04 0c 17 00 0f 68 00 3d 0e a0 01 06   |.;.......h.=....|
001b90  e0 04 1f 69 68 00 30 0e 4a 0b 0f 1a 00 01 0f 6e   |...ih.0.J......n|
001ba0  00 40 0b a9 01 0c 4e 0b 0f 6e 00 3c 0b af 01 0c   |.@....N..n.<....|
001bb0  51 0b 0f 6e 00 3c 1f 34 6e 00 06 0f 58 03 36 0c   |Q..n.<.4n...X.6.|
001bc0  56 0b 0c 17 00 0f 68 00 3d 1e 32 68 00 0f 98 06   |V.....h.=.2h....|
001bd0  3a 0c 5c 0b 0c 17 00 0f 68 00 3d 1e 34 68 00 0f   |:.\.....h.=.4h..|
001be0  98 06 3a 0c 62 0b 0c 17 00 0f 68 00 3d 0e a0 01   |..:.b.....h.=...|
001bf0  0f 98 06 3b 0c 68 0b 0c 17 00 0f 68 00 3d 0e a0   |...;.h.....h.=..|
001c00  01 0f 98 06 3b 0c 6e 0b 0c 17 00 0f 68 00 3d 0e   |....;.n.....h.=.|
001c10  a0 01 0f 98 06 3b 0c 74 0b 0c 17 00 0f 68 00 3d   |.....;.t.....h.=|
001c20  0e a0 01 0f e0 04 27 00 45 49 14 4d 68 00 02 0d   |......'.EI.Mh...|
001c30  00 0d 78 0b 0c 17 00 0f 68 00 3d 06 d3 29 0a 17   |..x.....h.=..)..|
001c40  00 0f 68 00 3d 06 e5 29 0a 17 00 0f 68 00 3d 1f   |..h.=..)....h.=.|
001c50  34 68 00 03 0f a0 01 3b 07 e0 04 0c 17 00 0f 68   |4h.....;.......h|
001c60  00 3d 1f 32 68 00 03 0f a0 01 3b 07 e0 04 0c 17   |.=.2h.....;.....|
001c70  00 0f 68 00 3d 1f 34 68 00 03 0f a0 01 3b 07 e0   |..h.=.4h.....;..|
001c80  04 0c 17 00 0f 68 00 3d 1f 32 68 00 03 0f a0 01   |.....h.=.2h.....|
001c90  3b 07 e0 04 0c 17 00 0f 68 00 3d 0e a0 01 0e 78   |;.......h.=....x|
001ca0  0b 0f 68 00 29 0e 78 0b 0f 1a 00 01 0f 6e 00 40   |..h.).x......n.@|
001cb0  0b a9 01 0e 78 0b 0f 6e 00 3a 0b af 01 0e 78 0b   |....x..n.:....x.|
001cc0  0f 6e 00 3a 1f 34 6e 00 06 0f 58 03 36 0c 78 0b   |.n.:.4n...X.6.x.|
001cd0  0c 17 00 0f 68 00 3d 1e 32 68 00 0f 98 06 3a 0c   |....h.=.2h....:.|
001ce0  78 0b 0c 17 00 0f 68 00 3d 1e 34 68 00 0f 98 06   |x.....h.=.4h....|
001cf0  3a 0c 78 0b 0c 17 00 0f 68 00 3d 0e a0 01 0f 98   |:.x.....h.=.....|
001d00  06 3b 0c 78 0b 0c 17 00 0f 68 00 3d 0e a0 01 0f   |.;.x.....h.=....|
001d10  98 06 3b 0c 78 0b 0c 17 00 0f 68 00 3d 0e a0 01   |..;.x.....h.=...|
001d20  0f 98 06 3b 0c 78 0b 0c 17 00 0f 68 00 3d 0e a0   |...;.x.....h.=..|
001d30  01 06 e0 04 1f 6f 4f 28 1e 11 42 30 23 03 6c 22   |.....oO(..B0#.l"|
001d40  02 0d 00 07 e5 47 00 9b 03 1f 2e 1c 00 08 0f da   |.....G..........|
001d50  5c 21 00 1e 5b 00 25 5c 1e 2e 13 00 0e 18 18 0f   |\!..[.%\........|
001d60  d4 58 12 00 08 c5 8e 6f 4b 61 6f 52 6f 75 43 16   |.X.....oKaoRouC.|
001d70  65 0c 1e 00 0e e6 80 0f 7f 5a 14 11 59 ae 93 5c   |e........Z..Y..\|
001d80  52 6f 75 50 61 5f 60 09 1c 00 0f a8 57 22 7d 52   |RouPa_`.....W"}R|
001d90  65 4b 65 4b 65 2e 12 00 0f 95 58 21 00 75 4a 0d   |eKeKe.....X!.uJ.|
001da0  cd 5f 04 14 00 0f ed 5d 22 20 4d 69 6d 5c 00 bc   |._.....]" Mim\..|
001db0  4d 05 85 4f 0d 18 00 0f 53 95 11 0d 59 00 20 54   |M..O....S...Y. T|
001dc0  75 69 c5 4c 75 6e 4c 61 3d 5f 0a 1a 00 0f 1a 02   |ui.LunLa=_......|
001dd0  22 01 95 01 10 61 59 02 4d 4a 75 61 6e fe 5e 0d   |"....aY.MJuan.^.|
001de0  1e 00 0f 6c 01 22 00 39 00 0c bb 01 04 14 00 0f   |...l.".9........|
001df0  fb 5d 22 02 98 00 8b 58 69 59 6f 75 4c 65 69 6c   |.]"....XiYouLeil|
001e00  02 0d 1d 00 0f 3b 98 11 0d 63 00 30 48 61 69 11   |.....;...c.0Hai.|
001e10  36 01 8e 61 1a 46 30 03 0b 1b 00 0f 6b 5b 21 00   |6..a.F0.....k[!.|
001e20  0e 64 01 6b 02 1d 42 25 64 04 17 00 0f 84 03 22   |.d.k..B%d......"|
001e30  02 fc 00 02 b0 5f 1c 51 76 60 0b 1c 00 0f 99 04   |....._.Qv`......|
001e40  22 00 08 02 0b 38 6b 03 13 00 0f 07 01 21 00 ae   |"....8k......!..|
001e50  66 4c 5a 61 6f 59 7b 65 07 17 00 0f 8c 03 22 21   |fLZaoY{e......"!|
001e60  44 6f 85 52 0d e1 03 08 18 00 0f d0 66 1c 05 87   |Do.R........f...|
001e70  05 1d 65 78 6d 03 13 00 0f 29 4f 34 00 bc 28 2e   |..exm....)O4..(.|
001e80  4c 69 29 4f 08 1b 00 0f 9f 74 19 03 4c 75 4c 42   |Li)O.....t..LuLB|
001e90  6f 73 73 ae 05 20 43 68 ef 2f 1d 50 aa 05 04 18   |oss.. Ch./.P....|
001ea0  00 0e d2 00 0f 67 00 28 2a 5a 68 09 5b 0a 1a 00   |.....g.(*Zh.[...|
001eb0  0e 98 4f 0f 6b 00 28 3a 59 61 43 11 5b 0b 1b 00   |..O.k.(:YaC.[...|
001ec0  0f 71 5b 11 07 6f 08 00 68 00 09 ed 3e 05 4f 00   |.q[..o..h...>.O.|
001ed0  1f 2e 17 00 03 0e ed 77 0f 60 00 14 01 cc 3d 0c   |.......w.`....=.|
001ee0  5e 00 0a 15 00 0e c5 87 0f 5c 00 14 04 8e 3c 0c   |^........\....<.|
001ef0  5f 00 0d 18 00 0e 60 36 0f 62 00 14 06 41 3b 0c   |_.....`6.b...A;.|
001f00  64 00 1e 58 1a 00 0e 83 84 0f 66 00 16 1e 65 25   |d..X......f...e%|
001f10  01 0c 16 00 0f 82 01 26 01 f8 38 0c 5d 00 0a 15   |.......&..8.]...|
001f20  00 0f a8 6c 14 01 61 2d 04 f1 33 12 6f 89 5d 20   |...l..a-..3.o.] |
001f30  47 65 9d 6b 05 81 a6 0d 18 00 0f 98 6e 1c 05 f9   |Ge.k........n...|
001f40  71 00 3f 00 16 61 58 00 0a 15 00 0f 55 00 2c 0a   |q.?..aX.....U.,.|
001f50  7d 81 04 15 00 0f 55 00 2c 0a 7c 81 04 15 00 0f   |}.....U.,.|.....|
001f60  a1 8a 2f 01 cf 85 05 de 89 0e 16 00 0f af 8e 33   |../............3|
001f70  0e 97 32 09 1a 00 0e 07 38 0f 65 00 22 0e 66 33   |..2.....8.e.".f3|
001f80  0a 1b 00 0f 67 00 33 0e 37 34 0b 1b 00 0e 32 55   |....g.3.74....2U|
001f90  0f 67 00 21 00 2f 30 1e 55 4e 30 07 1e 00 05 4d   |.g.!./0.UN0....M|
001fa0  30 0f a0 01 30 0e cf 33 08 1a 00 0f a3 3e 11 09   |0...0..3.....>..|
001fb0  40 39 51 57 65 69 73 74 4f a9 1e 2e 13 00 00 4e   |@9QWeistO......N|
001fc0  00 1f 71 ba 06 1b 4b 53 70 65 63 65 ab ec 41 6e   |..q...KSpece..An|
001fd0  69 6d 61 6c 42 6f 64 79 5f 44 61 58 1a 68 0e 1e   |imalBody_DaX.h..|
001fe0  00 0e 18 14 0f 76 00 2c 29 45 59 2a 09 0a 1a 00   |.....v.,)EY*....|
001ff0  0e 34 33 0f 6e 00 2f 0a 59 04 0c 1c 00 00 72 00   |.43.n./.Y.....r.|
002000  1f 67 72 00 39 05 12 58 0e 19 00 0f de 00 3e 3a   |.gr.9..X......>:|
002010  58 69 4e 50 66 0c 1c 00 0e 88 10 0f 72 00 2c 3b   |XiNPf.......r.,;|
002020  50 75 54 01 6b 0d 1d 00 0f bf 6b 22 20 4c 6f 3b   |PuT.k.....k" Lo;|
002030  6a 4b 65 4c 61 6e 22 67 09 19 00 0f 17 69 22 00   |jKeLan"g.....i".|
002040  bb 5d 2b 4d 69 57 00 05 15 00 0f 83 0f 23 8b 65   |.]+MiW.......#.e|
002050  69 53 69 4b 61 45 72 56 00 08 18 00 0f 5f 7c 1c   |iSiKaErV....._|.|
002060  07 57 73 00 cc 35 1b 50 4e 9d 07 17 00 0e b0 0d   |.Ws..5.PN.......|
002070  0f 59 00 12 04 1c 42 0e 5d 00 0c 1b 00 0f 30 73   |.Y....B.].....0s|
002080  1c 07 63 74 0e 5c 00 07 16 00 00 57 00 1f 42 73   |..ct.\.....W..Bs|
002090  35 1e 35 51 69 4d 68 8f 01 0c 00 0f f9 a7 26 00   |5.5QiMh.......&.|
0020a0  4f 05 00 b4 35 4f 4d 61 6f 2e 15 00 01 0e f4 91   |O...5OMao.......|
0020b0  0e 59 00 40 46 75 6e 63 e4 a4 05 56 00 04 11 00   |.Y.@Func...V....|
0020c0  80 5f 4b 65 4a 69 58 69 44 fe 00 0f 1c 00 08 0f   |._KeJiXiD.......|
0020d0  2f 0a 20 1a 32 13 0c 00 14 00 0c 07 4c 02 14 00   |/. .2.......L...|
0020e0  0e 24 67 0f 5c 00 16 01 fa 0b 09 5a 00 07 12 00   |.$g.\......Z....|
0020f0  0f 41 0b 20 1b 32 0b 0c 09 5b 00 0a 15 00 0f 67   |.A. .2...[.....g|
002100  0c 20 1d 32 07 0c 09 60 00 0c 17 00 0f 69 48 1b   |. .2...`.....iH.|
002110  0b 62 00 1c 65 19 01 08 13 00 0f 72 01 28 01 ea   |.b..e......r.(..|
002120  0b 09 59 00 07 12 00 0f 26 02 20 1e 33 26 02 0c   |..Y.....&. .3&..|
002130  d9 4d 02 14 00 0f b4 00 20 1d 33 26 02 2d 33 2e   |.M...... .3&.-3.|
002140  12 00 0f 26 02 20 1e 33 26 02 06 5b 00 0a 15 00   |...&. .3&..[....|
002150  0f 26 02 20 1e 33 26 02 08 60 00 0c 17 00 0f 26   |.&. .3&..`.....&|
002160  02 20 1e 33 26 02 0a f1 48 0f 72 01 2e 06 14 02   |. .3&...H.r.....|
002170  2d 33 2e 12 00 0f 26 02 20 1e 34 26 02 0c b0 4f   |-3....&. .4&...O|
002180  02 14 00 0f b4 00 20 1d 34 26 02 2d 34 2e 12 00   |...... .4&.-4...|
002190  0f 26 02 20 1e 34 26 02 06 5b 00 0a 15 00 0f 26   |.&. .4&..[.....&|
0021a0  02 20 1e 34 26 02 08 60 00 0c 17 00 0f 26 02 20   |. .4&..`.....&. |
0021b0  1e 34 26 02 0a ca 4a 0f 72 01 2e 06 14 02 2d 34   |.4&...J.r.....-4|
0021c0  2e 12 00 0f 26 02 20 1e 35 26 02 0c 86 51 02 14   |....&. .5&...Q..|
0021d0  00 0f b4 00 20 1d 35 26 02 2d 35 2e 12 00 0f 26   |.... .5&.-5....&|
0021e0  02 20 1e 35 26 02 06 5b 00 0a 15 00 0f 26 02 20   |. .5&..[.....&. |
0021f0  1e 35 26 02 08 60 00 0c 17 00 0f 26 02 20 1e 35   |.5&..`.....&. .5|
002200  26 02 0a a2 4c 0f 72 01 2e 06 14 02 09 7b 4b 06   |&...L.r......{K.|
002210  58 00 1f 5e 16 15 2b 00 61 79 5a 69 57 61 5f 47   |X..^..+.ayZiWa_G|
002220  12 0b 05 16 00 0f 63 00 38 0a 49 16 06 16 00 0f   |......c.8.I.....|
002230  ae 16 30 04 4d 00 0c 45 16 08 18 00 0e 9b 9d 0f   |..0.M..E........|
002240  43 16 20 10 4e 3a 40 0a 2c 01 05 15 00 0f 76 17   |C. .N:@.,.....v.|
002250  32 00 4c 00 00 01 7a 0b 45 82 07 18 00 0e c7 9b   |2.L...z.E.......|
002260  0f 67 00 25 0e 73 17 05 17 00 0f 2d 01 31 10 75   |.g.%.s.....-.1.u|
002270  6f ce 0c 2d 01 04 15 00 0f 61 00 37 2e 50 69 61   |o..-.....a.7.Pia|
002280  00 0f 56 02 33 03 4c 00 0e 2f 18 07 18 00 0f 04   |..V.3.L../......|
002290  19 30 10 4d d5 0e 03 b7 11 0b 87 03 09 1a 00 0f   |.0.M............|
0022a0  6b 00 3c 0b 8f 03 09 1a 00 0e 83 6b 0f 6b 00 2a   |k.<........k.k.*|
0022b0  0d 42 01 0d 1d 00 0f 1f 0e 2a 00 17 1d 17 44 c2   |.B.......*....D.|
0022c0  0d 08 15 00 0f 2b 72 36 01 73 1c 1e 46 2b 72 0a   |.....+r6.s..F+r.|
0022d0  1d 00 0f a3 6a 34 26 54 75 22 78 0c 17 00 0f 36   |....j4&Tu"x....6|
0022e0  6a 34 1a 42 9e 46 0e 1a 00 0e 62 1e 0f 60 6e 24   |j4.B.F....b..`n$|
0022f0  0f 46 71 02 1f 4e 43 71 37 20 46 65 4f 23 04 21   |.Fq..NCq7 FeO#.!|
002300  1e 0e 19 00 00 67 00 1f 6e bf 73 33 10 4c d1 1f   |.....g..n.s3.L..|
002310  0e 6d 00 0d 1f 00 0f a4 01 34 10 4e 2f df 06 ae   |.m.......4.N/...|
002320  76 0e 1a 00 0f 43 01 35 5e 51 69 65 47 65 68 00   |v....C.5^QieGeh.|
002330  05 19 00 0f 22 6f 36 10 65 72 09 1e 75 3d 6c 08   |...."o6.er..u=l.|
002340  1c 00 0f 29 1f 34 39 43 68 65 32 4e 0f 1b 00 01   |...).49Che2N....|
002350  0f d8 00 34 22 4a 69 49 0a 0e 57 6e 08 1c 00 0f   |...4"JiI..Wn....|
002360  d4 0b 11 01 20 d5 07 29 05 00 10 00 13 5f 6a 05   |.... ..)....._j.|
002370  19 30 c0 1b 0a 1a 00 0f 5c 00 2e 09 6e 17 0a 1a   |.0......\...n...|
002380  00 0e 62 13 0f 5c 00 14 00 13 06 0f bc 00 07 09   |..b..\..........|
002390  1e 00 0e de 0b 0f 64 00 14 51 54 61 69 59 61 17   |......d..QTaiYa.|
0023a0  d8 0e 63 00 09 1d 00 0f 62 00 31 0e 25 01 08 1d   |..c.....b.1.%...|
0023b0  00 0f 62 00 31 1f 33 62 00 09 0f ee 10 12 01 26   |..b.1.3b.......&|
0023c0  07 02 d3 4c 08 69 66 05 12 00 07 bd 64 07 14 00   |...L.if.....d...|
0023d0  0f 5a 00 32 06 32 62 07 14 00 0f 5a 00 32 2e 33   |.Z.2.2b....Z.2.3|
0023e0  2e 14 00 0f 0e 01 33 06 3e 62 07 14 00 0f 5a 00   |......3.>b....Z.|
0023f0  32 1e 35 5a 00 02 b2 0d 1f 4c 25 68 13 01 55 2a   |2.5Z.....L%h..U*|
002400  06 1a 68 06 8e c4 09 11 00 0f 51 00 2c 2c 32 2e   |..h.......Q.,,2.|
002410  11 00 0f 51 00 2c 2c 33 2e 11 00 0f 51 00 2c 2c   |...Q.,,3....Q.,,|
002420  34 2e 11 00 0f 51 00 2c 1c 35 51 00 0f c7 5a 1a   |4....Q.,.5Q...Z.|
002430  0a 36 1e 20 59 75 f7 07 00 a9 10 3c 4a 69 51 53   |.6. Yu.....<JiQS|
002440  1e 0a 1d 00 0f c4 8d 14 07 65 00 00 1f 0b 01 16   |.........e......|
002450  7c 5e 44 69 43 69 2e 14 00 0f 6a 78 37 3e 61 59   ||^DiCi....jx7>aY|
002460  6f eb 7a 07 1a 00 0e 14 51 0f 18 2d 25 06 0b 7c   |o.z.....Q..-%..||
002470  0d 17 2d 09 1b 00 0f 72 00 43 2f 32 2e 1b 00 07   |..-....r.C/2....|
002480  0f 72 00 43 2f 33 2e 1b 00 07 0f dc 84 1c 07 7a   |.r.C/3.........z|
002490  9b 0b 63 92 02 12 00 0f 00 1c 24 02 b1 97 0c 53   |..c.......$....S|
0024a0  00 06 16 00 0e 1e 2b 0f 57 00 18 12 4c 4b 0c 0e   |......+.W...LK..|
0024b0  ca 99 05 1a 00 0f b6 c6 29 08 a5 57 01 2f de 05   |........)..W./..|
0024c0  59 de 1f 2e 21 00 0d 0f 70 c0 2d 08 49 70 05 14   |Y...!...p.-.Ip..|
0024d0  00 0f 55 00 2d 1e 33 55 00 0f d8 67 13 0e 55 00   |..U.-.3U...g..U.|
0024e0  2b 44 61 a9 6c 04 11 00 0f 4f 00 2a 2c 32 2e 11   |+Da.l....O.*,2..|
0024f0  00 0f 4f 00 2a 2c 33 2e 11 00 0f 42 01 23 5b 53   |..O.*,3....B.#[S|
002500  75 53 68 65 f0 00 07 14 00 0f 55 00 2d 07 d7 08   |uShe......U.-...|
002510  06 14 00 0f 0b a8 23 04 04 03 4a 45 67 67 2e 0f   |......#...JEgg..|
002520  00 0f 1f 06 1f 05 63 60 25 69 53 90 0e 09 14 00   |......c`%iS.....|
002530  0f 11 04 14 0e 53 00 00 02 14 16 4a 1e 2e 0b 16   |.....S.....J....|
002540  00 0f 9b b6 33 2e 50 61 83 25 05 19 00 0f 43 29   |....3.Pa.%....C)|
002550  1f 05 18 07 21 42 75 cb 80 04 5c 06 0d 18 00 0f   |....!Bu...\.....|
002560  5b 00 2f 04 45 06 0d 18 00 0f 2b 17 19 0e af 23   |[./.E.....+....#|
002570  00 2e c0 7a 61 6c 42 6c 6f 63 6b a9 29 08 18 00   |...zalBlock.)...|
002580  0f 63 00 37 0a cb 0c 07 18 00 0e 99 15 0f 63 00   |.c.7..........c.|
002590  1f 4e 50 61 72 74 c5 00 03 17 00 0f 61 00 36 0e   |.NPart......a.6.|
0025a0  c3 00 02 17 00 0f bc 60 25 58 61 4c 75 6e 2e 0d   |.......`%XaLun..|
0025b0  00 0f 65 26 19 0a 70 2a 0e 7d b3 0d 53 b4 0b 1b   |..e&..p*.}..S...|
0025c0  00 0f dc 2a 27 0a 04 b1 0d 67 00 05 16 00 0f 1d   |...*'....g......|
0025d0  b5 27 0b 87 b3 0c 63 00 07 17 00 0f 64 00 30 02   |.'....c.....d.0.|
0025e0  81 b2 0d 64 00 06 17 00 0e db 28 0f 64 00 1e 07   |...d......(.d...|
0025f0  af b4 0d 69 00 0b 1c 00 0e ee 2e 0f 6e 00 1e 03   |...i........n...|
002600  62 b4 0d 6a 00 07 18 00 0f 66 00 2f 04 4e b2 0c   |b..j.....f./.N..|
002610  66 00 08 18 00 0e 47 39 0f 66 00 1f 03 c3 b3 0e   |f.....G9.f......|
002620  67 00 07 19 00 0f 98 0c 34 10 46 a8 ee 06 8f d5   |g.......4.F.....|
002630  1e 47 1a 00 0f da 37 25 3a 4a 69 44 94 0a 04 14   |.G....7%:JiD....|
002640  00 0f a1 b8 27 09 99 b5 0d 85 03 04 15 00 0f 8b   |....'...........|
002650  08 16 00 4b 81 0a 8f 79 00 12 00 0c 0b 7b 02 14   |...K...y.....{..|
002660  00 0f 3c 19 16 09 55 00 03 fd 0e 0b 57 00 09 16   |..<...U.....W...|
002670  00 0e 94 08 0f 59 00 13 1e 6f 56 00 1f 6f 53 00   |.....Y...oV..oS.|
002680  2b 1e 75 a9 00 05 13 00 0f 54 01 23 01 c6 09 0b   |+.u......T.#....|
002690  54 00 07 14 00 0f a8 00 23 1e 4d fb 00 19 4d fb   |T.......#.M...M.|
0026a0  00 1f 56 53 00 1e 04 d4 74 0b 57 00 0a 17 00 0f   |..VS....t.W.....|
0026b0  fd d0 16 09 5b 00 06 97 12 0b 5d 00 0c 19 00 0f   |....[.....].....|
0026c0  19 21 1b 04 64 00 06 77 22 06 5f 00 0c 14 00 0f   |.!..d..w"._.....|
0026d0  9f 6f 1b 07 5a 00 01 77 22 09 58 00 07 12 00 0f   |.o..Z..w".X.....|
0026e0  3d 23 1b 07 56 00 04 72 22 09 59 00 0a 15 00 0f   |=#..V..r".Y.....|
0026f0  1c 36 1b 07 5c 00 06 6e 22 09 5e 00 0c 17 00 0f   |.6..\..n".^.....|
002700  2b 22 1b 09 60 00 1c 65 13 01 08 13 00 0f 6a 01   |+"..`..e......j.|
002710  26 01 6f 22 09 57 00 07 12 00 0f 40 19 33 00 ef   |&.o".W.....@.3..|
002720  0e 4e 69 4a 69 65 d5 38 09 1c 00 0f 1c 9f 26 1b   |.NiJie.8......&.|
002730  4a a6 34 02 12 00 0f 1e 89 29 04 b3 0c 48 46 61   |J.4......)...HFa|
002740  4d 75 e7 87 0d 18 00 0f ee 89 36 00 13 6a 0e ee   |Mu........6..j..|
002750  89 08 1b 00 0f 33 d3 16 09 32 d2 4f 43 75 69 44   |.....3...2.OCuiD|
002760  38 d2 01 0f 3a d2 03 1f 31 65 00 3c 07 92 d9 07   |8...:...1e.<....|
002770  15 00 0f fc d2 34 2e 32 2e 13 00 0f c0 00 3a 1e   |.....4.2......:.|
002780  32 25 01 01 15 00 0f 65 00 3c 0f c8 00 02 0f 25   |2%.....e.<.....%|
002790  01 35 2e 33 2e 13 00 0f c0 00 3a 1e 33 25 01 01   |.5.3......:.3%..|
0027a0  15 00 0f 65 00 3c 1f 32 65 00 01 0f 25 01 35 2e   |...e.<.2e...%.5.|
0027b0  34 2e 13 00 0f c0 00 3a 1e 34 25 01 01 15 00 0f   |4......:.4%.....|
0027c0  65 00 3c 1f 32 65 00 01 0f 25 01 35 2e 35 2e 13   |e.<.2e...%.5.5..|
0027d0  00 0f c0 00 3a 1e 35 25 01 01 15 00 0f 65 00 3c   |....:.5%.....e.<|
0027e0  1f 32 65 00 01 0f 25 01 35 2e 36 2e 13 00 0f c0   |.2e...%.5.6.....|
0027f0  00 3a 1e 36 25 01 01 15 00 0f 65 00 3c 0e 25 01   |.:.6%.....e.<.%.|
002800  00 15 00 0e ba 91 0f 25 01 22 23 44 75 09 92 4f   |.......%."#Du..O|
002810  42 69 67 2e 1e 00 0a 0e 80 08 0f 71 00 22 6e 48   |Big........q."nH|
002820  65 69 54 69 65 6f 00 0a 1c 00 0f de 00 34 04 b7   |eiTieo.......4..|
002830  35 0e 6f 00 0c 1e 00 0f ee 6a 11 36 4b 65 79 63   |5.o......j.6Keyc|
002840  00 3b 4b 65 79 f4 de 04 12 00 0f 51 47 11 0d 4b   |.;Key......QG..K|
002850  00 0b 87 de 05 13 00 0f 61 13 11 0d 4d 00 09 b9   |........a...M...|
002860  dd 03 11 00 0f d2 09 11 0d 49 00 0c a9 dd 06 14   |.........I......|
002870  00 0f d5 a0 23 20 75 52 95 9b 1b 6e 97 47 07 17   |....# uR...n.G..|
002880  00 0e 61 0e 0f 53 49 17 0b 7a 9d 06 16 00 0f 22   |..a..SI..z....."|
002890  a7 23 6a 61 44 61 69 43 68 e3 2c 03 14 00 0f 48   |.#jaDaiCh.,....H|
0028a0  4a 25 00 23 2d 1e 2e 13 00 0f 4c 01 22 01 3d 46   |J%.#-.....L.".=F|
0028b0  00 a5 a4 19 4c a3 00 07 17 00 0f 66 3a 22 7e 48   |....L......f:"~H|
0028c0  75 6e 48 65 47 75 69 a5 09 19 00 0e 01 01 0f 94   |unHeGui.........|
0028d0  b9 10 05 c0 12 3a 65 61 2e 0f 00 0f d1 d1 22 05   |.....:ea......".|
0028e0  99 00 5c 65 72 62 73 2e 11 00 0f df a1 25 1e 61   |..\erbs......%.a|
0028f0  b6 a9 05 15 00 0f ad 3e 11 0d 54 00 00 6e 04 1d   |.......>..T..n..|
002900  42 b8 af 1e 42 e9 38 0f d3 a2 16 33 47 61 6f a7   |B...B.8....3Gao.|
002910  41 1f 2e 19 00 05 0f 55 c8 19 0e 32 1b 01 8b c1   |A......U...2....|
002920  49 54 68 69 63 d9 d5 06 16 00 0e 40 17 0f 5e 00   |IThic......@..^.|
002930  23 0e 57 c2 04 18 00 0f 62 00 36 1f 33 62 00 04   |#.W.....b.6.3b..|
002940  0e 78 0b 0f f7 3d 17 00 47 00 0d 6f 00 0a d4 3e   |.x...=..G..o...>|
002950  03 13 00 0e 18 2f 0f 65 00 2b 2e 53 68 dd c3 03   |...../.e.+.Sh...|
002960  7d 1c 1f 76 67 00 38 02 23 01 1e 44 fc 40 0e 1e   |}..vg.8.#..D.@..|
002970  00 0e f0 2b 0f 7b 00 31 0b 01 41 0a 1a 00 0e c6   |...+.{.1..A.....|
002980  20 0f 73 00 31 0d 28 40 0c 1c 00 0f da bf 23 07   | .s.1.(@......#.|
002990  68 d4 2b 6c 2e 10 00 0f 6a b2 24 03 28 bd 0a 92   |h.+l....j.$.(...|
0029a0  1b 03 14 00 0f 53 00 2b 0a 11 29 03 14 00 0f 5e   |.....S.+..)....^|
0029b0  46 24 41 58 69 53 68 23 02 1e 2e 15 00 0f db b7   |F$AXiSh#........|
0029c0  1e 0a 71 be 2e 32 2e 13 00 0f 51 00 2a 2e 33 2e   |..q..2....Q.*.3.|
0029d0  13 00 0f 51 00 24 3c 48 6f 75 3a be 03 13 00 0f   |...Q.$<Hou:.....|
0029e0  48 01 24 04 3e 00 0b 74 c4 03 15 00 0f 55 00 2c   |H.$.>..t.....U.,|
0029f0  0a 1e 05 04 15 00 0f e7 be 29 09 52 00 0f 4f 00   |.........).R..O.|
002a00  2f 1d 34 4f 00 1f 34 83 b8 24 11 52 cc 32 0a db   |/.4O..4..$.R.2..|
002a10  4e 04 14 00 0f 03 44 3e 3b 4d 61 6e ab 05 0d 1d   |N.....D>;Man....|
002a20  00 0f 82 87 1b 05 4c 25 01 03 96 64 5a 5f 44 75   |......L%...dZ_Du|
002a30  4b 61 83 23 07 0f 00 0f 55 00 32 2a 32 2e 0f 00   |Ka.#....U.2*2...|
002a40  0f 55 00 32 2a 33 2e 0f 00 0e f3 0a 0f 55 00 19   |.U.2*3.......U..|
002a50  39 48 61 6e 00 01 05 10 00 0f 57 00 33 2b 32 2e   |9Han......W.3+2.|
002a60  10 00 0f 57 00 33 2b 33 2e 10 00 0f 5a 01 2b 10   |...W.3+3....Z.+.|
002a70  4e ac 17 03 59 87 07 0f 00 0f 55 00 32 2a 32 2e   |N...Y.....U.2*2.|
002a80  0f 00 0f 55 00 32 1a 33 55 00 0f 8e 90 17 0c 50   |...U.2.3U......P|
002a90  00 20 53 68 4f b2 01 65 4d 0c 11 00 0f 54 00 2f   |. ShO..eM....T./|
002aa0  2c 32 2e 11 00 0f 54 00 2f 1c 33 54 00 0e 26 f2   |,2....T./.3T..&.|
002ab0  0f 51 01 1a 01 a4 06 23 59 69 a4 2e 09 11 00 0f   |.Q.....#Yi......|
002ac0  59 00 34 2c 32 2e 11 00 0f 59 00 34 1c 33 59 00   |Y.4,2....Y.4.3Y.|
002ad0  0e fd 41 0f 5f 01 15 00 15 00 0b 05 03 08 13 00   |..A._...........|
002ae0  0f 58 00 31 2e 32 2e 13 00 0f 58 00 31 1e 33 58   |.X.1.2....X.1.3X|
002af0  00 0f 13 05 2c 1b 59 13 05 1f 59 13 05 33 1b 59   |....,.Y...Y..3.Y|
002b00  13 05 05 10 00 0f 8e e3 22 06 b5 b5 3a 63 71 75   |........"...:cqu|
002b10  9c cb 03 13 00 0f 47 ec 25 06 7c bc 3b 6c 63 2e   |......G.%.|.;lc.|
002b20  10 00 0f bb e7 25 05 bc 07 69 73 62 65 73 74 6f   |.....%...isbesto|
002b30  64 10 04 14 00 0f 09 2e 24 01 85 b2 00 69 34 09   |d.......$....i4.|
002b40  0a 11 06 16 00 0f 4a 3b 23 0c 9d ac 02 25 3b 00   |......J;#....%;.|
002b50  5f 02 0c 1f a5 0b 1a 00 0e 5b 1e 0f 6f 00 26 0c   |_........[..o.&.|
002b60  a6 1d 0e 19 00 0e 47 39 0f 6d 00 26 3e 47 75 43   |......G9.m.&>GuC|
002b70  6a 00 03 16 00 0e 8a 3a 0f 67 00 26 12 59 bc b1   |j......:.g.&.Y..|
002b80  0e d7 00 0b 1c 00 0f b6 01 38 5e 57 61 4a 75 65   |.........8^WaJue|
002b90  71 00 09 1a 00 0f 89 04 11 04 7c 02 39 53 65 53   |q.........|.9SeS|
002ba0  33 15 00 10 00 2b 5f 42 42 12 03 14 00 0e 99 12   |3....+_BB.......|
002bb0  0f 58 00 1c 1d 43 0d bb 05 16 00 0f b4 00 2e 0b   |.X...C..........|
002bc0  f0 59 04 14 00 0e 73 21 0f 58 00 1c 3e 48 65 2e   |.Y....s!.X..>He.|
002bd0  13 00 0f ae 00 2e 1a 48 3c bf 04 14 00 0e e5 23   |.......H<......#|
002be0  0f 58 00 1d 0b 62 50 05 15 00 0f bc 01 2e 17 48   |.X...bP........H|
002bf0  d3 31 0b 16 00 0f 0e 01 2f 0b 0f c5 03 14 00 0f   |.1....../.......|
002c00  58 00 2e 1b 4c 44 61 03 14 00 0f 14 02 2e 3e 4c   |X...LDa.......>L|
002c10  76 2e 13 00 0f bc 01 2e 1b 51 d9 5f 05 15 00 0f   |v........Q._....|
002c20  b0 00 2e 3e 5a 69 2e 13 00 0f c9 10 1e 00 a6 0a   |...>Zi..........|
002c30  21 43 68 ec 50 3e 5f 30 2e 13 00 0e f3 06 0f 5e   |!Ch.P>_0.......^|
002c40  50 1c 11 46 cc 59 0c 14 00 0f 9a 87 35 02 6d 3e   |P..F.Y......5.m>|
002c50  1e 48 ab 8a 09 1e 00 0e 2c 24 0f 59 31 21 0f 6c   |.H......,$.Y1!.l|
002c60  00 05 09 1d 00 0e a0 94 0f 30 0a 13 00 ec cc 20   |.........0..... |
002c70  58 75 94 2b 0a 0f 00 0f 50 00 2d 1a 32 50 00 0f   |Xu.+....P.-.2P..|
002c80  df 0c 29 35 75 69 4d 2a 3b 09 11 00 0f 54 00 2f   |..)5uiM*;....T./|
002c90  1c 32 54 00 0e da aa 0f 54 00 15 36 4d 61 42 2b   |.2T.....T..6MaB+|
002ca0  0e 02 0d 00 0f 4c 00 2b 18 32 4c 00 0e c5 31 0f   |.....L.+.2L...1.|
002cb0  4b 02 1b 00 e2 00 2e 57 75 cd 92 06 18 00 0f 9b   |K......Wu.......|
002cc0  1e 11 02 73 37 17 2f f3 3e 01 d1 3e 05 a8 3f 03   |...s7./.>..>..?.|
002cd0  0e 00 0f 4b 00 29 29 32 2e 0e 00 0f 45 35 27 26   |...K.))2....E5'&|
002ce0  4d 61 14 56 09 14 00 0f 4d 0b 27 02 4a cc 1f 32   |Ma.V....M.'.J..2|
002cf0  60 cc 02 0f 3a 69 12 03 97 09 03 06 bc 0b fd ad   |`...:i..........|
002d00  01 80 29 04 40 bc 0f 1b 00 07 0e d4 8f 0f 68 00   |..).@.........h.|
002d10  18 15 46 53 2b 0e 69 00 0d 1c 00 0e 2d 33 0f 6a   |..FS+.i.....-3.j|
002d20  00 18 02 bf ab 0f 6b 00 04 0e 1d 00 0e c4 8c 0f   |......k.........|
002d30  6c 00 18 04 93 aa 0e 6e 00 0f 1f 00 06 0f 02 43   |l......n.......C|
002d40  11 01 9b 03 07 6e 00 0b c8 39 07 69 00 0f 1a 00   |.....n...9.i....|
002d50  03 0f 74 40 16 0e 64 00 19 75 c8 00 0d 15 00 0e   |..t@..d..u......|
002d60  98 4f 0f 5a 00 14 2e 44 61 bb 00 0d 17 00 0f 5e   |.O.Z...Da......^|
002d70  00 28 01 6b 30 0e 5e 00 08 17 00 0f d9 10 16 0e   |.(.k0.^.........|
002d80  5e 00 2e 6f 5f 5b 00 1f 6f 58 00 2f 1e 75 b3 00   |^..o_[..oX./.u..|
002d90  07 14 00 0f c6 01 26 0e 6a 01 0b 15 00 0f b2 00   |......&.j.......|
002da0  26 1e 4d 0a 01 08 14 00 0e d1 2e 0f 58 00 14 04   |&.M.........X...|
002db0  83 30 0c 5c 00 0b 18 00 0f 3c 03 26 06 86 30 0c   |.0.\.....<.&..0.|
002dc0  62 00 0d 1a 00 0f 64 00 27 05 d1 3b 0d 64 00 0c   |b.....d.'..;.d..|
002dd0  1a 00 0f d5 34 11 06 b4 12 07 69 00 0b f4 30 07   |....4.....i...0.|
002de0  69 00 0f 1a 00 03 0f da 85 1b 0a 69 00 1e 4b b2   |i..........i..K.|
002df0  05 0f 18 00 03 0f 01 8b 1b 0a 65 00 09 11 31 0a   |..........e...1.|
002e00  68 00 0f 1b 00 01 0e 82 10 0f 6b 00 17 0b 1e 31   |h.........k....1|
002e10  0a 6d 00 0f 1d 00 03 0e cb 11 0f 6f 00 19 1e 65   |.m.........o...e|
002e20  40 01 0e 19 00 0f a6 01 2d 06 41 31 0a 66 00 0d   |@.......-.A1.f..|
002e30  18 00 0f 5f 31 34 00 2f 37 4e 4e 75 61 6e e3 43   |..._14./7NNuan.C|
002e40  08 1c 00 0f 2a 4f 38 4e 67 57 65 6e ad 30 0a 1d   |....*O8NgWen.0..|
002e50  00 0f fe 42 25 3b 65 69 5a 01 27 01 12 00 0f b8   |...B%;eiZ.'.....|
002e60  5f 28 0e 2f d2 08 17 00 0f 6c 20 26 00 e7 52 0b   |_(./.....l &..R.|
002e70  b8 10 05 15 00 0f 31 1e 24 01 40 00 29 54 69 17   |......1.$.@.)Ti.|
002e80  12 04 14 00 0f a8 00 29 0c 1d 62 05 15 00 0f 64   |.......)..b....d|
002e90  1b 2b 00 1c 14 16 59 09 19 04 0f 00 0f 55 00 32   |.+....Y......U.2|
002ea0  2a 32 2e 0f 00 0f 55 00 32 2a 33 2e 0f 00 0e ae   |*2....U.2*3.....|
002eb0  28 0f 55 00 19 20 4a 69 56 1f 08 01 19 07 12 00   |(.U.. JiV.......|
002ec0  0f 5b 00 35 1d 32 5b 00 0f 0b 01 2c 02 19 bf 05   |.[.5.2[....,....|
002ed0  b3 00 04 0f 00 0f 55 00 32 1a 32 55 00 0f aa 00   |......U.2.2U....|
002ee0  33 2a 33 2e 0f 00 0f 5b 19 2e 69 6d 65 74 68 79   |3*3....[..imethy|
002ef0  73 f5 e4 04 14 00 0f 5c 00 31 1b 72 9b fa 04 14   |s......\.1.r....|
002f00  00 0e 6e 40 0f 5c 00 1b f9 00 43 72 79 73 74 61   |..n@.\....Crysta|
002f10  6c 5f 54 69 74 61 6e 69 75 b8 e4 0c 1c 00 0e e8   |l_Titaniu.......|
002f20  3c 0f 6c 00 1b 03 6b 22 0b ba ff 06 16 00 0f 32   |<.l...k".......2|
002f30  3a 32 0b 2f 63 02 14 00 0f 5a 00 32 0b 63 61 02   |:2./c....Z.2.ca.|
002f40  14 00 0f 8c 3a 30 2d 32 2e 12 00 0f 56 00 30 2d   |....:0-2....V.0-|
002f50  33 2e 12 00 0f e2 3a 33 0c db 63 06 b2 00 0f 5c   |3.....:3..c....\|
002f60  00 2f 0c 11 62 06 b8 00 0f 3e 3b 31 0e 35 64 06   |./..b....>;1.5d.|
002f70  bc 00 0f 60 00 31 0e 6f 62 06 c0 00 0f 9e 3b 2d   |...`.1.ob.....;-|
002f80  2e 32 2e 13 00 0f 58 00 31 2e 33 2e 13 00 0f f6   |.2....X.1.3.....|
002f90  3b 30 2d 32 2e 12 00 0f 56 00 30 2d 33 2e 12 00   |;0-2....V.0-3...|
002fa0  0f 1c 41 2d 0b dc bb 06 ab 00 0f 55 00 29 0b e6   |..A-.......U.)..|
002fb0  bb 06 aa 00 0f 71 41 2b 0d 77 51 06 ae 00 0f 59   |.....qA+.wQ....Y|
002fc0  00 2b 0d 7f 51 06 b2 00 0f ca 41 28 2e 32 2e 13   |.+..Q.....A(.2..|
002fd0  00 0f 53 00 2c 2e 33 2e 13 00 0f 1d 42 2c 0a b8   |..S.,.3.....B,..|
002fe0  ba 0f a6 00 2a 1e 75 4f 01 05 13 00 0f 70 42 2d   |....*.uO.....pB-|
002ff0  0b f2 b9 0f a8 02 29 06 41 00 0b fc b9 0f 50 01   |......).A.....P.|
003000  29 1e 4d f6 01 1f 4d f6 01 2c 1e 4d f6 01 06 13   |).M...M..,.M....|
003010  00 0f 18 43 30 0e ab b8 06 ae 00 0f 5b 00 2c 0e   |...C0.......[.,.|
003020  b2 b8 06 b6 00 0f 73 43 2e 0e 31 57 08 ba 00 0f   |......sC..1W....|
003030  5f 00 2e 0e 36 57 08 be 00 0f d3 59 2e 1f 32 d3   |_...6W.....Y..2.|
003040  59 0a 0e cd 04 0f 6a 4d 18 36 61 6f 47 80 4e 0c   |Y.....jM.6aoG.N.|
003050  17 00 0f 31 1a 29 29 33 2e 0e 00 0f 92 ad 34 0e   |...1.))3......4.|
003060  f1 75 0a 1b 00 0e 3c 14 0f 67 00 23 0e f3 75 0b   |.u....<..g.#..u.|
003070  1c 00 0e 9c 4f 0f 69 00 22 0e f2 75 06 19 00 0f   |....O.i."..u....|
003080  cc 00 34 0e 3c a6 0c 1c 00 0f 9c 01 35 0e ed 75   |..4.<.......5..u|
003090  09 1b 00 0e c0 76 0f 67 00 22 0f 77 1f 04 0b 1e   |.....v.g.".w....|
0030a0  00 0e a0 0a 0f 78 03 13 60 30 31 5f 53 75 69 8f   |.....x..`01_Sui.|
0030b0  71 0e e6 5c 08 1c 00 0f 60 00 30 0d d6 03 08 1c   |q..\....`.0.....|
0030c0  00 0f 60 00 30 0d e2 5c 08 1c 00 0f 60 00 30 09   |..`.0..\....`.0.|
0030d0  9f 31 0c 1c 00 0f 60 00 30 2f 35 2e 1c 00 08 0f   |.1....`.0/5.....|
0030e0  60 00 26 1f 32 e0 01 08 07 1c 00 0f 60 00 30 0e   |`.&.2.......`.0.|
0030f0  e0 01 07 1c 00 0f 60 00 30 0e e0 01 07 1c 00 0f   |......`.0.......|
003100  60 00 30 0e e0 01 07 1c 00 0f 60 00 30 0e e0 01   |`.0.......`.0...|
003110  07 1c 00 0f 7b 06 29 29 34 2e 0e 00 0f ab 05 14   |....{.))4.......|
003120  0d 81 e9 20 6f 75 b3 17 00 fb 3b 05 0f 3d 0f 1c   |... ou....;..=..|
003130  00 05 0f e6 34 24 00 44 00 02 c1 3d 0a 12 00 0f   |....4$.D...=....|
003140  35 08 32 1f 33 35 08 0a 0f 99 08 33 0d 23 02 0a   |5.2.35.....3.#..|
003150  1e 00 0f 64 00 32 1f 35 64 00 0a 0f 4c 6e 12 0d   |...d.2.5d...Ln..|
003160  41 cb 03 35 06 06 f5 ca 0f 18 00 01 0f 06 6a 20   |A..5..........j |
003170  39 48 65 61 a4 50 00 10 00 07 c5 80 0f 1a 00 06   |9Hea.P..........|
003180  0e 85 0a 0f 6b 00 23 5e 4d 47 57 2e 44 14 00 0f   |....k.#^MGW.D...|
003190  7a 07 19 21 42 69 48 3e 0a 36 88 01 13 00 0f c9   |z..!BiH>.6......|
0031a0  00 03 0d 1d 00 0e 12 25 0f 6d 00 22 0b cb 00 07   |.......%.m."....|
0031b0  17 00 0f e8 7d 3e 01 fc 38 0e 06 7d 0a 1e 00 0e   |....}>..8..}....|
0031c0  e0 23 0f b6 5e 25 02 5c 6a 0d 96 5f 05 17 00 0f   |.#..^%.\j.._....|
0031d0  f5 43 22 4c 4a 43 48 2e 11 00 0f 49 00 22 00 78   |.C"LJCH....I.".x|
0031e0  01 0c 11 00 0f ae 8d 37 07 64 4e 0d 01 01 0a 1c   |.......7.dN.....|
0031f0  00 0f 74 00 44 0b 99 60 0a 1c 00 0f 16 8c 11 05   |..t.D..`........|
003200  9e bc 3c 69 61 4a dc 26 37 43 61 6e fa db 0b 16   |..<iaJ.&7Can....|
003210  00 0f 5d 00 2f 11 6f 3e 7b 0e 16 00 0e 53 3d 0f   |..]./.o>{....S=.|
003220  fc b1 1c 05 fa 55 06 11 00 0f 15 32 33 07 b2 6b   |.....U.....23..k|
003230  1e 43 01 6d 05 19 00 0e d2 03 0f ec 01 25 08 21   |.C.m.........%.!|
003240  6e 0d 61 02 0b 1d 00 0f 76 00 45 1f 32 76 00 09   |n.a.....v.E.2v..|
003250  0f fe 62 38 06 7e da 0d ea 00 09 1b 00 0f 72 00   |..b8.~........r.|
003260  43 1f 32 72 00 07 0f e4 00 44 0b e2 63 09 1b 00   |C.2r.....D..c...|
003270  0f 72 00 3a 03 e6 51 0e 56 01 08 1b 00 0f 72 00   |.r.:..Q.V.....r.|
003280  43 0e 56 01 06 1b 00 0f 72 00 43 0e 56 01 06 1b   |C.V.....r.C.V...|
003290  00 0e ce da 0f 41 5e 1a 01 8c 0f 22 53 6f 67 b8   |.....A^...."Sog.|
0032a0  23 42 75 58 69 0f 21 00 0d 0f 75 00 40 2f 32 2e   |#BuXi.!...u.@/2.|
0032b0  21 00 0d 0f 75 00 40 2f 33 2e 21 00 0d 0f cc 2f   |!...u.@/3.!..../|
0032c0  2d 2a 33 2e 0f 00 0f d8 2e 2b 28 33 2e 0d 00 0f   |-*3......+(3....|
0032d0  c4 2f 2f 1c 33 c4 2f 0e 5c c5 0f e1 82 17 05 38   |.//.3./.\......8|
0032e0  02 03 0e 00 0f 4b 00 29 29 32 2e 0e 00 0f 4b 00   |.....K.))2....K.|
0032f0  29 19 33 4b 00 0f e1 00 2a 29 34 2e 0e 00 0f 4b   |).3K....*)4....K|
003300  00 29 29 35 2e 0e 00 0e 82 28 0f 4e 4f 22 11 47   |.))5.....(.NO".G|
003310  d8 32 0e 4b 4f 08 1b 00 0f 26 50 34 03 cc 13 0e   |.2.KO....&P4....|
003320  6c 00 09 1c 00 0e 92 0b 0f 90 84 18 00 ff 43 00   |l.............C.|
003330  86 3e 0e 93 84 0e 1f 00 0e ad 5e 0f 96 84 24 0f   |.>........^...$.|
003340  98 84 04 0e 4d 1f 0f d0 82 24 0f 60 00 02 1e 33   |....M....$.`...3|
003350  60 00 0f 0a 81 25 0f 60 00 02 1e 34 60 00 0f 44   |`....%.`...4`..D|
003360  7f 25 0f 60 00 02 1e 35 f0 83 0f ba 85 23 0f bc   |.%.`...5.....#..|
003370  85 02 0f 4c 84 29 08 de 83 1e 32 f2 83 0e 5c 00   |...L.)....2...\.|
003380  0f 26 82 23 0e 5c 00 04 74 01 1f 57 5c 80 2e 0e   |.&.#.\..t..W\...|
003390  5c 00 04 70 01 1f 5d d2 86 31 0f d4 86 05 0e 62   |\..p..]..1.....b|
0033a0  00 0f 0e 85 25 0e 62 00 07 7c 01 1f 5d 4a 83 31   |....%.b..|..]J.1|
0033b0  0e 62 00 07 82 01 1f 5d 86 81 31 0e 62 00 07 88   |.b.....]..1.b...|
0033c0  01 1f 61 fc 87 33 0f fe 87 07 0e 66 00 0f 3c 86   |..a..3.....f..<.|
0033d0  27 0e 66 00 09 90 01 1f 61 7c 84 33 0e 66 00 09   |'.f.....a|.3.f..|
0033e0  94 01 1f 61 bc 82 33 0e 66 00 09 98 01 1f 59 32   |...a..3.f.....Y2|
0033f0  89 2f 0f 34 89 03 0e 5e 00 0f 6a 87 23 0e 5e 00   |./.4...^..j.#.^.|
003400  05 88 01 1f 59 a2 85 2f 0e 5e 00 05 80 01 1f 59   |....Y../.^.....Y|
003410  da 83 2f 0e 5e 00 0f 08 06 2d 08 3e 8a 0e 52 8a   |../.^....-.>..R.|
003420  0f 08 06 2b 08 74 88 0e 5c 00 0f 08 06 2b 08 aa   |...+.t..\....+..|
003430  86 0e 5c 00 0f 08 06 2b 08 e0 84 0e 5c 00 03 70   |..\....+....\..p|
003440  01 1f 5f 9f 99 31 0c d9 07 07 19 00 0f 03 9a 26   |.._..1.........&|
003450  0b 8e 99 09 c9 06 0b 60 00 1f 61 a7 99 32 0d a7   |.......`..a..2..|
003460  05 0b 66 00 1f 65 ab 99 34 0e 79 04 0c 6a 00 1f   |..f..e..4.y..j..|
003470  5d af 99 30 0b 63 03 0f 92 01 31 0b 9e 99 09 53   |]..0.c....1....S|
003480  02 0b 60 00 1f 52 97 16 1d 10 44 ea 9f 02 5b 44   |..`..R....D...[D|
003490  0f 18 00 04 0f a1 7f 33 00 04 3b 1e 4b a1 7f 06   |.......3..;.K...|
0034a0  19 00 0e 16 1a 0f 2a 10 1a 01 fa 4a 11 4d 93 75   |......*....J.M.u|
0034b0  2c 65 4a 0c 42 0b 1c 00 0e eb 01 0f fb f9 16 02   |,eJ.B...........|
0034c0  46 00 0d f4 f8 0c 1c 00 0e 77 41 0f 53 12 25 04   |F........wA.S.%.|
0034d0  1e 01 0d 35 13 07 19 00 0f f5 a5 44 0b 34 13 0a   |...5.......D.4..|
0034e0  1c 00 0f 74 00 44 0b 36 13 0a 1c 00 0f c1 19 23   |...t.D.6.......#|
0034f0  3c 46 4a 2e 11 00 0f 49 00 23 3c 47 59 2e 11 00   |<FJ....I.#<GY...|
003500  0f 0a 1a 23 3c 4d 58 2e 11 00 0f 08 4e 1a 00 00   |...#<MX.....N...|
003510  03 5b 69 63 61 6c 2f 40 df 3d 73 70 2e 12 00 0f   |.[ical/@.=sp....|
003520  59 00 30 1d 34 59 00 13 34 59 00 1f 50 59 00 24   |Y.0.4Y..4Y..PY.$|
003530  03 69 de 2a 73 70 79 de 0f 55 00 30 1b 34 55 00   |.i.*spy..U.0.4U.|
003540  04 aa 00 1f 56 55 00 24 06 85 dd 2d 73 70 98 dd   |....VU.$...-sp..|
003550  0f 5b 00 33 1e 34 5b 00 04 b6 00 1f 5a 5b 00 24   |.[.3.4[.....Z[.$|
003560  08 94 dc 2e 73 70 a9 dc 0f 5f 00 36 07 bc 00 0a   |....sp..._.6....|
003570  15 00 0f 20 4f 1b 0c 5f 00 1a 65 1f 02 06 11 00   |... O.._..e.....|
003580  0f 57 00 2f 1c 34 57 00 0f cc 02 2d 03 df da 2a   |.W./.4W....-...*|
003590  73 70 ef da 0f 55 00 30 07 ab 00 05 10 00 0f 41   |sp...U.0.......A|
0035a0  59 24 5a 46 75 48 65 46 36 4b 03 13 00 0f db 4a   |Y$ZFuHeF6K.....J|
0035b0  1a 03 fc 1f 07 f8 06 02 89 ce 0a 8e fe 05 15 00   |................|
0035c0  0e f1 08 0f 5c 00 22 0b 82 44 06 17 00 0e 28 da   |....\."..D....(.|
0035d0  0f 60 00 20 10 59 42 f7 0a 3a 63 0a 1a 00 0e 55   |.`. .YB..:c....U|
0035e0  d4 0f 66 00 27 0e cb 00 08 1c 00 0e 17 0c 0f 6a   |..f.'..........j|
0035f0  00 21 10 69 9a 21 1f 2e 19 00 05 0e 51 d4 0f 64   |.!.i.!......Q..d|
003600  00 26 0e cd 00 07 1b 00 0e b1 0e 0f 68 00 20 06   |.&..........h. .|
003610  94 2c 0b 16 00 0e c2 09 0f 5e 00 23 0e c3 00 04   |.,.......^.#....|
003620  18 00 0f d0 34 11 03 28 27 22 48 6f f8 09 12 53   |....4..('"Ho...S|
003630  97 4b 07 0f 00 02 df b0 09 11 00 0f 58 00 33 1c   |.K..........X.3.|
003640  32 58 00 0f b0 00 34 2c 33 2e 11 00 0f 58 00 33   |2X....4,3....X.3|
003650  2c 34 2e 11 00 0f 58 00 33 2c 35 2e 11 00 0f 58   |,4....X.3,5....X|
003660  00 33 2c 36 2e 11 00 0f 58 00 33 2c 37 2e 11 00   |.3,6....X.3,7...|
003670  0f 58 00 33 2c 38 2e 11 00 0f 58 00 33 2c 39 2e   |.X.3,8....X.3,9.|
003680  11 00 0f 58 00 32 3c 31 30 2e 11 00 0f 58 00 33   |...X.2<10....X.3|
003690  2c 31 2e 11 00 0f 58 00 33 2c 32 2e 11 00 0f 58   |,1....X.3,2....X|
0036a0  00 33 2c 33 2e 11 00 0f 58 00 33 2c 34 2e 11 00   |.3,3....X.3,4...|
0036b0  0f 58 00 33 2c 35 2e 11 00 0f 58 00 33 2c 36 2e   |.X.3,5....X.3,6.|
0036c0  11 00 0f 58 00 33 2c 37 2e 11 00 0f 58 00 33 2c   |...X.3,7....X.3,|
0036d0  38 2e 11 00 0f 58 00 33 1c 39 58 00 0f 70 03 33   |8....X.3.9X..p.3|
0036e0  3c 32 30 2e 11 00 0f 36 27 19 0d b9 89 37 6e 67   |<20....6'....7ng|
0036f0  42 fe 21 0e 19 00 0f 72 a3 11 09 5d 00 00 30 28   |B.!....r...]..0(|
003700  07 30 35 03 0e 00 0f 5e 0f 11 0a 47 00 65 42 69   |.05....^...G.eBi|
003710  4e 61 6e 53 ce 09 04 0f 00 0f 89 33 19 0b 02 8b   |NanS.......3....|
003720  01 cf 08 32 53 69 59 92 2e 1f 2e 1e 00 0a 0e c1   |...2SiY.........|
003730  44 0f 54 01 16 17 54 ce 6a 0a 15 00 0f 85 36 28   |D.T...T.j.....6(|
003740  02 52 43 0d 79 8b 03 17 00 0f 6f ef 1b 21 51 69   |.RC.y.....o..!Qi|
003750  0d 14 11 41 f2 1f 40 41 6e 5f 42 d3 4e 17 2e 0c   |...A..@An_B.N...|
003760  00 00 4f 00 1f 40 64 01 1e 38 54 61 2e 0d 00 0f   |..O..@d..8Ta....|
003770  a9 a8 3e 01 65 2c 0f 81 2c 0a 0f f5 2c 43 09 a5   |..>.e,..,...,C..|
003780  24 0e 1e 00 0f 4c a6 2e 1e 44 4c a6 01 15 00 0e   |$....L...DL.....|
003790  94 31 0f 59 00 1f 02 f5 47 0f 1a 00 06 0e d9 39   |.1.Y....G......9|
0037a0  0f 63 00 21 1f 75 61 00 04 0e 5c ae 0f 5f 00 21   |.c.!.ua...\.._.!|
0037b0  02 f3 72 1f 2e 1c 00 08 0e 4e 2f 0f 70 57 1e 0e   |..r......N/.pW..|
0037c0  28 01 08 19 00 0e 61 05 0f 61 00 20 0f d4 57 03   |(.....a..a. ..W.|
0037d0  02 25 01 1f 60 5d 00 2c 0e 24 01 0b 1b 00 0f 4c   |.%..`].,.$.....L|
0037e0  02 2e 1f 4d 4c 02 06 1f 4d 4c 02 35 1f 4d 4c 02   |...ML...ML.5.ML.|
0037f0  04 1f 4d 4c 02 33 1f 4d 4c 02 08 19 4d 4c 02 1f   |..ML.3.ML...ML..|
003800  56 67 00 25 00 79 25 31 4b 75 61 4c 05 0e 16 00   |Vg.%.y%1KuaL....|
003810  0f 46 02 2c 00 ee 39 0e 58 9c 04 17 00 0f a4 0f   |.F.,..9.X.......|
003820  11 05 e9 25 08 67 6d 20 65 6e ec 18 3b 47 75 4a   |...%.gm en..;GuJ|
003830  92 b3 09 19 00 0f dc 01 2b 20 4e 69 1c b9 0e bc   |........+ Ni....|
003840  00 05 18 00 0f c1 03 2b 11 52 6c 4a 1e 6f 60 00   |.......+.RlJ.o`.|
003850  06 19 00 0f 22 04 2d 21 6e 42 88 55 0d 7d 01 05   |....".-!nB.U.}..|
003860  19 00 0f 05 06 2a 00 2b 37 0e 5d 00 02 15 00 0e   |.....*.+7.].....|
003870  99 28 0f 43 05 20 04 c7 77 1f 2e 1e 00 0a 0e 4c   |.(.C. ..w......L|
003880  3d 0f 89 04 1f 0f 6a 00 07 07 1d 00 0f d4 00 2e   |=.....j.........|
003890  1f 4d d4 00 0a 1b 4d d4 00 1f 4e dc 65 27 27 69   |.M....M...N.e''i|
0038a0  6e 19 5b 03 0e 00 0f 53 00 31 29 32 2e 0e 00 0f   |n.[....S.1)2....|
0038b0  53 00 31 29 33 2e 0e 00 0f c4 89 19 0e 8d 71 7e   |S.1)3.........q~|
0038c0  46 65 61 74 68 65 72 81 14 0b 1a 00 0f d3 04 2b   |Feather........+|
0038d0  9f 53 69 67 6e 70 6f 73 74 2e 17 00 03 0e 54 03   |.Signpost.....T.|
0038e0  0f 41 67 18 ae 53 65 72 69 66 6c 75 78 2e 44 14   |.Ag..Seriflux.D.|
0038f0  00 0f 38 3b 29 29 35 2e 0e 00 0e e5 67 0f ea 1e   |..8;))5.....g...|
003900  1a 36 58 75 65 d5 0b 07 12 00 0f 57 00 2c 00 9d   |.6Xue......W.,..|
003910  01 0a 21 74 02 12 00 0e dd 06 0f 57 00 1a 00 b0   |..!t.......W....|
003920  05 16 48 f8 1f 09 14 00 0f 48 8f 2c 02 fc c4 2b   |..H......H.,...+|
003930  43 69 0e 01 07 17 00 0e 8f 76 0f 61 00 20 00 38   |Ci.......v.a. .8|
003940  0d 1b 57 72 64 08 19 00 0e 64 3a 0f 65 00 20 0c   |..Wrd....d:.e. .|
003950  df 72 06 16 00 0f 31 91 2c 02 49 00 00 f8 0d 05   |.r....1.,.I.....|
003960  44 42 0d 18 00 0f 35 03 19 0e 63 00 00 8f f0 5e   |DB....5...c....^|
003970  4f 75 50 6f 2e 13 00 0e 82 7a 0f 59 00 1c 0c 56   |OuPo.....z.Y...V|
003980  00 2f 50 6f 10 11 33 2c 31 2e 11 00 0f 58 00 33   |./Po..3,1....X.3|
003990  2c 32 2e 11 00 0f 58 00 33 2c 33 2e 11 00 0f 58   |,2....X.3,3....X|
0039a0  00 33 2c 34 2e 11 00 0f 58 00 33 2c 35 2e 11 00   |.3,4....X.3,5...|
0039b0  0f 58 00 33 2c 36 2e 11 00 0f 58 00 33 2c 37 2e   |.X.3,6....X.3,7.|
0039c0  11 00 0f 58 00 33 2c 38 2e 11 00 0f 58 00 33 2c   |...X.3,8....X.3,|
0039d0  39 2e 11 00 0f 1a 1f 1b 0c ce 11 24 44 61 07 1d   |9..........$Da..|
0039e0  0b 10 00 0f 66 08 1b 0c 57 00 0a 55 00 07 53 00   |....f...W..U..S.|
0039f0  1f 47 59 40 1d 7c 42 75 67 6e 65 74 2e 11 00 0f   |.GY@.|Bugnet....|
003a00  c2 0c 31 09 03 1c 09 19 00 0f fb 06 2b 00 c3 0d   |..1.........+...|
003a10  17 50 62 35 09 14 00 0f 5b 00 33 1e 32 5b 00 02   |.Pb5....[.3.2[..|
003a20  b6 00 1f 78 62 3c 35 06 81 25 08 b7 7c 0f 21 00   |...xb<5..%..|.!.|
003a30  07 0f b2 99 1f 0a 97 14 04 81 08 0b 16 00 0f 57   |...............W|
003a40  00 28 00 0a 43 0e 4d 99 02 16 00 0f e4 42 2e 1f   |.(..C.M......B..|
003a50  32 e4 42 04 0e b8 4d 0f 95 3e 1c 45 44 65 6e 67   |2.B...M..>.EDeng|
003a60  79 6a 0a 15 00 0e 65 69 0f eb fb 21 0e ee 49 0e   |yj....ei...!..I.|
003a70  1d 00 0e e8 c1 0f 6b 00 22 0e f5 4b 0b 1b 00 0f   |......k."..K....|
003a80  bd fc 33 0e c3 4c 09 1a 00 0f 65 00 34 0e 8c 4b   |..3..L....e.4..K|
003a90  08 1a 00 0e a4 43 0f 65 00 21 0e bd 4c 05 18 00   |.....C.e.!..L...|
003aa0  0f 92 01 33 0e bb 4c 0b 1b 00 0f 88 74 22 05 6c   |...3..L.....t".l|
003ab0  47 7e 69 72 65 66 6c 79 2e 13 00 0f 4c 90 34 11   |G~irefly....L.4.|
003ac0  59 65 2b 06 4d 23 0f 1b 00 01 0f 6b 00 3c 2f 33   |Ye+.M#.....k.</3|
003ad0  2e 1b 00 07 0f 6b 00 3c 2f 34 2e 1b 00 07 0f 6b   |.....k.</4.....k|
003ae0  00 3c 2f 35 2e 1b 00 07 0f 8f 5e 2c 0a 4b 7d 1f   |.</5......^,.K}.|
003af0  46 4b 7d 32 1a 46 4b 7d 04 0f 00 0f 55 00 32 1a   |FK}2.FK}....U.2.|
003b00  33 55 00 0e 97 d8 0f 05 3b 27 2f 5f 32 07 3b 0d   |3U......;'/_2.;.|
003b10  0e 90 58 0f 7a 11 12 05 fe c7 3b 6c 61 77 17 3f   |..X.z.....;law.?|
003b20  01 12 00 0f 56 00 2b 10 48 f3 99 0b cc 80 1e 72   |....V.+.H......r|
003b30  5a 7a 0f 56 00 1c 5a 54 6f 6f 74 68 57 00 03 13   |Zz.V..ZToothW...|
003b40  00 0f 9a 5e 19 0e 58 00 04 64 12 1f 33 79 12 01   |...^..X..d..3y..|
003b50  0f b4 00 2b 00 2c 0f 2d 6c 6c d0 82 22 6c 6c 58   |...+.,.-ll.."llX|
003b60  00 1f 73 e7 c4 3f 0e 34 49 0b 1f 00 0f 78 00 45   |..s..?.4I....x.E|
003b70  1f 33 78 00 0b 0f a4 01 2c 7b 43 61 72 61 70 61   |.3x.....,{Carapa|
003b80  78 ab 02 04 15 00 0f 33 09 2d 4d 5a 61 6f 50 39   |x......3.-MZaoP9|
003b90  07 02 15 00 0f 33 09 19 02 40 00 0b e8 1f 02 ba   |.....3...@......|
003ba0  0c 07 52 a4 0f 20 00 06 0f 5c 32 25 42 75 59 69   |..R.. ...\2%BuYi|
003bb0  51 a2 32 0c 29 8b 0c 1c 00 0e 56 2b 0f 62 00 16   |Q.2.).....V+.b..|
003bc0  6e 54 65 58 69 61 6f 61 00 09 1b 00 0f 4f 6b 16   |nTeXiaoa.....Ok.|
003bd0  00 36 06 01 f0 0d 0a 76 5c 05 17 00 1e 2e 17 00   |.6.....v\.......|
003be0  0e 50 34 0f aa 0e 25 00 df 1b 11 61 99 a9 0f 18   |.P4...%....a....|
003bf0  00 04 0e 20 6a 0f 67 00 2a 02 c5 05 0f 1a 00 03   |... j.g.*.......|
003c00  0f 9a 4d 34 0b 2a d5 07 17 00 0f 61 00 34 0b 01   |..M4.*.....a.4..|
003c10  8a 07 17 00 0f 61 00 34 00 6c 33 0f 17 00 03 0f   |.....a.4.l3.....|
003c20  61 00 34 00 84 33 0f 17 00 03 0e 38 58 0f 61 00   |a.4..3.....8X.a.|
003c30  22 1b 4c 1c 03 08 18 00 0f 81 4f 34 00 ff 33 0f   |".L.......O4..3.|
003c40  17 00 03 0e a3 0c 0f 61 00 22 2b 58 69 0d 69 09   |.......a."+Xi.i.|
003c50  19 00 0f c6 00 34 0b 9b 2d 07 17 00 0f 74 51 35   |.....4..-....tQ5|
003c60  0b 0f 03 04 14 00 0f 5f 00 35 0c 0e 8d 03 14 00   |......._.5......|
003c70  0f 5f 00 35 0b 0b 03 04 14 00 0f 5f 00 36 0a 09   |._.5......._.6..|
003c80  03 04 14 00 0e 94 be 0f 5f 00 23 0c 07 03 05 15   |........_.#.....|
003c90  00 0f 51 53 36 0a 05 03 04 14 00 0e ac c1 0f 5f   |..QS6.........._|
003ca0  00 23 0d 03 03 06 16 00 0f c2 00 35 0b 01 03 04   |.#.........5....|
003cb0  14 00 0f 70 37 30 1d 35 70 37 1f 35 1b 37 31 1b   |...p70.5p7.5.71.|
003cc0  35 1b 37 1f 35 c0 36 34 1e 35 c0 36 1f 35 61 36   |5.7.5.64.5.6.5a6|
003cd0  36 07 5d 00 0a 15 00 0f 0a 36 2f 1c 35 0a 36 1f   |6.]......6/.5.6.|
003ce0  35 b5 35 31 1b 35 b5 35 04 55 00 1f 48 52 09 11   |5.51.5.5.U..HR..|
003cf0  00 29 09 0a 4d 09 02 4d 00 08 10 00 0e c0 62 0f   |.)..M..M......b.|
003d00  3c b6 1a 2c 73 70 60 65 02 53 00 1f 45 53 00 13   |<..,sp`e.S..ES..|
003d10  19 6f 08 65 09 4d 00 1f 6f 4a 00 1a 29 75 6e ac   |.o.e.M..oJ..)un.|
003d20  64 08 4a 00 1f 75 94 00 1a 17 4d 94 00 1a 4d 94   |d.J..u....M...M.|
003d30  00 15 4d 94 00 1f 57 0b b9 2d 07 56 00 08 15 00   |..M...W..-.V....|
003d40  0f 61 1e 2c 43 4d 6f 4b 75 af c0 05 7c b7 0e 19   |.a.,CMoKu...|...|
003d50  00 0f 1a 3f 2c 03 4c 00 11 4e 9d be 0b d8 05 0c   |...?,.L..N......|
003d60  1c 00 0e 50 19 0f 59 5a 15 11 69 80 8f 0e fd 5d   |...P..YZ..i....]|
003d70  08 1b 00 0f 74 2e 19 0a c9 00 06 c1 b1 01 27 c3   |....t.........'.|
003d80  0e 15 00 0e 45 16 0f 5d 00 1f 07 14 26 0f 19 00   |....E..]....&...|
003d90  05 0f ca 03 11 0b 88 18 48 75 6e 4c 75 61 56 06   |........HunLuaV.|
003da0  11 00 0f 4d 00 14 06 cc 39 00 03 04 37 43 61 6f   |...M....9...7Cao|
003db0  42 82 06 11 00 0f 7b 81 32 00 62 16 2e 4b 75 0d   |B.....{.2.b..Ku.|
003dc0  a6 0a 1d 00 0f 70 62 34 0f 6c 00 04 0b 1e 00 0f   |.....pb4.l......|
003dd0  ee 18 33 0f 6c 00 04 0a 1d 00 0f 08 54 39 2e 75   |..3.l.......T9.u|
003de0  5a 42 56 0e 1b 00 0e c7 11 0f 27 42 26 13 6f 32   |ZBV.......'B&.o2|
003df0  5f 0e 75 00 0e 1e 00 0f 76 ae 12 0d ac 2f 03 38   |_.u.....v..../.8|
003e00  01 3e 42 61 2e 13 00 0f a0 1b 28 21 42 75 61 75   |.>Ba......(!Buau|
003e10  0f 16 00 02 0f f7 1b 2d 1f 32 f7 1b 02 0e 55 46   |.......-.2....UF|
003e20  0f e8 26 22 00 61 c6 1b 44 75 ba 0c 1c 00 0e 4e   |..&".a..Du.....N|
003e30  b2 0f 6a 00 21 2d 54 75 45 d8 07 19 00 0e 14 b1   |..j.!-TuE.......|
003e40  0f 64 00 23 2e 6f 4e cd 00 08 1b 00 0e 58 1e 0f   |.d.#.oN......X..|
003e50  ec c6 29 01 aa e4 00 99 1b 05 c0 e4 0f 24 00 0a   |..)..........$..|
003e60  0e c4 bb 0f 0a 02 16 00 21 5a 4e 50 61 43 69 65   |........!ZNPaCie|
003e70  02 06 1a 00 0f 5f 00 31 0d 6d 02 06 1a 00 0f 46   |....._.1.m.....F|
003e80  21 2b 04 9b 01 09 0e 00 0e c3 03 0f 53 00 18 00   |!+..........S...|
003e90  32 28 00 5f 0f 08 0d 00 0f 79 64 26 1f 34 f9 65   |2(._.....yd&.4.e|
003ea0  08 07 1c 00 0f 60 00 30 0e f9 65 07 1c 00 0f 60   |.....`.0..e....`|
003eb0  00 30 0e f9 65 07 1c 00 0f 60 00 30 0e f9 65 07   |.0..e....`.0..e.|
003ec0  1c 00 0f 60 00 30 1e 35 60 00 0f d9 67 30 1f 35   |...`.0.5`...g0.5|
003ed0  e0 01 08 07 1c 00 0f 60 00 30 0e e0 01 07 1c 00   |.......`.0......|
003ee0  0f 60 00 30 0e e0 01 07 1c 00 0f 60 00 30 0e e0   |.`.0.......`.0..|
003ef0  01 07 1c 00 0f 60 00 30 0e e0 01 07 1c 00 0f 0d   |.....`.0........|
003f00  43 32 0e 06 06 0b 1a 00 0f 0d 43 32 04 4c 00 1f   |C2........C2.L..|
003f10  32 68 00 08 0e 0d 43 0f 87 18 25 0c 57 75 07 19   |2h....C...%.Wu..|
003f20  00 0f 64 00 37 0b 66 75 07 19 00 0f 64 00 37 1f   |..d.7.fu....d.7.|
003f30  34 64 00 05 0f 17 20 35 00 b1 06 00 1c 34 0e 89   |4d.... 5.....4..|
003f40  ce 06 1b 00 0f 68 17 19 0d 7a 8b 49 61 6e 4d 61   |.....h...z.IanMa|
003f50  df c2 0e 1c 00 0f 44 26 2a 00 78 2c 06 3d 23 0b   |......D&*.x,.=#.|
003f60  16 00 0f 5b 8b 27 35 4e 75 50 14 03 09 14 00 0e   |...[.'5NuP......|
003f70  74 03 0f dc 01 25 0c e8 11 08 1a 00 0e 74 03 0f   |t....%.......t..|
003f80  66 00 27 0e 0d 03 08 1c 00 0e 39 5f 0f 8b a7 12   |f.'.......9_....|
003f90  00 28 30 0a 87 ee 03 13 00 0f 0d 1d 23 14 4b 6c   |.(0.........#.Kl|
003fa0  02 0e 69 4f 0d 1c 00 0f 1e 3d 28 03 d6 0f 1f 2e   |..iO.....=(.....|
003fb0  17 00 03 0f e4 bf 36 0a 75 06 06 17 00 0f 81 3f   |......6.u......?|
003fc0  30 0d d1 0a 05 19 00 0f 5d 00 30 04 b8 00 0e 19   |0.......].0.....|
003fd0  00 0e 67 85 0f e6 91 23 10 65 dd 12 0e 6d 10 0c   |..g....#.e...m..|
003fe0  1f 00 00 6f 00 1f 7a 6f 00 38 0f e4 10 0a 0e 27   |...o..zo.8.....'|
003ff0  00 0f d4 92 35 00 21 52 0e 87 ea 09 1d 00 0f c9   |....5.!R........|
004000  73 36 0e 6c 00 0e 1e 00 0f 47 2a 35 0e 6c 00 0d   |s6.l.....G*5.l..|
004010  1d 00 0e 77 b0 0f d8 00 27 0e 32 02 0e 20 00 0e   |...w....'.2.. ..|
004020  33 9a 0f dc 00 27 0e 70 00 0e 1f 00 00 6f 00 1f   |3....'.p.....o..|
004030  7c e0 00 39 0f 1b 13 0b 0f a4 02 03 1f 7a f0 00   ||..9.........z..|
004040  38 0f 2f 13 0a 0f 7f 00 03 1f 6a ba 23 28 03 74   |8./.......j.#(.t|
004050  28 01 0c 97 2d 44 65 77 00 0c 1f 00 0f 83 08 26   |(...-Dew.......&|
004060  00 ee 06 01 be 00 0e d1 07 0b 1c 00 0f 31 44 19   |.............1D.|
004070  00 e8 11 01 9c 1a 09 a0 f5 04 15 00 01 41 6e 0f   |.............An.|
004080  19 00 05 0f 67 00 39 0a 70 1e 09 19 00 0f 67 00   |....g.9.p.....g.|
004090  39 0a 78 1e 09 19 00 0f 67 00 38 0b a5 70 09 19   |9.x.....g.8..p..|
0040a0  00 0f 67 00 39 0a 86 1e 09 19 00 0f 6a 51 24 01   |..g.9.......jQ$.|
0040b0  78 8b 0a 42 0d 03 13 00 0f a5 03 0f 0e 52 08 01   |x..B.........R..|
0040c0  09 fe 06 c7 11 2c 54 75 52 0d 02 12 00 04 07 fe   |.....,TuR.......|
0040d0  09 a1 0f 0b 1b 00 0f 7f 00 50 09 d0 0d 0b 1b 00   |.........P......|
0040e0  0f 7f 00 50 0a 55 2a 0a 1b 00 0e bd 14 0f 7f 00   |...P.U*.........|
0040f0  37 3c 59 65 4d 81 6b 0a 1a 00 0f 7d 00 4f 0e 7a   |7<YeM.k....}.O.z|
004100  01 05 1a 00 0f 7d 00 4f 0e 78 01 05 1a 00 0f f6   |.....}.O.x......|
004110  01 49 10 5a f6 5c 0e f4 02 08 1b 00 0f 7f 00 50   |.I.Z.\.........P|
004120  0e 7a 01 06 1b 00 0f 7f 00 50 0e 7c 01 06 1b 00   |.z.......P.|....|
004130  0f 82 21 1b 01 79 00 40 5f 57 61 69 7a 4b 05 e3   |..!..y.@_WaizK..|
004140  21 01 3e 03 27 53 48 4b c4 05 12 00 0f 5f 00 39   |!.>.'SHK....._.9|
004150  2d 32 2e 12 00 0f 5f 00 39 1d 33 5f 00 0f 1d 01   |-2...._.9.3_....|
004160  3a 2d 34 2e 12 00 0f 5f 00 36 1d 59 7c 01 1f 59   |:-4...._.6.Y|..Y|
004170  7c 01 39 1d 59 7c 01 1f 59 7c 01 39 1d 59 7c 01   ||.9.Y|..Y|.9.Y|.|
004180  1f 59 7c 01 39 1d 59 7c 01 13 59 7c 01 1f 5c 5f   |.Y|.9.Y|..Y|..\_|
004190  00 31 32 5a 44 5f 52 52 0b 13 00 0f 61 00 3a 2e   |.12ZD_RR....a.:.|
0041a0  32 2e 13 00 0f 61 00 3a 2e 33 2e 13 00 0f 61 00   |2....a.:.3....a.|
0041b0  3a 1e 34 61 00 0f 84 01 3a 02 ae 3f 0b 13 00 0f   |:.4a....:..?....|
0041c0  61 00 3a 1e 32 61 00 0f 84 01 3a 02 c0 3f 0b 13   |a.:.2a....:..?..|
0041d0  00 0f 61 00 3a 1e 34 61 00 0f 84 01 3a 3e 33 31   |..a.:.4a....:>31|
0041e0  2e 13 00 0f 61 00 3a 2e 32 2e 13 00 0f 61 00 3a   |....a.:.2....a.:|
0041f0  2e 33 2e 13 00 0f 61 00 3a 2e 34 2e 13 00 0e 89   |.3....a.:.4.....|
004200  13 0f 61 00 1d 02 4a 09 07 83 07 06 11 00 0f 5d   |..a...J........]|
004210  00 38 2c 32 2e 11 00 0f 5d 00 38 2c 33 2e 11 00   |.8,2....].8,3...|
004220  0f 5d 00 38 1c 34 5d 00 0f 74 01 36 07 7b 07 06   |.].8.4]..t.6.{..|
004230  11 00 0f 5d 00 38 1c 32 5d 00 0f 74 01 36 07 77   |...].8.2]..t.6.w|
004240  07 06 11 00 0f 5d 00 38 1c 34 5d 00 0f f0 08 30   |.....].8.4]....0|
004250  02 4c 00 08 73 07 07 12 00 0f 5f 00 39 2d 32 2e   |.L..s....._.9-2.|
004260  12 00 0f 5f 00 39 2d 33 2e 12 00 0f 5f 00 39 1d   |..._.9-3...._.9.|
004270  34 5f 00 0f 7c 01 39 05 6b 07 07 12 00 0f 5f 00   |4_..|.9.k....._.|
004280  39 1d 32 5f 00 0f 7c 01 39 05 67 07 07 12 00 0f   |9.2_..|.9.g.....|
004290  5f 00 39 1d 34 5f 00 0f 7c 01 39 05 63 07 07 12   |_.9.4_..|.9.c...|
0042a0  00 0f 5f 00 39 1d 32 5f 00 0f 7c 01 39 05 5f 07   |.._.9.2_..|.9._.|
0042b0  07 12 00 0f 5f 00 39 0d 7c 01 02 5c 07 1f 56 28   |...._.9.|..\..V(|
0042c0  1e 29 0e b3 25 04 18 00 0f 5b 00 2f 1f 33 5b 00   |.)..%....[./.3[.|
0042d0  04 0f 91 b6 34 2b 33 2e 10 00 0f 90 6b 37 07 c7   |....4+3.....k7..|
0042e0  ec 0e be 2a 09 1c 00 0f fd c8 23 7e 4a 5f 32 35   |...*......#~J_25|
0042f0  53 2e 42 14 00 0f 4f 00 25 2e 33 35 4f 00 1f 33   |S.B...O.%.35O..3|
004300  4f 00 27 2e 34 35 4f 00 1f 34 4f 00 27 1e 35 4f   |O.'.45O..4O.'.5O|
004310  00 00 14 00 0f 8e 20 11 0d 4f 00 10 53 da 00 2b   |...... ..O..S..+|
004320  30 53 51 00 04 16 00 0f 53 00 26 1f 34 53 00 02   |0SQ.....S.&.4S..|
004330  1f 34 53 00 29 1f 35 53 00 02 1f 35 53 00 2a 1e   |.4S.).5S...5S.*.|
004340  35 53 00 02 16 00 0e ab 17 0f 53 00 14 2e 36 30   |5S........S...60|
004350  52 00 00 15 00 0f a4 00 26 1e 36 f7 00 03 16 00   |R.......&.6.....|
004360  0f 5a 31 2f 0e ad 94 06 1b 00 0f 5e 00 2f 0e d6   |.Z1/.......^./..|
004370  8c 06 1b 00 0f 5e 00 2f 0e d0 8c 06 1b 00 0f 5e   |.....^./.......^|
004380  00 2f 0e ca 8c 06 1b 00 0f 5e 00 2f 2f 36 2e 1b   |./.......^.//6..|
004390  00 07 0f 5e 00 2f 2f 37 2e 1b 00 07 0f 74 54 29   |...^.//7.....tT)|
0043a0  29 30 2e 0e 00 0e be 04 0f 4b 00 18 05 64 17 05   |)0.......K...d..|
0043b0  10 00 0f 4f 00 2b 1b 32 4f 00 0f ba 74 23 30 5a   |...O.+.2O...t#0Z|
0043c0  68 6f fc 4e 18 75 2f d2 0a 18 00 0f 57 00 2b 1f   |ho.N.u/.....W.+.|
0043d0  32 57 00 04 0f ae 00 2c 07 af d6 0a 18 00 0f 57   |2W.....,.......W|
0043e0  00 2b 07 e1 d5 0a 18 00 0f 57 00 2b 1f 35 57 00   |.+.......W.+.5W.|
0043f0  04 0f 48 92 2a 29 36 2e 0e 00 0f 4b 00 29 29 37   |..H.*)6....K.))7|
004400  2e 0e 00 0f 30 92 14 09 1b 20 2a 6e 67 ca bd 07   |....0.... *ng...|
004410  12 00 0f d9 5d 2b 04 04 9a 0f 16 00 02 0f 62 e2   |....]+........b.|
004420  34 5e 58 69 75 4c 69 a9 aa 07 1a 00 0f 58 f5 26   |4^XiuLi......X.&|
004430  03 1c 38 0e d2 37 06 1a 00 0f 5c 00 2e 0e d4 06   |..8..7....\.....|
004440  05 1a 00 0f 5c 00 2e 0e d2 06 05 1a 00 0f 5c 00   |....\.........\.|
004450  2e 0e d0 06 05 1a 00 0f 5c 00 2e 0e ce 06 05 1a   |........\.......|
004460  00 0f 5c 00 2e 1f 36 5c 00 06 0e c4 d7 0f c5 23   |..\...6\.......#|
004470  1b 00 90 78 00 82 52 01 40 c6 0f 1a 00 06 0f 65   |...x..R.@......e|
004480  00 37 2f 32 2e 1a 00 06 0f a4 2e 32 06 12 55 0f   |.7/2.......2..U.|
004490  1c 00 08 0e 5e bb 0f 6a 00 29 0e 10 2f 0a 1e 00   |....^..j.)../...|
0044a0  0f 3d 01 2d 02 b9 3c 4e 52 65 6e 59 15 b9 05 1a   |.=.-..<NRenY....|
0044b0  00 0e 7d 2d 0f cc 25 1d 0d b7 52 00 13 00 0e 4a   |..}-..%...R....J|
0044c0  05 0f 48 91 14 02 98 00 09 07 fb 0b 16 00 0f 1d   |..H.............|
0044d0  fd 34 04 95 d9 0e e8 54 0e 1f 00 0f d9 1f 30 1d   |.4.....T......0.|
0044e0  42 d9 1f 1f 42 cb 23 07 0b 1b 00 0f 7f 00 50 09   |B...B.#.......P.|
0044f0  8b 02 0b 1b 00 0f 7f 00 50 1e 33 7f 00 0e cb 23   |........P.3....#|
004500  0f 7f 00 40 0e cb 23 0b 1a 00 0f 7d 00 4f 0e 7a   |...@..#....}.O.z|
004510  01 0e cb 23 0f 7d 00 46 0e 78 01 0e cb 23 0f 7d   |...#.}.F.x...#.}|
004520  00 40 0e cb 23 0d 1b 00 0f 7f 00 50 1f 32 7f 00   |.@..#......P.2..|
004530  07 0f f4 02 4a 0e cb 23 0d 1b 00 0f bc 32 27 26   |....J..#.....2'&|
004540  43 65 0f 6f 09 14 00 0e 95 2d 0f 37 05 21 00 d1   |Ce.o.....-.7.!..|
004550  6c 30 5a 69 43 55 bf 1e 57 88 96 09 1e 00 0e 64   |l0ZiCU..W......d|
004560  3b 0f 5a 06 1a 00 24 f8 3e 6f 75 52 43 2f 03 17   |;.Z...$.>ouRC/..|
004570  00 0f d9 8f 23 12 44 3f 83 19 2e 0e 00 0f 4e fb   |....#.D?......N.|
004580  1f 0a 61 3e 05 67 66 0f 1d 00 09 0f 65 00 2d 04   |..a>.gf.....e.-.|
004590  91 06 1f 2e 1d 00 09 0f 1c 99 2c 00 0c 0d 3d 59   |..........,...=Y|
0045a0  75 4d f1 58 02 16 00 0e 88 2d 0f 5d 00 1f 09 64   |uM.X.....-.]...d|
0045b0  09 0e 19 00 0f c0 00 2d 00 10 69 0e 51 2e 03 16   |.......-..i.Q...|
0045c0  00 0e 4c 59 0f 5d 00 1b 10 42 aa 18 0e 62 00 0c   |..LY.]...B...b..|
0045d0  1b 00 0f 67 00 2d 10 4c ca 64 0e 67 00 0c 1b 00   |...g.-.L.d.g....|
0045e0  0f 6d 19 2f 03 6d 04 07 6b 20 07 12 00 0f 5f 00   |.m./.m..k ...._.|
0045f0  39 2d 32 2e 12 00 0f 5f 00 39 2d 33 2e 12 00 0f   |9-2...._.9-3....|
004600  5f 00 39 2d 34 2e 12 00 0f 5f 00 36 07 73 20 07   |_.9-4...._.6.s .|
004610  12 00 0f 5f 00 39 1d 32 5f 00 0f 7c 01 37 07 77   |..._.9.2_..|.7.w|
004620  20 07 12 00 0f 5f 00 39 0b 7c 01 0f ee 27 33 03   | ...._.9.|...'3.|
004630  4d 00 08 7b 20 08 13 00 0f 61 00 3a 2e 32 2e 13   |M..{ ....a.:.2..|
004640  00 0f 61 00 3a 2e 33 2e 13 00 0f 61 00 3a 1e 34   |..a.:.3....a.:.4|
004650  61 00 0f 84 01 3a 05 83 20 08 13 00 0f 61 00 3a   |a....:.. ....a.:|
004660  1e 32 61 00 0f 84 01 3a 05 87 20 08 13 00 0f 61   |.2a....:.. ....a|
004670  00 3a 1e 34 61 00 0f 84 01 3a 05 8b 20 08 13 00   |.:.4a....:.. ...|
004680  0f 61 00 3a 1e 32 61 00 0f 84 01 3a 05 8f 20 08   |.a.:.2a....:.. .|
004690  13 00 0f 61 00 3a 0e 84 01 02 92 20 1f 62 5c 52   |...a.:..... .b\R|
0046a0  30 28 48 75 b9 79 0d 18 00 0e bb 0b 0f 67 00 27   |0(Hu.y.......g.'|
0046b0  4e 59 75 61 6e ee 53 0b 1d 00 0e d7 e3 0f 97 53   |NYuan.S........S|
0046c0  24 02 77 46 0f 17 00 03 0f 3d 01 34 00 4e 00 0e   |$.wF.....=.4.N..|
0046d0  d1 00 06 18 00 0f 63 54 35 2c 59 65 db e2 05 16   |......cT5,Ye....|
0046e0  00 0f e1 a8 35 4e 5a 6f 6e 67 ca 54 09 1a 00 0e   |....5NZong.T....|
0046f0  cc b0 0f ce 57 22 0e 71 02 0c 1b 00 0e 66 13 0f   |....W".q.....f..|
004700  69 00 26 0e 73 02 0f 20 00 03 0e 39 0b 0f 0f 59   |i.&.s.. ...9...Y|
004710  23 0d 75 02 0a 1a 00 0f 43 01 34 0e 77 02 0c 1b   |#.u.....C.4.w...|
004720  00 0f df 59 34 0d 79 02 09 19 00 0f 93 aa 34 0f   |...Y4.y.......4.|
004730  7b 02 02 0d 1d 00 0f 75 5b 34 3e 4a 75 58 7b 02   |{......u[4>JuX{.|
004740  03 18 00 0f 35 01 34 0d 43 4d 09 19 00 0f 37 59   |....5.4.CM....7Y|
004750  35 0c c9 00 05 15 00 0f 75 04 35 0d c7 00 06 16   |5.......u.5.....|
004760  00 0f 13 62 3e 03 52 e3 1f 32 71 e3 0b 0e 2d e5   |...b>.R..2q...-.|
004770  0f 5c 81 17 08 14 ec 0a 15 00 0e c6 02 0f 90 4d   |.\.............M|
004780  1f 0f 86 11 05 0d 21 00 0f 6d 00 31 0f 8e 11 05   |......!..m.1....|
004790  0d 21 00 0f d0 02 34 00 d6 3d 0a b0 14 08 19 00   |.!....4..=......|
0047a0  0f 65 00 38 0a 96 14 08 19 00 0f d4 02 35 0d cb   |.e.8.........5..|
0047b0  00 06 16 00 0f 63 00 39 1f 33 63 00 02 0e 2a f8   |.....c.9.3c...*.|
0047c0  0f 99 60 26 0e 90 01 05 19 00 0f 65 00 38 1f 33   |..`&.......e.8.3|
0047d0  65 00 05 0f 90 01 37 0c cb 00 06 16 00 0f 63 00   |e.....7.......c.|
0047e0  39 0e 90 01 05 c6 00 1f 6c 53 b1 38 0e 96 01 0b   |9.......lS.8....|
0047f0  1f 00 0f 71 00 3e 1f 33 71 00 0b 0e 3f 47 0f ff   |...q.>.3q...?G..|
004800  b2 2d 0e ae 01 0c e0 00 0f 6f 00 3b 0e ba 01 0b   |.-.......o.;....|
004810  de 00 1f 60 a6 b2 32 0e ba 01 05 19 00 0f 65 00   |...`..2.......e.|
004820  38 1f 33 65 00 05 0f 50 03 36 0d cb 00 06 16 00   |8.3e...P.6......|
004830  0f 63 00 39 0e 96 01 05 c6 00 1f 60 b5 64 32 0e   |.c.9.......`.d2.|
004840  90 01 05 19 00 0f 65 00 38 1f 33 65 00 05 0f 90   |......e.8.3e....|
004850  01 37 0c cb 00 06 16 00 0f 63 00 39 0e 90 01 05   |.7.......c.9....|
004860  c6 00 1f 66 5a 46 36 0a c9 00 0b 1b 00 0f 6b 00   |...fZF6.......k.|
004870  39 0c a4 07 0b 1b 00 0f 6b 00 39 0c 7f 06 0b 1b   |9.......k.9.....|
004880  00 0f 6b 00 38 0d 9a 03 0b 1b 00 0f 6b 00 39 0c   |..k.8.......k.9.|
004890  75 02 0b 1b 00 0e 5f 0f 0f 6b 00 26 00 85 63 2b   |u....._..k.&..c+|
0048a0  57 65 4e 1f 1e 44 1f 00 0f 73 00 40 1f 32 73 00   |WeN..D...s.@.2s.|
0048b0  0b 0f e6 00 41 2f 33 2e 1f 00 0b 0f 14 d4 29 03   |....A/3.......).|
0048c0  94 0c 00 e4 78 6a 46 75 5a 68 61 6e 27 2a 0e 1d   |....xjFuZhan'*..|
0048d0  00 0e 5e 69 0f e3 60 25 0d e0 26 04 17 00 0f 3e   |..^i..`%..&....>|
0048e0  83 2b 05 5d 00 0f 17 00 03 0f 44 56 31 00 db 72   |.+.]......DV1..r|
0048f0  01 d0 88 0f 1a 00 06 0f a0 27 32 04 4c 00 0e 34   |.........'2.L..4|
004900  27 07 1c 00 0f e3 8e 29 40 4e 5f 59 65 e4 67 07   |'......)@N_Ye.g.|
004910  0c 00 0f c7 5b 2b 04 fa f7 09 0e 00 0e 22 53 0f   |....[+......."S.|
004920  c1 7c 12 00 04 27 01 e7 dd 13 75 68 af 0f 1b 00   |.|...'....uh....|
004930  07 0f 70 36 1a 00 cd 77 32 52 75 54 ee cc 02 0b   |..p6...w2RuT....|
004940  00 01 e9 35 2c 31 2e 11 00 0f 57 00 32 2c 32 2e   |...5,1....W.2,2.|
004950  11 00 0f 57 00 32 2c 33 2e 11 00 0f 45 83 2c 50   |...W.2,3....E.,P|
004960  43 6f 6e 74 72 5b f8 1a 6f 2f d2 08 18 00 0e d7   |Contr[..o/......|
004970  7e 0f 1b fd 13 15 6e 5f 21 06 11 00 0f c9 d8 34   |~.....n_!......4|
004980  21 58 69 38 2f 0b ce eb 0e 1d 00 0f a5 d9 34 01   |!Xi8/.........4.|
004990  98 01 4e 48 75 61 4c d2 5f 07 1c 00 0f 74 7d 2e   |..NHuaL._....t}.|
0049a0  1f 73 74 7d 04 01 36 ee 1f 41 1b 05 11 05 69 cc   |.st}..6..A....i.|
0049b0  6a 6c 69 64 65 72 2e 0f 00 0f d6 22 2d 21 51 69   |jlider....."-!Qi|
0049c0  0e 06 1d 67 65 2b 06 19 00 0e 93 0d 0f 01 88 1b   |...ge+..........|
0049d0  07 ba 01 4a 42 72 6f 6b bc eb 0e 1e 00 0f db fb   |...JBrok........|
0049e0  0f 06 d2 00 20 48 65 fd b9 0e 22 52 05 18 00 0f   |.... He..."R....|
0049f0  39 7e 05 0e 21 00 0e 59 0f 0f 77 00 29 3d 44 69   |9~..!..Y..w.)=Di|
004a00  42 98 67 0b 1e 00 0e 87 52 0f 71 00 2b 0d 3c e6   |B.g.....R.q.+.<.|
004a10  0a 1d 00 0e cd 08 0f 6f 00 29 0f 25 7f 02 0c 1f   |.......o.).%....|
004a20  00 0f 53 01 3b 0e 31 7f 0d 1e 00 0f 71 00 3c 0e   |..S.;.1.....q.<.|
004a30  3d 7f 0c 1e 00 0e 8c 15 0f 71 00 29 0e 99 56 09   |=........q.)..V.|
004a40  1c 00 0f 19 03 3b 0f 35 55 04 0e 21 00 0f 55 01   |.....;.5U..!..U.|
004a50  3b 0e a1 56 0d 1e 00 0f aa 02 3b 0e 3d 80 0e 1f   |;..V......;.=...|
004a60  00 0f 77 dd 12 46 46 61 73 68 d7 08 03 0e 00 55   |..w..FFash.....U|
004a70  5f 31 30 30 30 74 34 0a 15 00 0f 55 00 2c 04 2b   |_1000t4....U.,.+|
004a80  0a 0a 15 00 0f 55 00 2c 04 80 0c 0a 15 00 0f 55   |.....U.,.......U|
004a90  00 2c 04 5f 34 0a 15 00 0f 55 00 2b 1e 31 54 01   |.,._4....U.+.1T.|
004aa0  00 15 00 0f 55 00 2c 0e 54 01 00 15 00 0f 55 00   |....U.,.T.....U.|
004ab0  2c 0e 54 01 00 15 00 0f 55 00 2c 1f 34 55 00 01   |,.T.....U.,.4U..|
004ac0  0f 54 01 2c 1e 32 54 01 00 15 00 0f 55 00 2c 0e   |.T.,.2T.....U.,.|
004ad0  54 01 00 15 00 0f 55 00 2c 0e 54 01 00 15 00 0f   |T.....U.,.T.....|
004ae0  55 00 2c 1f 34 55 00 01 0f 54 01 2c 1e 33 54 01   |U.,.4U...T.,.3T.|
004af0  00 15 00 0f 55 00 2c 0e 54 01 00 15 00 0f 55 00   |....U.,.T.....U.|
004b00  2c 1f 33 55 00 01 0f 54 01 29 1e 31 fb 04 03 15   |,.3U...T.).1....|
004b10  00 0f 55 00 2c 1e 32 55 00 0f fb 04 2a 1e 32 aa   |..U.,.2U....*.2.|
004b20  00 04 15 00 0f b3 2d 2d 28 48 75 a1 7e 0b 16 00   |......--(Hu.~...|
004b30  0f 36 3b 34 30 47 6f 75 e4 84 2f 31 2e 1a 00 06   |.6;40Gou../1....|
004b40  0f 88 0e 30 1c 32 36 0f 1f 32 57 00 34 2c 32 2e   |...0.26..2W.4,2.|
004b50  11 00 0f 57 00 32 1c 33 57 00 0e ac 16 0f e1 2f   |...W.2.3W....../|
004b60  1d 00 22 70 00 e1 81 3d 70 65 74 16 3a 0a 1d 00   |.."p...=pet.:...|
004b70  0f 6b 00 3a 1f 32 6b 00 09 0e 2d 01 0f f7 2f 1e   |.k.:.2k...-.../.|
004b80  05 e1 0e 08 13 00 0f 38 0e 2d 20 48 65 cd 2f 0e   |.......8.- He./.|
004b90  5d 00 07 19 00 0e 5e 8a 0f 01 3a 1c 6d 61 76 65   |].....^...:.mave|
004ba0  42 6f 78 8b 01 05 18 00 0f 61 00 35 0c 81 01 05   |Box......a.5....|
004bb0  18 00 0f 5b c2 1a 98 52 65 70 61 69 72 4b 69 74   |...[...RepairKit|
004bc0  fd 0e 05 15 00 3a 5f 57 51 e3 16 0a 1a 00 0f 6a   |.....:_WQ......j|
004bd0  00 3c 1f 32 6a 00 06 0f d4 00 3d 09 d1 16 0a 1a   |.<.2j.....=.....|
004be0  00 0f 6a 00 3c 09 c5 3e 0a 1a 00 0f 6a 00 39 2e   |..j.<..>....j.9.|
004bf0  5a 42 a8 01 06 1a 00 0f 6a 00 3c 0e a8 01 05 1a   |ZB......j.<.....|
004c00  00 0f 6a 00 3c 0e a8 01 05 1a 00 0f 6a 00 3c 0e   |..j.<.......j.<.|
004c10  a8 01 05 1a 00 0f 13 3e 2d ac 57 65 61 70 6f 6e   |.......>-.Weapon|
004c20  54 72 61 69 29 0f 07 1a 00 0f da 04 11 0d 42 44   |Trai).........BD|
004c30  b1 42 61 74 74 6c 65 66 69 65 6c 64 f7 bc 1f 2e   |.Battlefield....|
004c40  1e 00 0a 0e 24 32 0f 1f 3e 20 05 fd 01 0d 18 00   |....$2..> ......|
004c50  0f 9c 05 2d 94 50 6c 61 6e 74 5f 43 61 76 fe 15   |...-.Plant_Cav..|
004c60  0e 19 00 0e b9 10 0f 63 00 21 af 47 72 61 73 73   |.......c.!.Grass|
004c70  6c 61 6e 64 2e 1e 00 0a 0f d0 00 33 5f 48 69 6c   |land.......3_Hil|
004c80  6c 2e 19 00 05 0f d4 65 2d 02 4a 00 85 52 61 69   |l......e-.J..Rai|
004c90  6e 46 6f 72 65 8c ea 0f 1f 00 05 0e a3 10 0f 6f   |nFore..........o|
004ca0  00 21 9e 53 6e 6f 77 6d 6f 75 6e 74 d0 02 0e 21   |.!.Snowmount...!|
004cb0  00 0f 3c 03 2d 03 52 00 5f 77 61 6d 70 2e 1a 00   |..<.-.R._wamp...|
004cc0  06 0f fd 37 2d 02 4b 00 7f 56 61 6c 6c 65 79 2e   |...7-.K..Valley.|
004cd0  1b 00 07 0e c4 2c 0f 67 00 22 5c 6f 6c 63 61 6e   |.....,.g."\olcan|
004ce0  8e 39 09 1c 00 0f 17 02 2d 92 54 6f 74 65 6d 50   |.9......-.TotemP|
004cf0  6f 6c 65 60 14 0c 51 ab 0c 1f 00 0f 17 0a 2d 06   |ole`..Q.......-.|
004d00  50 00 3e 44 75 59 6d 00 08 1d 00 0f da 00 36 00   |P.>DuYm.......6.|
004d10  ac 0c 06 4c 2f 0f 1f 00 05 0f 7e ab 2b 67 4d 6f   |...L/.....~.+gMo|
004d20  6f 73 65 2e 0c 00 0e 77 84 0f 4f 00 1e 6c 5f 53   |ose....w..O..l_S|
004d30  6c 65 64 2e 11 00 0f 68 ed 25 15 6a a1 cf 74 61   |led....h.%.j..ta|
004d40  6c 63 65 64 6f 6e bf 02 0b 16 00 0f 05 a5 2b 5c   |lcedon........+\|
004d50  50 6f 69 73 6f 62 49 02 15 00 0f 4e f2 24 00 33   |PoisobI....N.$.3|
004d60  1d 3a 52 61 6e 8f 81 05 15 00 0f cc 38 1b 0c 67   |.:Ran.......8..g|
004d70  01 5b 4b 75 72 6d 61 08 1e 09 14 00 0e d8 05 0f   |.[Kurma.........|
004d80  61 1e 20 0d 19 8d 09 16 00 0f 3a b7 32 02 1a 1f   |a. .......:.2...|
004d90  0f 18 00 04 0f 96 b9 33 1e 65 9e b7 09 1a 00 0f   |.......3.e......|
004da0  c8 00 31 00 6d 76 05 6f 0d 0d 18 00 0f 51 77 35   |..1.mv.o.....Qw5|
004db0  1e 4c c8 00 07 1a 00 0f 66 00 32 04 53 02 0f 1a   |.L......f.2.S...|
004dc0  00 06 0f 13 49 34 02 4c 00 0e a7 48 07 1c 00 0f   |....I4.L...H....|
004dd0  d4 a3 32 26 59 69 ea f7 0c 17 00 0e eb 06 0f 61   |..2&Yi.........a|
004de0  00 20 03 36 79 0c 9c 9d 09 1b 00 0f 69 00 3a 0b   |. .6y.......i.:.|
004df0  aa 9d 09 1b 00 0f 69 00 3a 0c a6 94 08 1b 00 0f   |......i.:.......|
004e00  69 00 3a 09 96 0c 0b 1b 00 0f 69 00 3a 1f 35 69   |i.:.......i.:.5i|
004e10  00 07 0f a5 e0 12 05 6a 0d 58 45 6d 6f 74 65 68   |.......j.XEmoteh|
004e20  00 01 11 00 29 5f 32 83 53 04 14 00 0f 5a 00 32   |....)_2.S....Z.2|
004e30  3e 38 2e 44 14 00 0f 5a 00 32 3e 39 2e 44 14 00   |>8.D...Z.2>9.D..|
004e40  0f 5a 00 31 14 33 39 54 09 14 00 0f 5a 00 32 09   |.Z.1.39T....Z.2.|
004e50  6d 03 04 14 00 0f 5a 00 32 09 5e 03 04 14 00 0f   |m.....Z.2.^.....|
004e60  5a 00 32 09 4f 03 04 14 00 0f 5a 00 32 09 40 03   |Z.2.O.....Z.2.@.|
004e70  04 14 00 0f 5a 00 32 09 31 03 04 14 00 0f 5a 00   |....Z.2.1.....Z.|
004e80  32 09 3f 50 04 14 00 0f 5a 00 32 0d 84 03 00 14   |2.?P....Z.2.....|
004e90  00 0f 5a 00 32 0d 84 03 00 14 00 0f 5a 00 32 2e   |..Z.2.......Z.2.|
004ea0  39 2e 14 00 0f 84 03 32 1d 34 84 03 00 14 00 0f   |9......2.4......|
004eb0  5a 00 32 0d 84 03 00 14 00 0f 5a 00 32 0d 84 03   |Z.2.......Z.2...|
004ec0  00 14 00 0f 5a 00 32 0d 84 03 00 14 00 0f 5a 00   |....Z.2.......Z.|
004ed0  32 0d 84 03 00 14 00 0f 5a 00 32 0d 84 03 00 14   |2.......Z.2.....|
004ee0  00 0f 5a 00 32 0d 84 03 00 14 00 0f 5a 00 32 0d   |..Z.2.......Z.2.|
004ef0  84 03 00 14 00 0f 5a 00 32 0d 84 03 00 14 00 0f   |......Z.2.......|
004f00  5a 00 32 2e 39 2e 14 00 0f 84 03 32 1d 35 84 03   |Z.2.9......2.5..|
004f10  00 14 00 0f 5a 00 32 0d 84 03 00 14 00 0f 5a 00   |....Z.2.......Z.|
004f20  32 0d 84 03 00 14 00 0f 5a 00 32 0d 84 03 00 14   |2.......Z.2.....|
004f30  00 0f 5a 00 32 0d 84 03 00 14 00 0f 5a 00 32 0d   |..Z.2.......Z.2.|
004f40  84 03 00 14 00 0f 5a 00 32 0d 84 03 00 14 00 0f   |......Z.2.......|
004f50  5a 00 32 0d 84 03 00 14 00 0f 5a 00 32 0d 84 03   |Z.2.......Z.2...|
004f60  00 14 00 0f 5a 00 32 2e 39 2e 14 00 0f 84 03 32   |....Z.2.9......2|
004f70  1d 36 84 03 00 14 00 0f e4 5b 1f cd 42 65 61 63   |.6.......[..Beac|
004f80  6f 6e 54 6f 77 65 72 2e 12 00 0f f8 13 19 04 9e   |onTower.........|
004f90  c0 00 74 15 f1 02 6e 67 65 50 6c 61 74 66 6f 72   |..t...ngePlatfor|
004fa0  6d 5f 54 72 69 62 65 e6 18 0f 22 00 0e 0e fd 27   |m_Tribe..."....'|
004fb0  0f 6f 00 1f 6f 52 6f 62 62 65 72 70 00 0a 06 23   |.o..oRobberp...#|
004fc0  00 0f e5 21 27 1e 33 8a 27 04 15 00 0f 55 00 2c   |...!'.3.'....U.,|
004fd0  1e 32 55 00 0f 8f 22 2a 1e 33 8a 27 04 15 00 0f   |.2U..."*.3.'....|
004fe0  55 00 2c 0c e2 24 02 15 00 0f 55 00 2c 04 99 04   |U.,..$....U.,...|
004ff0  0a 15 00 0f 74 68 28 10 42 16 14 06 a5 a8 0d 18   |....th(.B.......|
005000  00 0f 32 7f 27 04 c9 90 4c 48 6f 75 73 fd 1a 09   |..2.'...LHous...|
005010  1c 00 0f 63 00 27 01 39 12 3e 47 75 69 63 00 0b   |...c.'.9.>Guic..|
005020  1c 00 0f 9e 20 19 0d 7b 2f 3e 59 75 58 62 00 0b   |.... ..{/>YuXb..|
005030  1b 00 0f 36 85 1f 05 b6 42 00 7b 45 0e 5f 00 08   |...6....B.{E._..|
005040  19 00 0f cb 18 19 01 15 16 05 96 69 33 69 6c 64   |...........i3ild|
005050  27 16 85 48 61 6e 64 52 61 69 6c b8 12 0f 1d 00   |'..HandRail.....|
005060  03 0f 9f 02 27 1e 34 f3 03 04 15 00 0f 55 00 2c   |....'.4......U.,|
005070  1e 32 55 00 0f f3 03 2a 1e 34 f3 03 04 15 00 0f   |.2U....*.4......|
005080  bd ac 2a 8e 42 65 65 50 75 70 61 2e 13 00 0f ac   |..*.BeePupa.....|
005090  00 2c 0c 4a 04 02 15 00 0f 56 6a 26 0c ba 68 02   |.,.J.....Vj&..h.|
0050a0  14 00 0f de cf 14 01 65 02 65 46 65 73 74 69 76   |.......e.eFestiv|
0050b0  7a 13 04 0f 00 cf 5f 52 65 64 4c 61 6e 74 65 72   |z....._RedLanter|
0050c0  6e 2e 1a 00 06 0f 5a aa 23 06 a8 7c 25 72 6b cf   |n.....Z.#..|%rk.|
0050d0  1c 07 12 00 0f 0c 1a 11 1c 53 b5 bb 03 3b 00 35   |.........S...;.5|
0050e0  52 6f 61 65 1e 0d 18 00 0e d9 03 0f 59 00 17 8f   |Roae........Y...|
0050f0  53 65 74 4d 65 61 6c 2e 1a 00 06 0f 18 02 2c 1e   |SetMeal.......,.|
005100  35 18 02 03 0d 06 1f 5c d0 1b 2c 9f 41 63 74 69   |5......\..,.Acti|
005110  76 69 74 79 2e 15 00 01 0e f8 d3 0f 2a 02 1f 34   |vity........*..4|
005120  54 72 65 f0 04 09 14 00 0e 9c 19 0f 5c 00 1f 0a   |Tre.........\...|
005130  f3 f1 0c 17 00 0f e8 02 31 30 46 6f 6f 51 a4 4f   |........10FooQ.O|
005140  73 69 63 2e 1a 00 06 0f 68 00 36 6f 44 72 69 6e   |sic.....h.6oDrin|
005150  6b 2e 1a 00 06 0e 06 1a 0f 68 00 24 34 4d 65 61   |k........h.$4Mea|
005160  06 03 0e 19 00 0f ce 00 36 01 13 20 1f 2e 1a 00   |........6.. ....|
005170  06 0e 6e 1a 0f 68 00 24 09 29 04 0f 1b 00 01 0f   |..n..h.$.)......|
005180  4c c0 2b 00 0e 22 5f 42 61 6c 6c 2e 17 00 03 0f   |L.+.."_Ball.....|
005190  56 89 11 05 c3 0c 0b c8 00 03 63 d7 03 ee af 0e   |V.........c.....|
0051a0  d6 02 0f 25 00 10 00 7f 00 1f 80 7f 00 3b 0d f3   |...%.........;..|
0051b0  02 0f 28 00 0e 0f 85 00 45 08 10 03 0f 28 00 0e   |..(.....E....(..|
0051c0  00 85 00 1f 7e 85 00 40 07 2d 03 0f 27 00 0d 0f   |....~..@.-..'...|
0051d0  08 01 45 08 4a 03 0f 28 00 0e 00 85 00 1f 82 85   |..E.J..(........|
0051e0  00 40 0e 90 07 0f 29 00 0a 0e ca 0a 0f 87 00 25   |.@....)........%|
0051f0  0e 79 00 0b 1b 00 0f 5c 07 27 1e 35 ca 0a 04 15   |.y.....\.'.5....|
005200  00 0f 55 00 2a 1e 31 55 00 01 15 00 0f 5c 05 31   |..U.*.1U.....\.1|
005210  85 47 6f 6c 64 65 6e 44 65 a7 10 1e 46 1a 00 0f   |.GoldenDe...F...|
005220  89 02 40 0d 77 00 0f 28 00 0e 0e 6d 76 0f ed 00   |..@.w..(...mv...|
005230  1f 40 53 70 72 69 97 22 7d 69 66 74 54 61 62 6c   |.@Spri."}iftTabl|
005240  49 08 0c 20 00 0f 55 06 36 02 59 00 1f 2e 1b 00   |I.. ..U.6.Y.....|
005250  07 0f 6a 00 31 40 53 74 72 69 2a 77 2d 67 68 28   |..j.1@Stri*w-gh(|
005260  07 07 1b 00 0f 48 01 31 06 f9 6a 0e d9 00 0e 20   |.....H.1..j.... |
005270  00 02 de 00 1f 6b 9d 09 33 0f 72 00 04 0a 1e 00   |.....k..3.r.....|
005280  0f 75 08 31 00 3f ba 55 77 6f 72 6b 5f 7c 03 0e   |.u.1.?.Uwork_|..|
005290  1a 00 0f 68 00 3a 05 ae 0e 0e 1a 00 0f 6d 76 11   |...h.:.......mv.|
0052a0  0d 4c 0c 00 ac f5 1c 4a 59 9b 03 14 00 00 51 00   |.L.....JY.....Q.|
0052b0  1f 8f d2 03 1e 02 5d 01 0f 6e 08 12 0a a7 01 0f   |......]..n......|
0052c0  2c 00 12 00 94 00 1f 93 94 00 42 0e af 02 0f 2e   |,.........B.....|
0052d0  00 19 00 98 00 1f 87 98 00 42 0d f6 0e 0f 28 00   |.........B....(.|
0052e0  0e 00 8c 00 1f 83 8c 00 42 0e 2e 02 0f 26 00 09   |........B....&..|
0052f0  00 88 00 1f 89 88 00 43 0d c5 04 0f 29 00 0f 0f   |.......C....)...|
005300  8e 00 47 0e bd 05 0f 29 00 0f 0f c3 d2 2b 9d 43   |..G....).....+.C|
005310  6f 6c 6f 72 52 69 62 62 63 2a 07 1a 00 00 63 00   |olorRibbc*....c.|
005320  1f 67 e0 04 36 3f 5f 56 2e 1c 00 08 0f 59 0f 11   |.g..6?_V.....Y..|
005330  03 2a 75 0a c1 08 06 f0 71 46 48 61 74 31 8e 13   |.*u.....qFHat1..|
005340  0d 18 00 0f 62 00 36 0e 7e 73 03 18 00 0f 62 00   |....b.6.~s....b.|
005350  36 0e 84 73 03 18 00 0f 7b 1a 32 0d a5 1d 00 14   |6..s....{.2.....|
005360  00 0f aa 76 29 29 38 2e 0e 00 0f 4b 00 29 29 39   |...v))8....K.))9|
005370  2e 0e 00 0f 4b 00 28 39 31 30 2e 0e 00 0f 4b 00   |....K.(910....K.|
005380  29 19 31 4b 00 0f 2c 01 29 05 56 40 03 0e 00 0f   |).1K..,.).V@....|
005390  d1 01 32 2e 32 2e 14 00 0f 5a 00 33 0d 1c 1f 00   |..2.2....Z.3....|
0053a0  14 00 0f 5a 00 32 2e 34 2e 14 00 0f df 02 33 0d   |...Z.2.4......3.|
0053b0  1c 1f 00 14 00 0f 5a 00 32 0d 1c 1f 00 14 00 0f   |......Z.2.......|
0053c0  5a 00 32 2e 37 2e 14 00 01 1c 1f 1f 74 96 aa 36   |Z.2.7.......t..6|
0053d0  00 d2 4b 6f 76 65 79 6f 72 2e 22 00 0e 0e f5 9b   |..Koveyor.".....|
0053e0  0f 79 00 32 5f 5f 42 6f 78 2e 26 00 12 0f 79 5d   |.y.2__Box.&...y]|
0053f0  1f 01 ce 37 00 de ca 35 72 6f 75 63 36 0a 15 00   |...7...5rouc6...|
005400  0e 63 10 0f d6 00 33 7f 50 69 6c 6c 61 72 2e 29   |.c....3.Pillar.)|
005410  00 15 0f 8a 1b 27 06 90 ca 1f 2e 19 00 05 00 5d   |.....'.........]|
005420  00 1f 76 21 cb 2e 11 46 4a 00 24 61 69 2b 7c 20   |..v!...FJ.$ai+| |
005430  53 6d 4a 14 0f 20 00 0c 0e ae 02 0f 7b 00 26 4f   |SmJ.. ......{.&O|
005440  46 61 4d 75 7a 00 08 0b 1f 00 0f f4 00 38 5f 57   |FaMuz........8_W|
005450  61 4a 75 65 7a 00 08 0c 20 00 0a e3 1a 40 41 64   |aJuez... ....@Ad|
005460  64 69 e6 03 51 4d 61 70 30 31 89 00 12 50 89 00   |di..QMap01...P..|
005470  00 d6 03 1e 2f 75 f1 2b 4b 2e 10 00 0a de 1b 0f   |..../u.+K.......|
005480  4f 00 1c 8e 53 6f 62 65 63 6b 2e 42 14 00 0f 57   |O...Sobeck.B...W|
005490  00 2b 7e 63 61 72 61 62 2e 42 14 00 0a 2c 13 0f   |.+~carab.B...,..|
0054a0  57 00 0f 0c d3 08 31 44 4c 43 21 3b 00 52 00 0e   |W.....1DLC!;.R..|
0054b0  89 7d 09 1e 00 0f 6b 00 39 0e 20 0a 09 1e 00 0f   |.}....k.9. .....|
0054c0  6b 00 39 0e 29 0a 09 1e 00 0f 6b 00 39 0e 32 0a   |k.9.).....k.9.2.|
0054d0  09 1e 00 0f 6b 00 39 0e c5 7d 09 1e 00 0a 48 36   |....k.9..}....H6|
0054e0  0f 6b 00 0b 51 4d 61 74 65 72 50 76 00 12 f8 08   |.k..QMaterPv....|
0054f0  65 a7 7e 4b 5f 42 6f 6e 65 2e 13 00 0f 5f 00 35   |e.~K_Bone...._.5|
005500  25 53 6b 48 3b 08 13 00 0a 9d 1c 0f 5f 00 27 01   |%SkH;......._.'.|
005510  f9 c7 2e 2e 44 14 00 0a 40 32 0f 61 00 24 03 81   |....D...@2.a.$..|
005520  03 01 aa c7 1f 2e 18 00 04 0a fd 25 0f 69 00 2b   |...........%.i.+|
005530  7a 54 65 6e 74 61 63 6c c7 d7 0a 1b 00 0f d8 00   |zTentacl........|
005540  39 0d 3d 01 08 18 00 0a 77 3c 0f 69 00 25 02 19   |9.=.....w<.i.%..|
005550  05 0c 64 02 07 17 00 0f 67 00 39 0c 6c 02 07 17   |..d.....g.9.l...|
005560  00 0f 37 01 33 02 50 00 0e 37 01 07 18 00 0f 0f   |..7.3.P..7......|
005570  02 14 a3 50 72 6f 70 2f 45 71 75 69 70 66 00 03   |...Prop/Equipf..|
005580  db 03 29 5f 31 c9 bf 00 f3 03 02 17 00 1f 2e 17   |..)_1...........|
005590  00 03 0f 6f 00 2d 1f 32 6f 00 03 0b 14 fe 05 17   |...o.-.2o.......|
0055a0  00 0f 6f 00 2d 1f 33 6f 00 03 04 6a 6f 0c 17 00   |..o.-.3o...jo...|
0055b0  0a d3 3f 0f 4d 01 37 0f e0 00 05 1c 31 60 5c 0f   |..?.M.7.....1`\.|
0055c0  51 01 37 0f 53 01 07 0e 73 00 0f 55 01 34 0f 73   |Q.7.S...s..U.4.s|
0055d0  00 05 1e 33 7e 07 0f 59 01 25 01 06 c2 0c a4 02   |...3~..Y.%......|
0055e0  0a 15 00 0f 6b 00 2d 1e 32 6b 00 06 a0 02 0a 15   |....k.-.2k......|
0055f0  00 0f 6b 00 2d 1e 33 6b 00 06 9c 02 0a 15 00 0f   |..k.-.3k........|
005600  e7 03 35 0b 2c 01 0e d8 00 06 96 02 1f 6a 45 01   |..5.,........jE.|
005610  3e 0f 47 01 05 0f e7 03 36 0b 34 01 0e 6f 00 06   |>.G.....6.4..o..|
005620  8e 02 1f 6c 4d 01 30 04 3c c4 0c 91 02 0d 18 00   |...lM.0.<.......|
005630  0f 71 00 2d 1e 32 71 00 09 97 02 0d 18 00 0f 71   |.q.-.2q........q|
005640  00 2d 1f 33 71 00 04 1e 33 71 00 06 a0 02 1f 70   |.-.3q...3q.....p|
005650  53 01 41 0e e4 00 0a a6 02 1f 70 57 01 41 0f 59   |S.A.......pW.A.Y|
005660  01 08 0e 75 00 0f 5b 01 35 0e 75 00 0a b2 02 0f   |...u..[.5.u.....|
005670  5f 01 31 06 91 c6 0c b4 02 1e 58 1a 00 0f 5f 01   |_.1.......X..._.|
005680  35 0e 5b 00 1f 32 75 00 06 0f 5f 01 36 0e 5b 00   |5.[..2u..._.6.[.|
005690  1e 33 75 00 08 be 02 1f 74 5f 01 43 0e ec 00 0c   |.3u.....t_.C....|
0056a0  c2 02 1f 74 63 01 43 0f 65 01 0a 0e 79 00 0f 67   |...tc.C.e...y..g|
0056b0  01 37 0e 79 00 0c ca 02 1f 68 6b 01 32 1e 65 0b   |.7.y.....hk.2.e.|
0056c0  08 0c 16 00 0f 6d 00 2d 1e 32 6d 00 09 be 02 1c   |.....m.-.2m.....|
0056d0  65 0e 08 1f 68 53 01 32 1e 65 0f 08 0c 16 00 0f   |e...hS.2.e......|
0056e0  c3 06 35 0c 31 01 0e dc 00 07 aa 02 1f 6c 4b 01   |..5.1........lK.|
0056f0  3f 0f 4d 01 06 0f c3 06 36 0c 39 01 0e 71 00 0f   |?.M.....6.9..q..|
005700  a4 0a 3c 01 44 cb 0c 99 02 0a 15 00 0f a4 0a 35   |..<.D..........5|
005710  09 56 00 1e 32 6b 00 0f a4 0a 38 09 56 00 1e 33   |.V..2k....8.V..3|
005720  6b 00 0f a4 0a 38 0b 2c 01 0e d8 00 0f a4 0a 3b   |k....8.,.......;|
005730  0b 30 01 0e 47 01 0f a4 0a 3b 0b 34 01 0e 6f 00   |.0..G....;.4..o.|
005740  0f 28 05 26 60 61 6e 64 69 74 73 67 00 33 45 47   |.(.&`anditsg.3EG|
005750  5f 0e 00 00 e5 7d 62 41 72 6d 5f 4c 76 8b 02 0f   |_....}bArm_Lv...|
005760  1a 00 03 0f 6d 00 3f 1f 32 6d 00 06 0f da 00 40   |....m.?.2m.....@|
005770  2f 33 2e 1a 00 06 0f 6d 00 3f 2f 34 2e 1a 00 06   |/3.....m.?/4....|
005780  0e 23 02 0f 6d 00 26 01 b0 78 0e b5 01 09 1b 00   |.#..m.&..x......|
005790  0f 6f 00 40 0e b7 01 06 1b 00 0f 6f 00 40 0e b9   |.o.@.......o.@..|
0057a0  01 06 1b 00 0f 6f 00 40 1f 34 6f 00 07 0f bc 01   |.....o.@.4o.....|
0057b0  38 00 cd 23 1e 74 bc 01 0a 1b 00 0f 6f 00 40 0e   |8..#.t......o.@.|
0057c0  bc 01 06 1b 00 0f 6f 00 40 0e bc 01 06 1b 00 0f   |......o.@.......|
0057d0  6f 00 40 0e bc 01 06 1b 00 0f e5 03 38 3e 4c 65   |o.@.........8>Le|
0057e0  67 bb 01 09 1a 00 0f 6d 00 3f 0e b9 01 05 1a 00   |g......m.?......|
0057f0  0f 6d 00 3f 0e b7 01 05 1a 00 0f 6d 00 3f 0e b5   |.m.?.......m.?..|
005800  01 05 1a 00 0a fc 2a 0f 6d 00 11 00 cb e1 03 6a   |......*.m......j|
005810  00 01 9b 3e 10 45 c8 8a 0b dc 06 0e 19 00 0f 68   |...>.E.........h|
005820  00 3b 04 ab 01 0e 19 00 0f 68 00 3b 04 a6 01 0e   |.;.......h.;....|
005830  19 00 0f 68 00 3b 1f 34 68 00 05 0b 4f 5b 0f 68   |...h.;.4h...O[.h|
005840  00 26 0c c8 06 1e 54 1a 00 0f 6a 00 3c 0e a3 01   |.&....T...j.<...|
005850  09 c2 06 0f 6a 00 38 0e a5 01 09 bd 06 0f 6a 00   |....j.8.......j.|
005860  38 1f 34 6a 00 06 0f a8 01 35 0c b4 06 0e 1a 00   |8.4j.....5......|
005870  0f a8 01 35 0c af 06 0e 1a 00 0f a8 01 35 0c aa   |...5.........5..|
005880  06 0e 1a 00 0f a8 01 35 0c a5 06 0e 1a 00 0f f0   |.......5........|
005890  04 35 0b a0 06 0e 19 00 0f 68 00 3b 1f 32 68 00   |.5.......h.;.2h.|
0058a0  05 0f f0 04 35 0b 96 06 0e 19 00 0f 68 00 3b 0e   |....5.......h.;.|
0058b0  a1 01 0f 90 06 39 0e 6c 0d 0e 19 00 0f 68 00 3b   |.....9.l.....h.;|
0058c0  1e 32 68 00 0f 90 06 38 0e 62 0d 0e 19 00 0f 68   |.2h....8.b.....h|
0058d0  00 3b 1e 34 68 00 0f 90 06 38 0e 58 0d 0f 1a 00   |.;.4h....8.X....|
0058e0  01 0f 6a 00 3c 0e a3 01 0f 90 06 3a 0e 4e 0d 0f   |..j.<......:.N..|
0058f0  1a 00 01 0f 6a 00 3c 0e a7 01 0f 90 06 3a 0e 44   |....j.<......:.D|
005900  0d 0f 1a 00 01 0f 6a 00 3c 0e a8 01 0f 90 06 3a   |......j.<......:|
005910  0e 3a 0d 0f 1a 00 01 0f 6a 00 3c 0e a8 01 0f 90   |.:......j.<.....|
005920  06 3a 0e 30 0d 0e 19 00 0f 68 00 3b 0e a5 01 0f   |.:.0.....h.;....|
005930  90 06 39 0e 26 0d 0e 19 00 0f 68 00 3b 0e a1 01   |..9.&.....h.;...|
005940  0f 90 06 27 48 57 6f 6c 66 68 00 1f 46 20 0d 05   |...'HWolfh..F ..|
005950  09 19 00 0f 68 00 3b 09 a0 01 09 19 00 0f 68 00   |....h.;.......h.|
005960  3b 09 a0 01 09 19 00 0f 68 00 3b 1e 34 68 00 0e   |;.......h.;.4h..|
005970  90 06 0f 68 00 29 0e 90 06 0d 1a 00 0f 6a 00 3c   |...h.).......j.<|
005980  0e a3 01 0e 90 06 0f 6a 00 33 0e a5 01 0e 90 06   |.......j.3......|
005990  0f 6a 00 33 1f 34 6a 00 06 0f a8 01 35 0e 90 06   |.j.3.4j.....5...|
0059a0  0d 1a 00 0f 6a 00 3c 1f 32 6a 00 06 0f a8 01 35   |....j.<.2j.....5|
0059b0  0e 90 06 0d 1a 00 0f 6a 00 3c 1f 34 6a 00 06 0f   |.......j.<.4j...|
0059c0  f0 04 35 0e 90 06 0b 19 00 0f 68 00 3b 1f 32 68   |..5.......h.;.2h|
0059d0  00 05 0f f0 04 35 0e 90 06 0b 19 00 0f 68 00 3b   |.....5.......h.;|
0059e0  0e a1 01 0f 90 06 39 0e 20 0d 0e 19 00 0f 68 00   |......9. .....h.|
0059f0  3b 1e 32 68 00 0f 90 06 38 0e 20 0d 0e 19 00 0f   |;.2h....8. .....|
005a00  68 00 3b 1e 34 68 00 0f 90 06 38 0f 20 0d 05 0a   |h.;.4h....8. ...|
005a10  1a 00 0f 6a 00 3c 0e a3 01 0f 90 06 3a 0f 20 0d   |...j.<......:. .|
005a20  05 0a 1a 00 0f 6a 00 3c 0e a7 01 0f 90 06 3a 0f   |.....j.<......:.|
005a30  20 0d 05 0a 1a 00 0f 6a 00 3c 0e a8 01 0f 90 06   | ......j.<......|
005a40  3a 0f 20 0d 05 0a 1a 00 0f 6a 00 3c 0e a8 01 0f   |:. ......j.<....|
005a50  90 06 3a 0e 20 0d 0e 19 00 0f 68 00 3b 0e a5 01   |..:. .....h.;...|
005a60  0f 90 06 39 0e 20 0d 0e 19 00 0f 68 00 3b 0e a1   |...9. .....h.;..|
005a70  01 08 90 06 0f 5e 7a 28 1e 33 5e 7a 0f 7a 57 2a   |.....^z(.3^z.zW*|
005a80  1e 32 55 00 04 15 00 0f 25 fa 2c 00 e2 05 2c 6f   |.2U.....%.,...,o|
005a90  72 4a 6f 02 15 00 00 5b 00 1f 4d 8b 89 20 3d 4d   |rJo....[..M.. =M|
005aa0  6f 6e 9d 37 02 13 00 0f 52 00 2b 2e 32 2e 13 00   |on.7....R.+.2...|
005ab0  0f a9 01 2c 1f 34 a9 01 01 0f fe 01 2d 0c c1 52   |...,.4......-..R|
005ac0  02 15 00 0f fe 01 2c 1e 34 fe 01 0f aa 00 2a 1e   |......,.4.....*.|
005ad0  32 aa 00 04 15 00 0f 9c 3e 32 0d 5e 5d 00 14 00   |2.......>2.^]...|
005ae0  0f 5a 00 32 2e 39 2e 14 00 0f 5e 5d 32 1d 37 5e   |.Z.2.9....^]2.7^|
005af0  5d 00 14 00 0a b4 02 0f 6c 35 0b 20 57 68 b7 1e   |].......l5. Wh..|
005b00  13 50 2c 76 10 5f 0f 00 02 9d 05 09 11 00 0f 52   |.P,v._.........R|
005b10  00 2d 2c 33 2e 11 00 0f 52 00 2d 2c 34 2e 11 00   |.-,3....R.-,4...|
005b20  0f 52 00 2d 2c 35 2e 11 00 0f 52 00 2d 2c 36 2e   |.R.-,5....R.-,6.|
005b30  11 00 0f 52 00 2d 2c 37 2e 11 00 0f 52 00 2d 1c   |...R.-,7....R.-.|
005b40  38 52 00 01 f2 02 1f 44 b8 3f 1e 16 54 aa ed 04   |8R.....D.?..T...|
005b50  0f 00 0f e9 7f 34 00 5f 40 16 59 c4 9e 1e 47 1a   |.....4._@.Y...G.|
005b60  00 0f 0b ef 1f 80 42 69 4e 61 6e 53 75 6f 24 7f   |......BiNanSuo$.|
005b70  1e 2e 13 00 0f 51 00 2a 2e 33 2e 13 00 0f 51 00   |.....Q.*.3....Q.|
005b80  2a 2e 34 2e 13 00 0f 51 00 2a 1e 35 51 00 0f 0c   |*.4....Q.*.5Q...|
005b90  be 29 05 67 65 03 0e 00 0f 51 c1 2e 0a b8 65 0b   |.).ge....Q....e.|
005ba0  1b 00 0e 7f 41 0f 99 7b 12 0c 4b 3a 09 84 7b 03   |....A..{..K:..{.|
005bb0  9a 2c 0f 1f 00 0b 0e 3c ef 0f 79 00 35 0e f2 7c   |.,.....<..y.5..||
005bc0  0d 21 00 0f f6 00 46 0f 7b 00 0c 1f 32 f6 00 46   |.!....F.{...2..F|
005bd0  1f 32 7b 00 0f 0f f6 00 47 0e f9 7d 0a 1f 00 0f   |.2{.....G..}....|
005be0  f6 00 46 1f 33 f6 00 0d 1f 33 f6 00 48 0e 85 7e   |..F.3....3..H..~|
005bf0  0a 1f 00 0f f6 00 46 1f 34 f6 00 0d 1f 34 f6 00   |......F.4....4..|
005c00  48 2f 35 2e 1f 00 0b 0f f6 00 46 1e 35 f6 00 0d   |H/5.......F.5...|
005c10  21 00 0f 7a 4e 31 87 53 61 6e 78 69 6e 67 64 7e   |!..zN1.Sanxingd~|
005c20  b9 0f 1c 00 02 0f 6c 00 3c 1f 32 6c 00 08 0b 7d   |......l.<.2l...}|
005c30  cd 0f ef 3f 14 10 43 04 0f 09 62 7a 4c 75 66 61   |...?..C...bzLufa|
005c40  2e 11 00 0e e6 45 0f 5b 00 20 4a 46 69 67 2e 0f   |.....E.[. JFig..|
005c50  00 0a b9 60 0f 57 00 25 4b 6c 61 78 2e 10 00 0a   |...`.W.%Klax....|
005c60  08 49 0f 59 00 24 4a 47 61 72 6c f2 5b 02 12 00   |.I.Y.$JGarl.[...|
005c70  0f 26 44 22 0d 5d 00 7e 69 6e 67 65 6c 69 2e 13   |.&D".].~ingeli..|
005c80  00 0f c7 01 32 6c 4f 6e 69 6f 6e 2e 11 00 0f 5b   |....2lOnion....[|
005c90  00 32 2b 57 68 ff 5b 01 11 00 0a 5a 0d 0f 5b 00   |.2+Wh.[....Z..[.|
005ca0  14 3a 46 72 75 c0 83 5b 44 61 74 65 2e 10 00 0a   |.:Fru..[Date....|
005cb0  72 61 0f 5a 00 24 00 04 82 3c 70 65 2e 11 00 0a   |ra.Z.$...<pe....|
005cc0  cc 80 0f 5c 00 14 5d 53 65 65 64 2f 22 03 00 16   |...\..]Seed/"...|
005cd0  00 1f 2e 16 00 02 0a 4d 53 0f 65 00 24 01 0a 01   |.......MS.e.$...|
005ce0  0c 64 00 05 15 00 0f 5a 46 22 0c 63 00 00 91 03   |.d.....ZF".c....|
005cf0  0c 62 00 04 14 00 0f c4 00 32 01 9a 03 0d 62 00   |.b.......2....b.|
005d00  04 15 00 0f 15 45 22 0c 63 00 03 a2 03 0c 65 00   |.....E".c.....e.|
005d10  07 17 00 0f f3 01 32 02 3d 02 0d 66 00 05 16 00   |......2.=..f....|
005d20  0f 65 00 32 02 b3 03 0c 65 00 06 16 00 0a 76 f0   |.e.2....e.....v.|
005d30  0f 65 00 0b 00 dc 55 09 3b a4 0b b6 5c 13 42 9e   |.e....U.;...\.B.|
005d40  5c 1f 5f 50 00 24 00 20 00 8b 4c 6f 74 75 73 57   |\._P.$. ..LotusW|
005d50  61 74 5a 00 09 1a 00 0f 27 04 19 0c 64 00 00 ee   |atZ.....'...d...|
005d60  02 44 53 79 72 75 37 84 0a 15 00 0f 27 04 19 0c   |.DSyru7.....'...|
005d70  5a 00 99 46 69 73 68 5f 4b 61 73 68 fa 06 06 16   |Z..Fish_Kash....|
005d80  00 0f f1 0f 19 0d 5c 00 5c 6c 6f 75 72 2e 11 00   |......\.\lour...|
005d90  0e a2 16 0f 52 00 18 42 72 69 65 64 08 02 00 ac   |....R..Bried....|
005da0  57 2f 73 2e 1c 00 08 0a 71 68 0f 68 00 1b 55 49   |W/s.....qh.h..UI|
005db0  6e 63 65 6e 9a 6b 08 13 00 0f 10 01 29 3a 4b 61   |ncen.k......):Ka|
005dc0  53 67 01 05 62 01 0f be 01 25 01 ee 00 4e 73 61   |Sg..b....%...Nsa|
005dd0  6c 61 28 03 01 16 00 0f 04 01 29 8e 50 61 6e 63   |la(.......).Panc|
005de0  61 6b 65 2e 13 00 0a 7b 66 0f 56 00 1c ac 65 70   |ake....{f.V...ep|
005df0  70 65 72 6d 69 6e 74 77 2f 03 0b 1b 00 0a f6 57   |permintw/......W|
005e00  0f 66 00 1b 01 c3 69 20 65 64 8a 06 19 46 72 01   |.f....i ed...Fr.|
005e10  09 19 00 0f 62 00 31 0d 6e 08 09 19 00 0f 2a 01   |....b.1.n.....*.|
005e20  29 80 53 61 63 68 61 49 6e 63 f9 85 0b 88 01 0b   |).SachaInc......|
005e30  1b 00 0f 52 03 29 07 4b 00 3a 50 61 73 83 08 0c   |...R.).K.:Pas...|
005e40  1c 00 0f 30 01 29 ba 53 63 65 6e 74 65 64 70 6f   |...0.).Scentedpo|
005e50  77 64 f6 01 09 19 00 0a 3b 86 0f 62 00 1c 9a 70   |wd......;..b...p|
005e60  69 72 61 6c 5f 42 72 65 0e 03 08 18 00 0f 38 06   |iral_Bre......8.|
005e70  29 2a 57 69 d5 4c 00 10 00 0f 38 06 19 05 ed 06   |)*Wi.L....8.....|
005e80  09 b4 04 4e 61 6e 6b 69 6d 04 08 18 00 00 64 00   |...Nankim.....d.|
005e90  1f 4f 64 00 28 2a 4d 69 2f 66 00 10 00 0a 34 13   |.Od.(*Mi/f....4.|
005ea0  0f 54 00 1f 01 d1 06 39 6c 69 6c 89 65 05 15 00   |.T.....9lil.e...|
005eb0  0f 7d 67 1a 0c e3 0e 2f 4c 43 e7 0e 06 06 d5 3f   |.}g..../LC.....?|
005ec0  0f 22 00 0e 0f 83 00 4d 0e 6b 0f 0d 22 00 0f 83   |.".....M.k.."...|
005ed0  00 4d 0f 55 12 07 09 12 40 1f 82 89 01 49 0f 08   |.M.U....@....I..|
005ee0  01 10 03 4e 14 1f 82 8d 01 49 0f 8f 01 12 0f 87   |...N.....I......|
005ef0  00 4e 0f 6d 13 09 0b 5a 40 1f 7d ef 60 1f 9f 61   |.N.m...Z@.}.`..a|
005f00  6e 58 69 6e 67 44 75 69 f3 60 02 06 1f 00 0a 1e   |nXingDui.`......|
005f10  03 0f 21 00 02 0f 82 00 4d 1f 32 82 00 0d 0e d6   |..!.....M.2.....|
005f20  ab 0f 5c 58 27 00 ae 49 38 4c 69 65 c0 59 0f 1c   |..\X'..I8Lie.Y..|
005f30  00 02 0f b3 1e 2c 04 a4 5c 0a 15 00 0f 55 00 2c   |.....,..\....U.,|
005f40  04 9f 5c 0a 15 00 0f 55 00 2c 04 58 1e 0a 15 00   |..\....U.,.X....|
005f50  0f 55 00 2c 04 53 1e 0a 15 00 0f ab 90 11 05 67   |.U.,.S.........g|
005f60  fe 11 2f a9 1b 26 6f 75 08 59 03 11 00 9f 5f 45   |../..&ou.Y...._E|
005f70  78 70 6c 6f 64 65 2e 19 00 05 0f 33 db 2f 09 6c   |xplode.....3./.l|
005f80  1f 0b 1b 00 0f 5e 00 2f 09 70 1f 0b 1b 00 0f 5e   |.....^./.p.....^|
005f90  00 2e 1e 31 9e 1a 06 1b 00 0f 5e 00 2f 0e 22 5a   |...1......^./."Z|
005fa0  06 1b 00 0f 5e 00 2f 1f 32 5e 00 07 0e 55 9b 0f   |....^./.2^...U..|
005fb0  69 65 1a 01 1d 91 2e 2e 42 14 00 0e 5b 04 0f 94   |ie......B...[...|
005fc0  02 29 03 b0 5c 0f 1f 00 0b 0a c8 ab 0f 74 25 11   |.)..\........t%.|
005fd0  63 53 61 64 64 6c 65 7b 75 12 41 eb 96 02 0a 00   |cSaddle{u.A.....|
005fe0  0e a2 0a 0f 4c 00 1a 67 43 61 6d 65 6c 2e 0c 00   |....L..gCamel...|
005ff0  0e 52 0b 0f 50 00 1f 50 5f 50 65 6e 64 75 70 1e   |.R..P..P_Pendup.|
006000  42 14 00 0e 02 0b 0f 60 00 27 02 3f 27 0e 16 00   |B......`.'.?'...|
006010  0e 3a 11 0f 64 00 1a bc 52 68 69 6e 6f 63 65 72   |.:..d...Rhinocer|
006020  6f 73 2e 11 00 00 5a 00 1f 84 bc 60 37 20 44 6f   |os....Z....`7 Do|
006030  71 4d 0d 50 60 0f 2a 00 10 0f ae d1 1f 53 52 75   |qM.P`.*......SRu|
006040  51 69 6e f3 02 04 c5 03 09 14 00 0f 53 00 2b 04   |Qin.........S.+.|
006050  ba 03 09 14 00 0f 53 00 2b 04 b1 0a 09 14 00 0f   |......S.+.......|
006060  53 00 2b 04 63 1c 09 14 00 0f 53 00 2b 04 c0 1b   |S.+.c.....S.+...|
006070  09 14 00 0f 53 00 2b 1e 36 53 00 02 9c 23 1f 61   |....S.+.6S...#.a|
006080  f1 8e 1c 4b 53 75 6d 6d d5 b1 01 12 00 0c 32 fe   |...KSumm......2.|
006090  06 16 00 0f 66 00 3a 0b 63 fd 06 16 00 0f cc 00   |....f.:.c.......|
0060a0  3b 0a 30 fe 06 16 00 0f 66 00 3b 0a fd fe 06 16   |;.0.....f.;.....|
0060b0  00 0f 32 01 3b 0a 2e fe 06 16 00 0f d3 6a 36 0e   |..2.;........j6.|
0060c0  36 60 03 18 00 0f 71 82 2c 0c f0 0a 02 15 00 0f   |6`....q.,.......|
0060d0  4e de 26 03 32 01 0e e4 6b 06 1a 00 0f 13 01 36   |N.&.2...k......6|
0060e0  0e b2 de 03 18 00 0f 13 01 2c 1e 37 13 01 03 ae   |.........,.7....|
0060f0  0b 1f 45 b7 00 13 02 3f 00 ab 55 53 42 5f 45 6d   |..E....?..USB_Em|
006100  70 74 79 2e 10 00 0e d9 7f 0f 8f d6 18 05 b1 05   |pty.............|
006110  05 10 00 0f 4f 00 2b 1b 33 4f 00 0f 47 2d 1a 0a   |....O.+.3O..G-..|
006120  2c 2d 8c 4e 75 50 61 6f 5f 50 72 26 9c 05 18 00   |,-.NuPao_Pr&....|
006130  0f 60 74 11 05 90 0e 04 8b 09 05 58 0e 30 58 75   |.`t........X.0Xu|
006140  6e e5 54 30 59 69 57 2a b3 3f 61 6f 2e 22 00 0e   |n.T0YiW*.?ao."..|
006150  0f 2b 68 27 02 b3 00 25 49 72 f3 15 0e 19 00 0f   |.+h'...%Ir......|
006160  80 1f 19 01 63 14 1c 46 2b 1c 00 e0 1a 15 41 a9   |....c..F+.....A.|
006170  87 09 14 00 0e ed 1c 0f 5d 00 24 0b a4 0f 05 16   |........].$.....|
006180  00 0e 38 61 0f 61 00 21 8a 44 72 6f 6d 65 64 61   |..8a.a.!.Dromeda|
006190  72 a8 79 09 1a 00 0e ed 4a 0f 69 00 2a 0e d0 00   |r.y.....J.i.*...|
0061a0  08 1c 00 0e a7 65 0f 6d 00 21 07 48 0a 0f 1b 00   |.....e.m.!.H....|
0061b0  07 0e 1f 64 0f 6b 00 2b 0e d9 00 09 1d 00 0f 67   |...d.k.+.......g|
0061c0  cf 19 04 ae 06 05 fb 89 09 c6 c9 46 72 65 6e 61   |...........Frena|
0061d0  b7 e9 09 14 00 0f 65 00 3d 1e 32 65 00 0f ca 00   |......e.=.2e....|
0061e0  3f 09 6a 06 04 14 00 0f 65 00 3b 00 e5 ba 0e 14   |?.j.....e.;.....|
0061f0  00 0f 2f 01 3c 0b 64 15 04 14 00 0f 65 00 3d 1e   |../.<.d.....e.=.|
006200  33 65 00 0f 2f 01 3d 00 de ac 0e 14 00 0f 2f 01   |3e../.=......./.|
006210  3c 0b 0c 16 04 14 00 0f 65 00 3d 1e 33 65 00 0f   |<.......e.=.3e..|
006220  2f 01 3d 2e 33 5f 2f 01 1f 33 2f 01 3d 0b b4 16   |/.=.3_/..3/.=...|
006230  04 14 00 0f 65 00 3d 1e 33 65 00 0f 2f 01 3d 2e   |....e.=.3e../.=.|
006240  34 5f 2f 01 1f 34 2f 01 3d 0b 5a 2a 04 14 00 0f   |4_/..4/.=.Z*....|
006250  65 00 3d 1e 33 65 00 0e 8b 9d 0f 65 00 2b 2e 45   |e.=.3e.....e.+.E|
006260  67 31 01 03 16 00 0f 69 00 3f 0e 35 01 01 16 00   |g1.....i.?.5....|
006270  0f 69 00 3f 1f 33 69 00 02 0e 40 cb 0f 69 00 2c   |.i.?.3i...@..i.,|
006280  59 4e 6f 4e 61 6d b1 1d 09 19 00 0e cd d5 0f 6f   |YNoNam.........o|
006290  00 29 0e 6d 00 07 17 00 0f 4f 6b 39 3a 54 61 69   |.).m.....Ok9:Tai|
0062a0  f6 6c 06 17 00 0f 83 92 11 6c 53 68 75 4a 75 4b   |.l.......lShuJuK|
0062b0  c4 7e 00 13 00 d6 5f 6e 76 6c 69 75 6c 61 6e 67   |.~...._nvliulang|
0062c0  7a 68 65 63 83 0f 23 00 09 0f 71 00 3a 2f 32 2e   |zhec..#...q.:/2.|
0062d0  23 00 0f 0f 71 00 3a 2f 33 2e 23 00 0f 0f 71 00   |#...q.:/3.#...q.|
0062e0  3a 2f 34 2e 23 00 0f 0f 71 00 3a 2f 35 2e 23 00   |:/4.#...q.:/5.#.|
0062f0  0f 0f 71 00 3a 2f 36 2e 23 00 0f 0f 71 00 3a 2f   |..q.:/6.#...q.:/|
006300  37 2e 23 00 0f 0f 71 00 3a 2f 38 2e 23 00 0f 0f   |7.#...q.:/8.#...|
006310  71 00 3a 2f 39 2e 23 00 0f 0f 71 00 39 0a ca 1a   |q.:/9.#...q.9...|
006320  0f 23 00 04 0f 71 00 3a 0e 6a 04 0e 23 00 0f 71   |.#...q.:.j..#..q|
006330  00 3a 0e 6a 04 0e 23 00 0f 71 00 3a 0e 6a 04 0e   |.:.j..#..q.:.j..|
006340  23 00 0f 71 00 3a 0e 6a 04 0e 23 00 0f 71 00 3a   |#..q.:.j..#..q.:|
006350  0e 6a 04 0e 23 00 0f 71 00 3a 0e 6a 04 0e 23 00   |.j..#..q.:.j..#.|
006360  0f 71 00 3a 0e 6a 04 0e 23 00 0f 71 00 3a 0e 6a   |.q.:.j..#..q.:.j|
006370  04 0e 23 00 0f 71 00 3a 1f 39 71 00 0f 0f 6a 04   |..#..q.:.9q...j.|
006380  3a 1e 32 6a 04 0e 23 00 0f 71 00 3a 0e 6a 04 0e   |:.2j..#..q.:.j..|
006390  23 00 0f 71 00 3a 0e 6a 04 0e 23 00 0f 71 00 3a   |#..q.:.j..#..q.:|
0063a0  0e 6a 04 0e 23 00 0f 71 00 3a 0e 6a 04 0e 23 00   |.j..#..q.:.j..#.|
0063b0  0f 71 00 3a 0e 6a 04 0e 23 00 0f 71 00 3a 1f 36   |.q.:.j..#..q.:.6|
0063c0  71 00 0f 0e 64 f7 0f 71 00 1b 10 77 49 00 1e 69   |q...d..q...wI..i|
0063d0  74 0b 0a 1d 00 0f 65 00 34 0e 94 02 08 1d 00 0f   |t.....e.4.......|
0063e0  65 00 34 0e 88 02 08 1d 00 0f 65 00 34 0e 7c 02   |e.4.......e.4.|.|
0063f0  08 1d 00 0f 65 00 34 0e 70 02 08 1d 00 0e 1e b8   |....e.4.p.......|
006400  0f 65 00 1a 7f 70 61 6e 6c 75 61 6e 71 0d 07 09   |.e...panluanq...|
006410  21 00 0f 6d 00 38 0e 05 02 0c 21 00 0f 6d 00 38   |!..m.8....!..m.8|
006420  0e 0d 02 0c 21 00 0f 6d 00 38 0e 15 02 0c 21 00   |....!..m.8....!.|
006430  0f 6d 00 38 0e 1d 02 0c 21 00 0e f0 42 0f 6d 00   |.m.8....!...B.m.|
006440  1a 8e 68 75 65 72 77 75 65 72 1f 02 0c 1f 00 0f   |..huerwuer......|
006450  69 00 36 0e 1b 02 0a 1f 00 0f 69 00 36 0e 17 02   |i.6.......i.6...|
006460  0a 1f 00 0f 69 00 36 0e 13 02 0a 1f 00 0e 4d 8c   |....i.6.......M.|
006470  0f 69 00 1a 4e 73 68 69 6b c0 03 0a 1c 00 0f 63   |.i..Nshik......c|
006480  00 33 0e 9b 01 07 1c 00 0e e7 29 0f 63 00 1a 7e   |.3........).c..~|
006490  63 68 61 6f 62 65 6e c8 00 0b 1e 00 0f 67 00 35   |chaoben......g.5|
0064a0  1f 32 67 00 0a 0f ce 00 36 0e 65 02 09 1e 00 0f   |.2g.....6.e.....|
0064b0  67 00 35 0e 63 02 09 1e 00 0e ef 28 0f 8c 06 1b   |g.5.c......(....|
0064c0  cf 65 69 7a 68 69 77 65 6e 6d 69 6e 67 27 08 05   |.eizhiwenming'..|
0064d0  0b 24 00 0f 73 00 3b 2f 32 2e 24 00 10 0f 73 00   |.$..s.;/2.$...s.|
0064e0  3b 2f 33 2e 24 00 10 0f 73 00 3b 1f 34 73 00 10   |;/3.$...s.;.4s..|
0064f0  0f cc 01 3c 2f 35 2e 24 00 10 0f 73 00 3b 2f 36   |...</5.$...s.;/6|
006500  2e 24 00 10 0f 73 00 3b 2f 37 2e 24 00 10 0f fd   |.$...s.;/7.$....|
006510  3f 19 21 53 68 3b 72 44 61 74 30 31 34 c2 00 a8   |?.!Sh;rDat014...|
006520  4a 02 12 00 1d 2e 12 00 0f 5b 00 1e 00 05 00 28   |J........[.....(|
006530  30 33 5b 00 02 12 00 1d 2e 12 00 0e dc 17 0f 5b   |03[............[|
006540  00 1e 87 52 61 66 74 53 74 65 65 02 93 0d 18 00   |...RaftStee.....|
006550  0e b1 22 0f 67 00 1f 7e 75 64 64 65 72 53 2e 13   |..".g..~udderS..|
006560  00 0e 31 42 0f 1f 01 1f 31 61 6e 64 68 be 1e 44   |..1B....1andh..D|
006570  14 00 0f bc 00 30 8e 45 6e 67 69 6e 65 53 2e 13   |.....0.EngineS..|
006580  00 0e f9 3f 0f bc 00 1f 89 70 65 65 64 53 61 69   |...?.....peedSai|
006590  6c 60 00 06 16 00 0e 06 44 0f 63 00 1d 00 87 38   |l`......D.c....8|
0065a0  3c 67 53 2e 11 00 0f bc 00 1e 48 44 65 63 6b 57   |<gS.......HDeckW|
0065b0  00 00 10 00 00 b0 3d 29 6f 72 f5 02 07 17 00 0e   |......=)or......|
0065c0  8c 24 0f 63 00 21 4e 57 61 6c 6c 62 00 01 16 00   |.$.c.!NWallb....|
0065d0  0e 4a 40 0f dd 01 24 08 85 db 0c 17 00 0f 07 c3   |.J@...$.........|
0065e0  19 58 45 67 79 70 74 64 a9 01 3e 03 68 68 69 63   |.XEgyptd..>.hhic|
0065f0  6b 65 6e ca a9 0e 1c 00 0e 8b aa 0f 69 00 1e 00   |ken.........i...|
006600  2e 42 00 cf 04 04 46 27 0d 18 00 0e 9d c4 0f 61   |.B....F'.......a|
006610  00 1c 49 48 69 70 70 b6 ab 0e 1a 00 0b 70 1c 0f   |..IHipp......p..|
006620  65 00 1f 00 ba 03 31 67 61 43 cc c7 1f 2e 1b 00   |e.....1gaC......|
006630  07 0f 56 05 23 1d 32 56 05 2d 32 2e 12 00 0f 33   |..V.#.2V.-2....3|
006640  04 23 1e 32 ef 04 2e 4d 2e 13 00 0f 33 04 23 1f   |.#.2...M....3.#.|
006650  32 33 04 02 09 60 00 06 16 00 0f 33 04 23 1c 32   |23...`.....3.#.2|
006660  33 04 2c 4d 2e 11 00 0f 19 01 30 02 58 03 2e 4d   |3.,M......0.X..M|
006670  2e 13 00 0f 08 06 23 09 5d 00 79 41 69 6c 65 72   |......#.].yAiler|
006680  6f 6e 5e 00 04 14 00 0f 30 02 2f 21 30 32 72 e7   |on^.....0./!02r.|
006690  1d 2e 12 00 0f 5b 00 32 07 5b 1f 07 12 00 0f 00   |.....[.2.[......|
0066a0  21 3d 0e bf 27 03 16 00 0f 69 00 3f 1f 32 69 00   |!=..'....i.?.2i.|
0066b0  02 0f d2 21 3e 0e c7 27 03 16 00 0f 69 00 3d 0e   |...!>..'....i.=.|
0066c0  cb 27 03 16 00 0f 69 00 3f 1f 32 69 00 02 0f 3b   |.'....i.?.2i...;|
0066d0  01 3e 0e d3 27 03 16 00 0f 69 00 3d 0e d7 27 03   |.>..'....i.=..'.|
0066e0  16 00 0f 69 00 3f 1f 32 69 00 02 0f 3b 01 3e 0e   |...i.?.2i...;.>.|
0066f0  df 27 03 16 00 0f 69 00 3d 0e e3 27 03 16 00 0f   |.'....i.=..'....|
006700  69 00 3f 1f 32 69 00 02 0f 3b 01 3e 0e eb 27 03   |i.?.2i...;.>..'.|
006710  16 00 0e 0e 50 0f 57 33 28 03 94 95 0f 19 00 05   |....P.W3(.......|
006720  0e 24 a5 0f 29 34 29 6b 61 63 6b 61 6c 4b 43 a0   |.$..)4)kackalKC.|
006730  0d 1d 00 0f e0 00 3b 02 1d 96 0f 19 00 05 0f dd   |......;.........|
006740  0b 33 5e 53 6c 6f 70 65 7b 0b 02 17 00 0f 53 46   |.3^Slope{.....SF|
006750  19 59 53 74 61 74 75 0d 02 02 12 00 04 f5 40 0a   |.YStatu.......@.|
006760  55 12 0a 1b 00 0a 37 01 0f 68 00 2c 0b 33 c7 0c   |U.....7..h.,.3..|
006770  1d 00 0f d4 00 39 0f 6a 00 08 1f 32 d4 00 39 0b   |.....9.j...2..9.|
006780  f4 04 0d 1d 00 0f d4 00 39 0a 17 13 0a 1b 00 0f   |........9.......|
006790  d4 00 39 0b 8d 04 0d 1d 00 0a a7 35 0f 58 99 12   |..9........5.X..|
0067a0  02 4e 4b 23 65 79 ff 9f 1e 2e 13 00 0f 55 00 2e   |.NK#ey.......U..|
0067b0  1e 32 55 00 0f aa 00 2f 2e 33 2e 13 00 0f 55 00   |.2U..../.3....U.|
0067c0  2e 1e 34 55 00 0b 5f c9 0f 55 00 1f 00 f4 9d 21   |..4U.._..U.....!|
0067d0  6e 73 28 bc 0e 5e 01 08 1d 00 0f 69 00 38 0e 72   |ns(..^.....i.8.r|
0067e0  01 08 1d 00 0f 69 00 38 1f 33 69 00 09 0f 87 13   |.....i.8.3i.....|
0067f0  24 1f 32 87 10 04 0e 1d 0d 03 18 00 0f 67 52 32   |$.2..........gR2|
006800  01 dc 49 0c 37 51 05 15 00 0f ae 4a 19 02 b7 fd   |..I.7Q.....J....|
006810  0f ab f4 02 4a 42 61 62 6f f4 4c 07 17 00 0e 24   |....JBabo.L....$|
006820  4c 0f 64 00 22 49 48 79 65 6e b9 4d 06 16 00 0e   |L.d."IHyen.M....|
006830  24 4c 0f 62 00 22 1b 4c b8 4d 05 15 00 0a 8e 38   |$L.b.".L.M.....8|
006840  0f 60 00 26 87 50 68 61 72 61 6f 68 48 38 a1 0e   |.`.&.PharaohH8..|
006850  1d 00 04 40 a1 1f 69 70 00 2f 0e 59 11 0f 1c 00   |...@..ip./.Y....|
006860  02 0f 04 02 34 02 f9 08 1f 2e 17 00 03 0e 2d 06   |....4.........-.|
006870  0f 64 00 22 0f 70 37 03 0b 1b 00 0f 92 6a 14 02   |.d.".p7......j..|
006880  9e 03 00 78 09 1a 6d 49 f8 04 14 00 0e d6 02 0c   |...x..mI........|
006890  1b 00 0e 6b 07 0f 6a 00 24 0d dc 02 0a 1a 00 0e   |...k..j.$.......|
0068a0  34 50 0f 68 00 24 0c e2 02 09 19 00 00 66 00 1f   |4P.h.$.......f..|
0068b0  71 66 00 31 0e e8 02 0f 21 00 08 0a 9a 0b 0f 76   |qf.1....!......v|
0068c0  00 28 0e ee 02 0f 20 00 06 0f 22 02 36 0e f4 02   |.(.... ...".6...|
0068d0  0b 1b 00 00 6a 00 1f 6d 6a 00 31 0e fa 02 0f 1f   |....j..mj.1.....|
0068e0  00 04 0f ce 03 34 0e 50 0d 07 17 00 0e f8 02 0f   |.....4.P........|
0068f0  64 00 28 0e 47 fb 05 19 00 0f 68 00 3b 0e 4c fb   |d.(.G.....h.;.L.|
006900  04 19 00 0f 9e 04 34 0e 18 0e 0e 1b 00 0b 3a b3   |......4.......:.|
006910  0f 6c 00 30 0e b9 ff 09 1d 00 0f 70 00 3f 0e ba   |.l.0.......p.?..|
006920  ff 08 1d 00 0f 80 02 35 0d f0 0e 07 17 00 0f 18   |.......5........|
006930  02 35 02 4d 00 0e 80 02 04 19 00 0f 68 00 3b 0e   |.5.M........h.;.|
006940  80 02 04 19 00 0f 90 04 36 0e 06 11 0b 1b 00 0e   |........6.......|
006950  5a 08 0f 6a 00 2a 0b b7 0d 0c 1d 00 0f 6e 00 3d   |Z..j.*.......n.=|
006960  0a 8f 0e 0c 1d 00 0f 6c 05 36 0f e0 11 04 0e 1f   |.......l.6......|
006970  00 0f 32 07 36 0e ce 03 0f 21 00 08 0f 76 00 41   |..2.6....!...v.A|
006980  1f 33 76 00 0d 0f a4 02 38 0e ca 12 0a 1b 00 0f   |.3v.....8.......|
006990  36 02 37 0e e0 03 0e 1d 00 0f 6e 00 3d 0f a4 02   |6.7.......n.=...|
0069a0  04 07 ea 03 1f 61 35 11 2c 00 85 dd 2b 72 64 76   |.....a5.,...+rdv|
0069b0  da 09 1a 00 0f 66 00 38 0e 98 11 05 1a 00 0f 66   |.....f.8.......f|
0069c0  00 38 1f 33 66 00 06 0f 32 01 39 0a 72 25 09 1a   |.8.3f...2.9.r%..|
0069d0  00 0f c5 f5 19 00 ae ca 01 49 9b 0b f2 df 02 15   |.........I......|
0069e0  00 02 63 4b 4a 72 79 73 74 19 0a 0f 21 00 02 0f   |..cKJryst...!...|
0069f0  77 00 38 01 74 4b 0e 77 00 0e 21 00 0f 77 00 3b   |w.8.tK.w..!..w.;|
006a00  01 85 4b 0e ee 00 0e 21 00 0f 77 00 3c 2e 46 4a   |..K....!..w.<.FJ|
006a10  77 00 0e 21 00 0f 65 01 3e 2e 4d 58 65 01 0e 21   |w..!..e.>.MXe..!|
006a20  00 05 77 00 1f 73 c8 16 36 0e 76 00 0e 23 00 0f   |..w..s..6.v..#..|
006a30  78 00 3f 1f 32 78 00 0f 1f 32 78 00 41 1f 33 78   |x.?.2x...2x.A.3x|
006a40  00 0f 05 23 00 0f 8e 1f 23 1d 31 19 22 2d 31 2e   |...#....#.1."-1.|
006a50  12 00 0f 5b 00 2f 2d 30 31 44 20 02 12 00 0f 5b   |...[./-01D ....[|
006a60  00 32 0c 44 20 02 12 00 0f b6 21 23 1e 31 9e 14   |.2.D .....!#.1..|
006a70  2e 4c 2e 13 00 0f 5d 00 30 02 19 23 2e 4c 2e 13   |.L....].0..#.L..|
006a80  00 0f c9 22 23 1c 31 c9 22 2c 4c 2e 11 00 0f 24   |..."#.1.",L....$|
006a90  02 2f 00 db be 15 6e 3d 11 07 12 00 0f 0c 16 23   |./....n=.......#|
006aa0  1f 31 0c 16 04 1f 4c 0c 16 04 0b c2 00 0f a4 c8   |.1....L.........|
006ab0  1d 00 e6 bd 12 44 cd e5 0e 16 00 0f c0 f6 2a 0e   |.....D........*.|
006ac0  ca c4 02 15 00 0f 55 00 2c 0e 6a f7 00 15 00 0f   |......U.,.j.....|
006ad0  55 00 2c 0e 6a f7 00 15 00 0f 55 00 2c 0e be f8   |U.,.j.....U.,...|
006ae0  00 15 00 0f 55 00 2c 0d 0e 7b 01 15 00 0f 55 00   |....U.,..{....U.|
006af0  2b 0e bb fb 01 15 00 0f 55 00 2c 1f 32 55 00 01   |+.......U.,.2U..|
006b00  0f a9 01 2c 0e bb fb 01 15 00 0f 55 00 2c 1f 34   |...,.......U.,.4|
006b10  55 00 01 0f a9 01 2c 05 8b 3e 0a 15 00 0f 55 00   |U.....,..>....U.|
006b20  2b 0e 10 fc 01 15 00 0f 55 00 2c 1f 32 55 00 01   |+.......U.,.2U..|
006b30  0f a9 01 2c 0e 10 fc 01 15 00 0f 55 00 2c 1f 34   |...,.......U.,.4|
006b40  55 00 01 0f b6 7d 2b 0e a6 04 02 15 00 0f 84 28   |U....}+........(|
006b50  14 08 60 9b 21 50 5f 09 00 96 5f 4e 65 63 6b 6c   |..`.!P_..._Neckl|
006b60  61 63 65 14 81 0e 17 00 0e 29 72 0f 5f 00 16 37   |ace......)r._..7|
006b70  52 69 6e 6f 81 0a 13 00 0e 51 1b 0f ab 65 1b 8b   |Rino.....Q...e..|
006b80  45 6e 65 72 67 79 53 74 93 b3 07 17 00 0f 67 d6   |EnergySt......g.|
006b90  19 09 f6 52 00 d9 5a 01 46 d2 0f e2 53 05 0d 20   |...R..Z.F...S.. |
006ba0  00 0a fd 74 0f cd 00 14 02 9d 8f 00 16 01 0f e0   |...t............|
006bb0  00 01 20 43 6c 86 b3 04 e2 9c 09 28 0f 0b 1b 00   |.. Cl......(....|
006bc0  0f 7d 00 4e 09 3f 0f 0b 1b 00 0f 7d 00 4e 09 56   |.}.N.?.....}.N.V|
006bd0  0f 0b 1b 00 0f 7d 00 4e 09 6d 0f 0b 1b 00 0a 08   |.....}.N.m......|
006be0  67 0f 7d 00 38 60 44 65 73 65 72 74 bf 84 0e f7   |g.}.8`Desert....|
006bf0  01 0a 1e 00 0f 83 00 51 0e fd 01 09 1e 00 0f 83   |.......Q........|
006c00  00 51 0e 03 02 09 1e 00 0f 83 00 51 1f 34 83 00   |.Q.........Q.4..|
006c10  0a 0f 0c 02 46 00 2f fc 30 61 67 65 eb 93 0e 0c   |....F./.0age....|
006c20  02 0a 1e 00 0f 83 00 51 0e 0c 02 09 1e 00 0f 83   |.......Q........|
006c30  00 51 0e 0c 02 09 1e 00 0f 83 00 51 0e 0c 02 09   |.Q.........Q....|
006c40  1e 00 0f 95 04 40 20 50 61 eb 22 0e 0c 06 0e 1b   |.....@ Pa.".....|
006c50  00 0f 7d 00 4e 09 03 02 0b 1b 00 0f 7d 00 4e 09   |..}.N.......}.N.|
006c60  fd 01 0b 1b 00 0f 7d 00 4e 1e 34 7d 00 0f 0c 06   |......}.N.4}....|
006c70  49 02 62 00 0f 0c 06 05 0e 1e 00 0f 83 00 51 0e   |I.b...........Q.|
006c80  fd 01 0f 0c 06 4d 0d 65 00 0e 03 02 0f 0c 06 4d   |.....M.e.......M|
006c90  0d 65 00 1f 34 83 00 0a 0f 0c 02 47 0f 0c 06 05   |.e..4......G....|
006ca0  0e 1e 00 0f 83 00 51 0e 0c 02 0f 0c 06 4d 0d 65   |......Q......M.e|
006cb0  00 0e 0c 02 0f 0c 06 4d 0d 65 00 0e 0c 02 0d 0c   |.......M.e......|
006cc0  06 1f 5e 27 3c 33 3f 5f 45 2e 16 00 02 0f 1f 39   |..^'<3?_E......9|
006cd0  19 0a c6 0c b6 44 65 66 65 6e 73 69 76 65 50 6f   |.....DefensivePo|
006ce0  4b 73 0f 1d 00 03 0f 28 d8 2a 1f 32 28 d8 01 1f   |Ks.....(.*.2(...|
006cf0  32 7d d8 2c 1f 33 55 00 01 1f 33 55 00 2c 1f 34   |2}.,.3U...3U.,.4|
006d00  55 00 01 1f 34 55 00 2c 1f 35 55 00 01 1f 35 55   |U...4U.,.5U...5U|
006d10  00 2c 1f 36 55 00 01 1f 36 55 00 2c 1f 37 55 00   |.,.6U...6U.,.7U.|
006d20  01 1f 37 55 00 2c 1f 38 55 00 01 1f 38 55 00 2c   |..7U.,.8U...8U.,|
006d30  1f 39 55 00 01 1f 39 55 00 2c 0e 9a e5 1f 35 9a   |.9U...9U.,....5.|
006d40  e5 2c 1e 35 06 16 04 15 00 0f 52 03 2c 0e 55 00   |.,.5......R.,.U.|
006d50  00 15 00 0f 52 03 2c 0e 55 00 00 15 00 0f 52 03   |....R.,.U.....R.|
006d60  2c 0e 55 00 00 15 00 0f 52 03 2c 0e 55 00 00 15   |,.U.....R.,.U...|
006d70  00 0f 52 03 2c 0e 55 00 00 15 00 0f 52 03 2c 0e   |..R.,.U.....R.,.|
006d80  55 00 00 15 00 0f 52 03 2c 0e 55 00 00 15 00 0f   |U.....R.,.U.....|
006d90  52 03 2c 0e 55 00 00 15 00 0a 96 2e 0f df e6 1d   |R.,.U...........|
006da0  8c 53 77 69 6d 42 6c 61 64 1c 7b 06 17 00 0e 8c   |.SwimBlad.{.....|
006db0  71 0f 19 94 13 05 05 67 3e 48 6f 6f 3e e1 04 19   |q......g>Hoo>...|
006dc0  00 0a 1b 15 0f 35 71 26 21 52 6f 24 70 0d 15 00   |.....5q&!Ro$p...|
006dd0  0f 36 90 2d 2c 30 2e 11 00 0f 76 16 2c 1f 35 76   |.6.-,0....v.,.5v|
006de0  16 01 0f ca 17 2d 0d 23 76 01 15 00 0f 83 7f 19   |.....-.#v.......|
006df0  02 ad 37 06 be 08 8e 47 61 6e 67 77 61 79 2e 13   |..7....Gangway..|
006e00  00 0f fe e5 11 05 0f 02 00 5c 00 10 50 de 25 0a   |.........\..P.%.|
006e10  b3 39 03 13 00 5f 5f 50 76 50 2e 17 00 03 0f b3   |.9...__PvP......|
006e20  82 19 07 bc 00 02 c3 43 00 17 0a 34 50 75 6d b3   |.......C...4Pum.|
006e30  82 0a 15 00 0f e1 17 2c 0c 84 03 02 15 00 0f 55   |.......,.......U|
006e40  00 2c 0e 3f 98 04 32 1c 1f 4b 04 01 24 25 44 6f   |.,.?..2..K..$%Do|
006e50  b9 5f 05 10 00 00 50 00 1f 3f a5 00 07 07 3f 03   |._....P..?....?.|
006e60  8e 51 69 51 69 75 30 31 2e 13 00 0f 44 00 1d 2e   |.QiQiu01....D...|
006e70  32 2e 13 00 0f 44 00 1d 2e 33 2e 13 00 0f 44 00   |2....D...3....D.|
006e80  1d 2e 34 2e 13 00 0f 44 00 1d 2e 35 2e 13 00 0f   |..4....D...5....|
006e90  bb 2b 19 04 6f 44 0b e5 0b 59 4c 61 73 65 72 f7   |.+..oD...YLaser.|
006ea0  1f 0e 1a 00 0f ff 1f 15 07 e3 19 76 44 75 6e 67   |...........vDung|
006eb0  65 6f 6e eb 19 00 30 a0 03 15 00 03 96 9c 0e 17   |eon...0.........|
006ec0  00 0f 67 00 3c 02 95 9c 0e 17 00 0f 67 00 3c 1f   |..g.<.......g.<.|
006ed0  33 67 00 03 0e 8f d1 0f 67 00 1f 03 49 16 0e 37   |3g......g...I..7|
006ee0  01 0b 19 00 0f 6b 00 3e 07 3b 01 0b 19 00 0f 6b   |.....k.>.;.....k|
006ef0  00 3e 1f 33 6b 00 05 0f 6c c2 20 0d 6b 00 05 a9   |.>.3k...l. .k...|
006f00  1c 1e 44 44 01 0e 1c 00 0f 71 00 41 07 4a 01 0e   |..DD.....q.A.J..|
006f10  1c 00 0f 71 00 41 1e 33 71 00 0f 94 02 39 00 0c   |...q.A.3q....9..|
006f20  87 2e 74 73 50 01 0d 19 00 0f 6b 00 3e 07 4a 01   |..tsP.....k.>.J.|
006f30  0b 19 00 0f 6b 00 3e 1f 33 6b 00 05 0b 0a 43 0f   |....k.>.3k....C.|
006f40  6b 00 22 01 e2 1e 0e 40 01 0b 18 00 0f 69 00 3d   |k."....@.....i.=|
006f50  07 3e 01 0a 18 00 0f 69 00 3d 1e 33 69 00 0f 7c   |.>.....i.=.3i..||
006f60  02 35 00 d8 80 1e 65 7c 02 0e 19 00 0f 6b 00 3e   |.5....e|.....k.>|
006f70  07 3e 01 0b 19 00 0f 6b 00 3e 1e 33 6b 00 07 41   |.>.....k.>.3k..A|
006f80  01 1f 53 72 75 13 10 48 e0 74 00 10 4f 02 25 27   |..Sru..H.t..O.%'|
006f90  07 0f 00 3c 33 30 2e 11 00 0a 3b 2c 0f 1d 30 10   |...<30....;,..0.|
006fa0  2e 61 6c 72 0d 00 07 30 70 61 77 6e 4d 6f 6e 73   |.alr...0pawnMons|
006fb0  c4 8a 49 42 61 6f 5a ea 92 0e 1e 00 0e 0b ca 0f   |..IBaoZ.........|
006fc0  77 00 2e 00 fc a1 0b 26 ed 1e 53 1f 00 0f 79 00   |w......&..S...y.|
006fd0  41 7f 50 61 72 72 6f 74 2e 1f 00 0b 0e 64 cc 0f   |A.Parrot.....d..|
006fe0  79 00 2f 2c 4c 61 c1 33 0b 1d 00 0f ee 00 41 0f   |y./,La.3......A.|
006ff0  34 3c 01 0d 1f 00 0e ef d3 0f 79 00 2f 4f 45 59   |4<........y./OEY|
007000  75 2e 1c 00 08 0a 87 f2 0f 73 00 33 10 48 ac 7e   |u........s.3.H.~|
007010  0f 66 01 0a 05 22 00 0e 63 1c 0f 7f 00 34 2e 53   |.f..."..c....4.S|
007020  68 4c 03 0c 21 00 0f e8 01 41 01 98 3d 0b 8c 3b   |hL..!....A..=..;|
007030  0d 1f 00 0f 79 00 41 0f 73 3c 01 0d 1f 00 0f 4f   |....y.A.s<.....O|
007040  03 41 3e 4a 75 58 6b 01 08 1d 00 0f c4 03 42 0d   |.A>JuXk.......B.|
007050  b1 3e 0b 1d 00 0a ca f0 0f b2 04 34 0e c0 3e 0f   |.>.........4..>.|
007060  25 00 0b 0e 2f 1b 0f 85 00 2f 0e cf 3e 0f 24 00   |%.../..../..>.$.|
007070  0a 0f aa 06 41 3e 58 69 6f dc 03 0a 1e 00 0f e2   |....A>Xio.......|
007080  02 41 4b 58 75 65 42 e5 ee 0e 1f 00 0a 8b e2 0f   |.AKXueB.........|
007090  79 00 36 0e ce 04 0e 20 00 0f 6b 01 41 01 e2 ff   |y.6.... ..k.A...|
0070a0  1f 2e 1e 00 0a 0f 77 00 43 2e 5a 68 77 00 09 1e   |......w.C.Zhw...|
0070b0  00 0f 39 06 41 4f 5a 6f 6e 67 5d 02 0b 05 22 00   |..9.AOZong]...".|
0070c0  0f f6 00 41 3e 54 75 4a 6d 01 0a 1e 00 0f 77 00   |...A>TuJm.....w.|
0070d0  41 01 a4 41 1f 2e 1e 00 0a 0f 5e 15 29 01 4a 14   |A..A......^.).J.|
0070e0  00 15 00 1f 2e 15 00 01 0f e7 3a 1e 07 d1 00 48   |..........:....H|
0070f0  54 65 63 68 d4 fe 00 10 00 5a 5f 46 75 65 6c ca   |Tech.....Z_Fuel.|
007100  20 07 17 00 0f 6e 00 43 09 b5 20 07 17 00 0f e3   | ....n.C.. .....|
007110  40 19 0b ec 13 05 6a 58 dd 45 6d 62 72 79 6f 5f   |@.....jX.Embryo_|
007120  43 75 6c 74 75 72 88 58 0a 1e 00 0f e7 5a 37 09   |Cultur.X.....Z7.|
007130  8d 58 06 16 00 0f ce 4f 38 0e 62 00 02 17 00 0f   |.X.....O8.b.....|
007140  0e 5c 38 1f 32 0e 5c 03 0f d4 26 1a 0b 97 01 01   |.\8.2.\...&.....|
007150  a4 21 5b 65 72 69 65 73 94 15 00 19 00 11 5f 41   |.![eries......_A|
007160  2e 2c 4d 65 96 15 09 1c 00 0a 59 eb 0f 7d 00 3d   |.,Me......Y..}.=|
007170  2e 51 69 1b ea 0b 1e 00 00 81 00 1f 8c 81 00 4a   |.Qi............J|
007180  00 e7 00 01 2f 8a 1f 2e 26 00 12 0e d3 04 0f 91   |..../...&.......|
007190  00 34 4e 44 69 42 61 8c 01 04 19 00 0e 16 0a 0f   |.4NDiBa.........|
0071a0  77 00 36 14 4a 90 0a 0d 18 00 0e 97 08 0f 75 00   |w.6.J.........u.|
0071b0  33 00 37 0e 1e 47 ed 00 06 1a 00 0f 65 01 46 26   |3.7..G......e.F&|
0071c0  4c 69 aa 07 0e 19 00 0f 77 00 47 3e 6f 75 54 66   |Li......w.G>ouTf|
0071d0  01 04 19 00 0e c8 0e 0f 77 00 34 0e dd 03 04 17   |........w.4.....|
0071e0  00 0f 55 04 46 0f 4d 03 09 0f 43 03 4e 0e 50 04   |..U.F.M...C.N.P.|
0071f0  08 19 00 0f ce 02 46 36 57 75 44 e5 44 0e 1a 00   |......F6WuD.D...|
007200  0f 21 95 12 0e 30 88 04 98 3d 5e 54 69 74 73 2e   |.!...0...=^Tits.|
007210  13 00 0f 38 54 1a 07 31 3b 02 0e 3b 5e 54 79 70   |...8T..1;..;^Typ|
007220  65 2f 97 3c 19 41 be 3d 05 15 00 0f 6c 00 43 09   |e/.<.A.=....l.C.|
007230  f1 06 05 15 00 0f 6c 00 43 09 05 66 05 15 00 0f   |......l.C..f....|
007240  6c 00 43 04 92 29 0a 15 00 0f 6c 00 43 04 6f 21   |l.C..)....l.C.o!|
007250  0a 15 00 0f 6c 00 42 1e 4c 1c 02 00 15 00 0f 6c   |....l.B.L......l|
007260  00 43 0e 1c 02 00 15 00 0f 6c 00 43 0e 1c 02 00   |.C.......l.C....|
007270  15 00 0f 6c 00 43 0e 1c 02 00 15 00 0f 6c 00 43   |...l.C.......l.C|
007280  1f 35 6c 00 01 0f 1c 02 43 1e 50 1c 02 00 15 00   |.5l.....C.P.....|
007290  0f 6c 00 43 0e 1c 02 00 15 00 0f 6c 00 43 0e 1c   |.l.C.......l.C..|
0072a0  02 00 15 00 0f 6c 00 43 0e 1c 02 00 15 00 0f 6c   |.....l.C.......l|
0072b0  00 43 1f 35 6c 00 01 0f 1c 02 43 1e 53 1c 02 00   |.C.5l.....C.S...|
0072c0  15 00 0f 6c 00 43 0e 1c 02 00 15 00 0f 6c 00 43   |...l.C.......l.C|
0072d0  0e 1c 02 00 15 00 0f 6c 00 43 0e 1c 02 00 15 00   |.......l.C......|
0072e0  0f 6c 00 43 1f 35 6c 00 01 0f 1c 02 24 1f 32 6c   |.l.C.5l.....$.2l|
0072f0  00 0a 1e 4d 70 08 01 15 00 0f 6c 00 43 0e 1c 02   |...Mp.....l.C...|
007300  00 15 00 0f 6c 00 43 0e 1c 02 00 15 00 0f 6c 00   |....l.C.......l.|
007310  43 0e 1c 02 00 15 00 0f 6c 00 43 1f 35 6c 00 01   |C.......l.C.5l..|
007320  0f 1c 02 43 0e 70 08 01 15 00 0f 6c 00 43 1f 32   |...C.p.....l.C.2|
007330  6c 00 01 0f 1c 02 43 0e 70 08 01 15 00 0f 6c 00   |l.....C.p.....l.|
007340  43 1f 34 6c 00 01 0f 1c 02 43 0e 70 08 01 15 00   |C.4l.....C.p....|
007350  0f 6c 00 42 0e 70 08 01 15 00 0f 6c 00 43 1f 32   |.l.B.p.....l.C.2|
007360  6c 00 01 0f 1c 02 43 0e 70 08 01 15 00 0f 6c 00   |l.....C.p.....l.|
007370  43 1f 34 6c 00 01 0f 1c 02 43 0e 70 08 01 15 00   |C.4l.....C.p....|
007380  0f 6c 00 42 0e 70 08 01 15 00 0f 6c 00 43 1f 32   |.l.B.p.....l.C.2|
007390  6c 00 01 0f 1c 02 43 0e 70 08 01 15 00 0f 6c 00   |l.....C.p.....l.|
0073a0  43 0e 1c 02 00 15 00 0f 6c 00 43 0f 1c 02 01 0f   |C.......l.C.....|
0073b0  70 08 25 1f 33 6c 00 0a 1e 53 70 08 01 15 00 0f   |p.%.3l...Sp.....|
0073c0  6c 00 43 0e 1c 02 00 15 00 0f 6c 00 43 0e 1c 02   |l.C.......l.C...|
0073d0  00 15 00 0f 6c 00 43 0e 1c 02 00 15 00 0f 6c 00   |....l.C.......l.|
0073e0  43 1f 35 6c 00 01 0f 1c 02 43 0e 70 08 01 15 00   |C.5l.....C.p....|
0073f0  0f 6c 00 43 1f 32 6c 00 01 0f 1c 02 43 0e 70 08   |.l.C.2l.....C.p.|
007400  01 15 00 0f 6c 00 43 1f 34 6c 00 01 0f 1c 02 43   |....l.C.4l.....C|
007410  0e 70 08 01 15 00 0f 6c 00 42 0e 70 08 01 15 00   |.p.....l.B.p....|
007420  0f 6c 00 43 1f 32 6c 00 01 0f 1c 02 43 0e 70 08   |.l.C.2l.....C.p.|
007430  01 15 00 0f 6c 00 43 1f 34 6c 00 01 0f 1c 02 43   |....l.C.4l.....C|
007440  0e 70 08 01 15 00 0f 6c 00 42 0e 70 08 01 15 00   |.p.....l.B.p....|
007450  0f 6c 00 43 1f 32 6c 00 01 0f 1c 02 43 0e 70 08   |.l.C.2l.....C.p.|
007460  01 15 00 0f 6c 00 43 1f 34 6c 00 01 0f 1c 02 43   |....l.C.4l.....C|
007470  0e 70 08 01 15 00 0a 6c 21 0f f8 37 2b 0e 86 ce   |.p.....l!..7+...|
007480  0c 1b 00 0e d5 3a 0f ef a3 13 aa 30 33 5f 53 75   |.....:.....03_Su|
007490  69 50 69 61 6e 52 82 0c 1c 00 0f 60 00 30 0d 62   |iPianR.....`.0.b|
0074a0  ac 08 1c 00 0f 60 00 30 0d b1 a4 08 1c 00 0f 60   |.....`.0.......`|
0074b0  00 30 09 19 43 0c 1c 00 0f 60 00 30 0d 20 a6 08   |.0..C....`.0. ..|
0074c0  1c 00 0f 60 00 26 1f 36 e0 01 08 07 1c 00 0f 60   |...`.&.6.......`|
0074d0  00 30 0e e0 01 07 1c 00 0f 60 00 30 0e e0 01 07   |.0.......`.0....|
0074e0  1c 00 0f 60 00 30 0e e0 01 07 1c 00 0f 60 00 30   |...`.0.......`.0|
0074f0  1e 35 60 00 0f e0 01 30 1f 37 e0 01 08 07 1c 00   |.5`....0.7......|
007500  0f 60 00 30 0e e0 01 07 1c 00 0f 60 00 30 0e e0   |.`.0.......`.0..|
007510  01 07 1c 00 0f 60 00 30 0e e0 01 07 1c 00 0f 60   |.....`.0.......`|
007520  00 30 1f 35 60 00 08 0b 03 8c 0f 22 81 2d 05 e1   |.0.5`......".-..|
007530  27 0e 19 00 0f 69 00 3c 0e b4 07 04 19 00 0f 69   |'....i.<.......i|
007540  00 3c 0e b1 07 04 19 00 0e 13 a6 0f ca 5b 2a 0e   |.<...........[*.|
007550  3c 01 06 1a 00 0f 6b 00 3d 0e 3e 01 05 1a 00 0f   |<.....k.=.>.....|
007560  6b 00 3d 1f 34 6b 00 06 0e 41 01 0f 17 73 2b 0e   |k.=.4k...A...s+.|
007570  41 01 06 1a 00 0f 6b 00 3d 0e 41 01 05 1a 00 0f   |A.....k.=.A.....|
007580  6b 00 3d 0e 41 01 05 1a 00 0a 2c 27 0f 86 aa 1f   |k.=.A.....,'....|
007590  ff 02 4c 69 67 68 74 53 70 65 61 72 54 75 72 72   |..LightSpearTurr|
0075a0  65 74 2e 25 00 11 0e ec 57 0f 2e 8e 1b 00 69 28   |et.%....W.....i(|
0075b0  3e 64 69 61 cd 8d 0e 20 00 0f 6b 00 37 0e 9d 8e   |>dia... ..k.7...|
0075c0  0b 20 00 0f 6b 00 37 0e 1b 8c 0b 20 00 0f 6b 00   |. ..k.7.... ..k.|
0075d0  37 0e 13 8c 0b 20 00 0f 6b 00 37 0e 0b 8c 0b 20   |7.... ..k.7.... |
0075e0  00 0f 6b 00 2c 5f 6d 75 7a 68 69 42 8e 08 08 20   |..k.,_muzhiB... |
0075f0  00 0f 6b 00 37 0e 17 02 0b 20 00 0f 6b 00 37 0e   |..k.7.... ..k.7.|
007600  17 02 0b 20 00 0f 6b 00 37 0e 17 02 0b 20 00 0f   |... ..k.7.... ..|
007610  6b 00 37 1f 35 6b 00 0c 0f 17 02 38 1f 36 6b 00   |k.7.5k.....8.6k.|
007620  0c 0f 16 8e 3c 2f 38 2e 24 00 10 0f 73 00 3b 2f   |....</8.$...s.;/|
007630  39 2e 24 00 10 0f 73 00 3a 0f 50 a1 03 0c 24 00   |9.$...s.:.P...$.|
007640  0f 73 00 3b 2f 31 2e 24 00 10 0f 73 00 3b 1f 32   |.s.;/1.$...s.;.2|
007650  73 00 10 0e eb 03 0f e5 df 1c 20 50 6c 6a ba 9f   |s......... Plj..|
007660  50 61 6c 6d 54 72 65 65 2e 1d 00 09 0e 32 8c 0f   |PalmTree.....2..|
007670  6b 00 20 00 36 31 5f 77 65 72 73 2e 1c 00 08 0f   |k. .61_wers.....|
007680  47 01 3b 2f 33 2e 24 00 10 0f 73 00 3b 0f f5 92   |G.;/3.$...s.;...|
007690  10 02 94 63 1f 6d bf 6e 34 30 5f 47 69 a7 bc 0f   |...c.m.n40_Gi...|
0076a0  20 00 0c 0f 46 3a 19 06 6a 7d 02 b9 34 03 dc 2c   | ...F:..j}..4..,|
0076b0  0d 14 70 05 1a 00 00 e3 3e 1b 74 af 6f 0f 21 00   |..p.....>.t.o.!.|
0076c0  01 0f 85 00 50 0e 0b 71 0c 21 00 0f 85 00 50 0e   |....P..q.!....P.|
0076d0  22 71 0c 21 00 0f 85 00 50 2f 34 2e 21 00 0d 0f   |"q.!....P/4.!...|
0076e0  85 00 50 2f 35 2e 21 00 0d 0f 85 00 50 2f 36 2e   |..P/5.!.....P/6.|
0076f0  21 00 0d 0f 85 00 50 2f 37 2e 21 00 0d 0f 85 00   |!.....P/7.!.....|
007700  50 2f 38 2e 21 00 0d 0f 85 00 50 2f 39 2e 21 00   |P/8.!.....P/9.!.|
007710  0d 0a b5 c8 0f ad 04 43 2f 30 2e 22 00 0e 0f 87   |.......C/0."....|
007720  00 51 0f 35 05 0f 1f 31 87 00 51 0e 37 05 0d 22   |.Q.5...1..Q.7.."|
007730  00 0f 87 00 51 0e 39 05 0d 22 00 0f 87 00 51 1f   |....Q.9.."....Q.|
007740  34 87 00 0e 0b e6 14 0f a2 68 1f 01 10 11 3a 6f   |4........h....:o|
007750  64 75 fc 40 06 16 00 00 60 00 1f 79 60 3c 34 05   |du.@....`..y`<4.|
007760  f6 54 0e 75 00 0f 1f 00 04 0f f2 a5 11 05 ef 09   |.T.u............|
007770  10 75 69 48 0a d3 09 01 14 00 03 db 35 4c 47 6c   |.uiH........5LGl|
007780  61 73 f3 09 0d 20 00 0e ad b2 0f 60 0a 1b 01 14   |as... .....`....|
007790  00 70 5f 43 61 72 70 65 74 b9 eb 1f 2e 1f 00 0b   |.p_Carpet.......|
0077a0  0e 0b d0 0f 86 3e 20 14 5f cb 70 0c 17 00 0e bd   |.....> ._.p.....|
0077b0  d0 0f 5e 00 1c 2d 32 2e 12 00 0f 54 00 24 03 55   |..^..-2....T.$.U|
0077c0  9b 25 44 6f 34 7d 07 12 00 0f 54 00 29 1d 32 54   |.%Do4}....T.).2T|
0077d0  00 02 12 00 0f 73 cb 2b 05 96 05 0a 15 00 0f 21   |.....s.+.......!|
0077e0  17 1f 02 12 03 12 45 29 00 0c 3e 73 3a 5f 53 45   |......E)..>s:_SE|
0077f0  0c 75 05 15 00 00 69 00 1f 77 76 03 2f 06 ff cd   |.u....i..wv./...|
007800  0e 73 00 0f 1e 00 06 0f 74 55 24 00 45 00 00 0f   |.s......tU$.E...|
007810  99 2b 67 2e 10 00 0e 57 7a 0f de 01 1d 57 5f 6f   |.+g....Wz....W_o|
007820  6e 47 72 23 46 0f 1b 00 01 0f 66 00 29 1f 33 66   |nGr#F.....f.).3f|
007830  00 07 1e 33 66 00 1f 69 ec 54 2b 02 4a 59 7c 53   |...3f..i.T+.JY|S|
007840  68 6f 77 63 61 73 ed 0e 0a 1d 00 0f 51 18 30 00   |howcas......Q.0.|
007850  b6 98 8a 44 65 63 6f 72 61 74 69 54 75 0a 1a 00   |...DecoratiTu...|
007860  0e 23 98 0f 80 77 24 14 5f 70 7e 09 14 00 0f df   |.#...w$._p~.....|
007870  77 32 00 ae 62 1d 2e 12 00 00 5b 00 1f 75 2b 03   |w2..b.....[..u+.|
007880  3c 0c cc 00 0f 1d 00 03 0e 1e 80 0f 7a 00 33 06   |<...........z.3.|
007890  e7 00 0e 1b 00 02 f0 00 1f 81 1b 04 3d 0e 27 02   |............=.'.|
0078a0  0e 23 00 0c 30 02 f1 05 16 00 00 00 62 41 75 74   |.#..0.......bAut|
0078b0  6f 46 65 6e 4a 69 65 53 68 69 51 75 39 00 90 00   |oFenJieShiQu9...|
0078c0  0d 00 00 00 42 6f 6f 6c 70 50 54 65 72 74 79 00   |....BoolpPTerty.|
0078d0  01 00 f5 04 01 00 06 00 00 00 4c 65 76 65 6c 00   |..........Level.|
0078e0  0c 00 00 00 49 6e 74 24 00 14 04 25 00 31 3b 00   |....Int$...%.1;.|
0078f0  00 0d 00 3f 45 78 70 25 00 07 a0 f1 45 05 00 19   |...?Exp%....E...|
007900  00 00 00 41 6c 5a d8 a0 79 4b 69 6c 6c 57 6f 72   |...AlZ..yKillWor|
007910  6c 64 b0 7a 60 4c 69 73 74 00 0e 1d 00 45 72 72   |ld.z`List....Err|
007920  61 79 3c 00 22 0a 01 3b 00 a6 0f 00 00 00 4f 62   |ay<."..;......Ob|
007930  6a 65 63 74 a0 00 3f 03 00 00 f8 8f 12 03 43 46   |ject..?.......CF|
007940  01 c5 b9 01 0e 83 10 6b da 50 06 0e 00 19 2e 0e   |.......k.P......|
007950  00 0e 65 79 0f 55 00 22 02 64 52 08 10 00 0a 85   |..ey.U.".dR.....|
007960  51 0f 59 00 0f 03 3e 00 07 65 82 2e 31 2e 15 00   |Q.Y...>..e..1...|
007970  01 58 00 11 18 1e 01 ff 02 74 61 69 6e 65 64 4b   |.X.......tainedK|
007980  65 4a 69 53 68 75 4e 6f 64 65 54 01 04 2f 83 16   |eJiShuNodeT../..|
007990  54 01 07 10 4a 54 01 1f 42 83 07 01 03 58 00 10   |T...JT..B....X..|
0079a0  2f 59 00 00 9d 00 60 4b 4a 53 5f 47 4a 67 02 4c   |/Y....`KJS_GJg.L|
0079b0  5a 68 69 2e 11 00 0e ff ec 0f 47 00 08 04 49 05   |Zhi.......G...I.|
0079c0  42 4d 61 6f 43 8e c6 0e 16 00 00 51 00 1f 40 51   |BMaoC......Q..@Q|
0079d0  00 15 9b 57 51 5f 4d 75 54 6f 75 2e 10 00 0e 3a   |...WQ_MuTou....:|
0079e0  ef 0f dd 00 09 ad 5a 54 5f 47 6f 75 48 75 6f 2e   |......ZT_GouHuo.|
0079f0  12 00 00 49 00 1f 3a 49 00 15 68 48 75 6f 42 61   |...I..:I..hHuoBa|
007a00  2e 0d 00 0f 88 00 1e 20 5a 61 0c cf 1d 2e 12 00   |....... Za......|
007a10  00 49 00 1f 3e 49 00 15 01 83 7f 3a 5a 69 2e 0f   |.I..>I.....:Zi..|
007a20  00 0f aa 01 1a 02 7d 02 02 e1 c8 15 48 5f 01 0a   |......}.....H_..|
007a30  16 00 0e a6 d2 0f fb 01 10 23 44 49 23 80 0c fe   |.........#DI#...|
007a40  01 06 3c 80 0e 0e a2 0f 57 00 0f 02 bb 0b 04 91   |..<.....W.......|
007a50  d7 1f 2e 1e 00 0a 00 61 00 1f 42 62 02 18 0a fa   |.......a..Bb....|
007a60  02 05 11 00 0e a8 ef 0f dc 01 0c 4b 59 69 6e 67   |...........KYing|
007a70  65 02 03 13 00 0f 92 00 1f 5c 6f 75 47 75 2e 11   |e........\ouGu..|
007a80  00 0e d7 ca 0f 92 00 13 02 bc 56 0d 15 00 0f e1   |..........V.....|
007a90  00 19 00 85 00 50 51 69 6e 67 54 cd 4c 0e 13 00   |.....PQingT.L...|
007aa0  0f 9a 00 26 01 eb 56 0d 15 00 0f 30 01 1d 7c 48   |...&..V....0..|H|
007ab0  65 69 54 69 65 2e 11 00 0f 96 00 26 01 ad 5f 0d   |eiTie......&.._.|
007ac0  15 00 0f 30 01 1d 21 44 75 2b 47 2e 67 2e 13 00   |...0..!Du+G.g...|
007ad0  0f ef 03 19 00 44 db 5a 43 75 42 75 2e 0f 00 0f   |.....D.ZCuBu....|
007ae0  43 00 1d 5a 50 69 47 65 2e 0f 00 0f d1 00 1a 2d   |C..ZPiGe.......-|
007af0  5a 42 01 02 07 13 00 0f b2 01 1a 2b 5a 42 b2 01   |ZB.........+ZB..|
007b00  05 11 00 0f 92 00 1d 0c 63 01 07 13 00 0e 83 0e   |........c.......|
007b10  0f 23 06 0d 00 11 59 00 a1 04 0b a1 05 08 18 00   |.#....Y.........|
007b20  2f 5f 43 55 07 1d 08 c9 03 05 11 00 0a 9b 08 0f   |/_CU............|
007b30  9c 00 1c 0a ce 03 0a 1a 00 0f b4 04 1b 1d 4a d2   |..............J.|
007b40  01 07 13 00 0f 4f 06 1a 00 8a 00 7b 43 68 61 69   |.....O.....{Chai|
007b50  4a 69 65 3e 01 06 16 00 0f f5 00 2b 09 29 04 0a   |Jie>.......+.)..|
007b60  1a 00 0f 95 01 1d 0a 7c 02 05 11 00 0f 31 02 1e   |.......|.....1..|
007b70  07 db 00 1f 32 f3 00 04 0e 8a d0 0f 9c 00 0c 07   |....2...........|
007b80  41 d7 0f 15 00 01 0f e0 01 1d 0c 20 03 07 13 00   |A.......... ....|
007b90  0f ef 00 29 09 8d 01 08 18 00 0f 72 05 1e 21 4d   |...).......r..!M|
007ba0  75 c8 01 19 58 34 02 05 15 00 0e 7c d6 0f 4f 00   |u...X4.....|..O.|
007bb0  15 0a 92 01 07 17 00 0f a2 00 1a 05 ba 0a 08 84   |................|
007bc0  0a 09 15 00 0f a2 00 28 09 45 01 07 17 00 0f d9   |.......(.E......|
007bd0  05 19 00 d1 01 5a 4a 69 44 69 2e 0f 00 0f e5 00   |.....ZJiDi......|
007be0  22 36 54 75 53 06 09 09 15 00 0f e5 00 28 09 4a   |"6TuS........(.J|
007bf0  07 07 17 00 0f 5d 09 1e 03 3e da 1e 2e 13 00 0f   |.....]...>......|
007c00  4b 00 1e 8e 51 69 65 47 65 4a 69 2e 13 00 0f 38   |K...QieGeJi....8|
007c10  01 22 1e 4a 38 01 04 db 16 0f 9a 00 19 01 e7 0f   |.".J8...........|
007c20  0a 39 0d 07 13 00 0f 69 0c 1a 02 38 00 08 b4 02   |.9.....i...8....|
007c30  06 12 00 0f e3 00 1a 01 37 00 0c 24 06 09 15 00   |........7..$....|
007c40  0f e3 00 1f 0a 7e 05 07 13 00 0f c8 01 1e 5a 5a   |.....~........ZZ|
007c50  68 69 42 75 c8 01 03 13 00 0f 87 04 1e 04 38 00   |hiBu..........8.|
007c60  1f 32 4d 00 01 0e af df 0f 4f 00 0d 00 71 88 4d   |.2M......O...q.M|
007c70  4c 69 46 61 b3 02 09 19 00 0f b8 06 1a 00 3e 00   |LiFa..........>.|
007c80  23 54 75 e4 d5 09 11 00 0f 84 0e 1e 10 52 81 dd   |#Tu..........R..|
007c90  2d 75 2e 12 00 0f 90 00 1e 3a 47 61 6f 48 00 01   |-u.......:GaoH..|
007ca0  11 00 00 47 00 1f 48 90 00 1f 0a 7c 01 04 14 00   |...G..H....|....|
007cb0  0f 86 08 1e 00 d3 62 00 f2 d6 0a 99 00 06 16 00   |......b.........|
007cc0  0f 1b 02 1e 40 54 75 5a 61 7b 52 0b 79 01 03 15   |....@TuZa{R.y...|
007cd0  00 0f ed 00 1d 00 55 02 00 6a 04 05 47 10 08 14   |......U..j..G...|
007ce0  00 0f 68 05 1e 06 87 00 1f 32 9e 00 03 0f 40 01   |..h......2....@.|
007cf0  1f 05 8c 00 0c 0b 03 03 16 00 0f a4 00 28 09 f1   |.............(..|
007d00  06 07 17 00 0f a4 00 27 1f 33 a4 00 02 0f 86 08   |.......'.3......|
007d10  1e 00 45 56 38 43 68 75 28 09 08 15 00 0f 09 10   |..EV8Chu(.......|
007d20  1f 7e 61 6e 4d 6f 51 69 2e 13 00 0f 92 0e 1f 03   |.~anMoQi........|
007d30  38 00 0a c2 0f 04 15 00 0f 7e 02 1f 02 6d 12 1e   |8........~...m..|
007d40  32 81 12 0c d2 a5 0f 93 07 14 39 47 61 6e ee 11   |2.........9Gan..|
007d50  0c 18 00 0f ee 13 1a 02 43 04 0a 4d 00 04 ab 0a   |........C..M....|
007d60  0f 65 03 1c 3d 61 59 6f 1b 06 02 14 00 0f 83 01   |.e..=aYo........|
007d70  1e 00 b8 74 2b 4c 69 d7 0c 05 15 00 0f 8e 72 06   |...t+Li.......r.|
007d80  08 4f 00 25 5f 41 c1 db 0e 11 15 03 1d 00 1f 2e   |.O.%_A..........|
007d90  1d 00 09 0a 30 5d 0f 66 00 13 05 2c 15 0a 60 00   |....0].f...,..`.|
007da0  0b 17 00 0e 52 68 0f 5a 00 0f 04 82 10 0a 59 00   |....Rh.Z......Y.|
007db0  09 16 00 00 58 00 1e 1b cd 16 3f 53 75 62 d0 16   |....X.....?Sub..|
007dc0  08 2f 8b 36 d0 16 07 00 8e 24 0f 37 14 0b 03 5c   |./.6.....$.7...\|
007dd0  00 13 2f a9 55 04 61 08 02 16 00 0e e2 16 0d 19   |../.U.a.........|
007de0  00 0e 7d 20 0f 61 00 23 01 e5 07 06 54 15 0f 20   |..} .a.#....T.. |
007df0  00 05 0f 36 ad 06 0c 6f 00 04 f1 20 0b 50 00 24   |...6...o... .P.$|
007e00  4a 5a 23 02 01 21 5a 0f 1e 00 0a 0e 3b 3d 0f 6c   |JZ#..!Z.....;=.l|
007e10  00 25 02 c1 57 0f 1f 00 0b 0f 6e 00 37 02 72 5b   |.%..W.....n.7.r[|
007e20  0f 1f 00 0b 0a b0 9b 0f 6e 00 29 00 8d 59 0f 1d   |........n.)..Y..|
007e30  00 09 0f b2 01 37 5f 51 69 54 61 2e 1e 00 0a 0e   |.....7_QiTa.....|
007e40  b3 7f 0f 8d 02 08 03 9c e7 0b 51 00 04 17 18 2f   |..........Q..../|
007e50  31 2e 19 00 05 0f 65 00 16 01 00 79 0b 46 00 01   |1.....e....y.F..|
007e60  48 04 00 cf 02 17 4d b1 0c 1e 75 1c 00 0e 37 b9   |H.....M...u...7.|
007e70  0f 65 00 21 2e 47 6f 77 02 09 1d 00 0f 67 00 32   |.e.!.Gow.....g.2|
007e80  00 1c f7 0d 4b 03 09 1d 00 0f 33 01 33 2d 44 75   |....K.....3.3-Du|
007e90  6a 02 08 1c 00 0f cc 00 33 10 57 23 63 0f 1d 00   |j.......3.W#c...|
007ea0  09 0e 3f c5 0f 64 02 1e 03 45 1b 0d 63 02 04 18   |..?..d...E..c...|
007eb0  00 0e ec 19 0f 63 00 1e 02 68 1b 0d 62 00 03 17   |.....c...h..b...|
007ec0  00 0f b6 2f 06 0c 61 00 11 5a cb 09 36 42 65 69   |.../..a..Z..6Bei|
007ed0  d5 f2 0b 52 00 09 66 f5 0f 1c 00 08 0e 4c f3 0f   |...R..f......L..|
007ee0  07 04 0c 06 6c 9b 03 c5 2f 0e fa 03 06 1d 1b 03   |....l.../.......|
007ef0  da a2 0f 23 00 0f 0a 8a 20 0f 87 00 1a 0f 5d 00   |...#.... .....].|
007f00  09 00 a1 16 27 57 65 23 0a 0f 26 00 0b 0e 23 28   |....'We#..&...#(|
007f10  0f e1 01 1e 03 80 0a 0c dc 1b 0e 1f 00 05 dd 1b   |................|
007f20  1f 93 f7 00 19 06 c5 f3 00 29 00 0f fd 00 01 04   |.........)......|
007f30  5b 00 00 bf 0e 72 53 68 69 50 61 69 5f 2c 00 1f   |[....rShiPai_,..|
007f40  2e 2c 00 18 00 98 00 1f 87 98 00 44 bf 52 65 64   |.,.........D.Red|
007f50  4c 61 6e 74 65 72 6e 2e 26 00 12 00 8c 00 1f 89   |Lantern.&.......|
007f60  8c 00 44 00 b9 e3 0f 1f 01 10 07 27 00 0f 8e 00   |..D........'....|
007f70  49 20 53 74 22 00 01 ea 3b 1f 2e 27 00 13 00 8e   |I St"...;..'....|
007f80  00 1f 8f 8e 00 44 11 43 32 00 1f 6f 1f 01 10 0a   |.....D.C2..o....|
007f90  2a 00 0f f0 05 2d 03 58 0a 0e 89 07 0a 1d 00 0f   |*....-.X........|
007fa0  8d 05 30 0b e3 1e 0b 17 00 0e 1f 36 0f 0d 04 1f   |..0........6....|
007fb0  23 68 75 f1 03 0e 84 05 06 1b 00 0f 1e 09 30 0d   |#hu...........0.|
007fc0  1b 1f 0d 19 00 0f ce 00 3a 0d 67 00 07 1b 00 0f   |........:.g.....|
007fd0  ce 00 38 05 11 11 0d 19 00 0f 64 02 2d 03 a4 15   |..8.......d.-...|
007fe0  0e 64 02 0a 1d 00 0f cc 00 38 1f 34 cc 00 05 0e   |.d.......8.4....|
007ff0  07 3c 0f cc 00 1c 05 03 1b 0e ce 00 0c 1f 00 0f   |.<..............|
008000  6b 00 36 1f 44 6b 00 0b 1f 44 6b 00 39 0e 5e 0a   |k.6.Dk...Dk.9.^.|
008010  0b 1f 00 0e b6 07 0f d6 00 26 2e 4a 69 a2 0d 0e   |.........&.Ji...|
008020  22 00 0e 1e d2 0f 71 00 24 0e 08 0c 0e 20 00 0a   |".....q.$.... ..|
008030  9a ad 0f 14 0a 13 0d ef 09 01 45 fb 0e 08 0a 04   |..........E.....|
008040  19 00 0e 76 0e 0f 64 00 1f 00 b2 14 37 4a 69 61   |...v..d.....7Jia|
008050  5a 12 0f 1c 00 01 0e 4e 0f 0f 6a 00 29 0e 89 04   |Z......N..j.)...|
008060  0a 1e 00 0f 6e 00 3c 0d 90 04 0a 1e 00 0f 6e 00   |....n.<.......n.|
008070  3c 0d 32 04 0a 1e 00 0f 18 02 37 2f 35 2e 19 00   |<.2.......7/5...|
008080  05 0f 64 00 32 2e 47 6f 64 00 07 19 00 0e a9 12   |..d.2.God.......|
008090  0f b8 0d 20 07 41 21 0e be 0d 09 1e 00 0e bc 03   |... .A!.........|
0080a0  0f 18 13 1f 01 f5 22 11 47 11 7c 0f 1f 00 0b 0f   |......".G.|.....|
0080b0  dc 00 3d 0d 81 02 0e 3b 22 1f 62 67 11 2d 3e 75   |..=....;".bg.->u|
0080c0  4c 69 47 01 09 1a 00 0e 26 0d 0f 43 01 1d 05 70   |LiG.....&..C...p|
0080d0  1d 0f 45 01 05 0a 21 00 0e 4c 06 0f d8 00 1e 07   |..E...!..L......|
0080e0  d7 21 0d da 00 08 1c 00 0f b2 01 3d 0d f8 02 0a   |.!.........=....|
0080f0  1e 00 0f a6 15 2f 03 ad 08 2e 42 75 bb 06 0e 20   |...../....Bu... |
008100  00 0f 49 01 3b 0d 7d 05 0c 2b 24 1f 64 da 00 2a   |..I.;.}..+$.d..*|
008110  0e 3d 24 0f 1d 00 02 0f 8e 02 2f 06 6f 07 0e 8e   |.=$......./.o...|
008120  02 0e 21 00 0f 8e 02 3c 0d d3 03 0c 81 24 0f b5   |..!....<.....$..|
008130  0b 2c 06 a6 22 0d f8 02 07 1b 00 0f 69 00 3a 0d   |.,..".......i.:.|
008140  18 02 0b b1 24 0f 69 00 36 1f 33 69 00 07 0f 3b   |....$.i.6.3i...;|
008150  01 31 01 34 0f 3e 61 6f 46 24 18 08 1b 00 0f d2   |.1.4.>aoF$......|
008160  00 3a 0d f4 07 0b 65 24 0f 69 00 36 1f 35 69 00   |.:....e$.i.6.5i.|
008170  07 01 95 04 0f 9c 1a 2b 01 b6 25 0e 89 07 04 19   |.......+..%.....|
008180  00 0a 2a 44 0f 7b 18 22 02 ca 25 01 0e 10 1e 75   |..*D.{."..%....u|
008190  55 19 0d 21 00 0f 3c 01 3a 2f 36 2e 1b 00 07 0f   |U..!..<.:/6.....|
0081a0  32 0e 30 04 09 26 0d 47 03 05 19 00 0f 65 00 30   |2.0..&.G.....e.0|
0081b0  04 23 26 0d a5 01 05 19 00 0a 19 b0 0f a5 01 22   |.#&............"|
0081c0  01 37 26 00 82 06 0f a8 01 08 0d 24 00 0e a1 09   |.7&........$....|
0081d0  0f b9 03 29 0e 52 03 09 1d 00 0f 3d 06 16 04 e5   |...).R.....=....|
0081e0  00 02 55 d8 0f ec 1a 05 00 4a d8 1f 2e 1e 00 0a   |..U......J......|
0081f0  0e f1 07 0f 71 00 24 01 f5 1e 1e 53 15 19 0a 1d   |....q.$....S....|
008200  00 0e 9b 50 0f 6f 00 20 05 80 9b 8f 43 72 6f 77   |...P.o. ....Crow|
008210  62 61 72 2e 20 00 0c 0e 21 07 0f 75 00 25 0b 5e   |bar. ...!..u.%.^|
008220  27 0e 1b 00 0f 0a 03 30 04 18 27 0e a2 13 04 19   |'......0..'.....|
008230  00 0f 65 00 38 0e 39 13 08 96 27 0f 65 00 34 0e   |..e.8.9...'.e.4.|
008240  a7 0e 04 19 00 0f 65 00 38 0e 9e 0e 04 19 00 0f   |......e.8.......|
008250  45 19 30 0a 59 28 0d 9a 01 0b 1f 00 0f 71 00 3e   |E.0.Y(.......q.>|
008260  0d a6 01 0b 1f 00 0f 7b 16 30 02 ec 28 0d da 00   |.......{.0..(...|
008270  03 17 00 0f cc 1c 30 03 73 28 0d 62 00 04 18 00   |......0.s(.b....|
008280  0f c4 00 30 02 20 29 0e e7 07 02 17 00 0f c4 00   |...0. ).........|
008290  37 0d 8f 01 08 4f 29 0f 63 00 33 0d 33 03 04 18   |7....O).c.3.3...|
0082a0  00 0f ed 0b 30 07 ae 29 0d 2c 01 08 1c 00 0f 6b   |....0..).,.....k|
0082b0  00 3b 1f 32 6b 00 08 0b 3b d9 0f 77 0e 22 00 85   |.;.2k...;..w."..|
0082c0  9a 0f 17 00 03 0a 7b 84 0f 94 1a 19 0f 63 1a 0f   |......{......c..|
0082d0  0f 86 1a 11 09 ed 49 0f 7f 00 34 bf 47 6f 6c 64   |......I...4.Gold|
0082e0  65 6e 44 65 65 72 2e 26 00 12 0e 56 1f 0f 85 00   |enDeer.&...V....|
0082f0  30 01 86 1c 30 54 75 72 11 8e 0f 27 00 13 0a e2   |0...0Tur...'....|
008300  88 0f 87 00 39 2f 4d 65 ea 08 02 0e 25 00 0f 8f   |....9/Me....%...|
008310  01 42 01 5e 00 6f 42 61 73 69 63 2e 26 00 12 0f   |.B.^.oBasic.&...|
008320  85 00 47 01 e8 51 1f 2e 26 00 12 0f 85 00 47 6f   |..G..Q..&.....Go|
008330  44 72 69 6e 6b 2e 26 00 12 0f bb 18 36 0e 5c 24   |Drink.&.....6.\$|
008340  0e 20 00 0a e2 85 0f 43 0c 28 03 7c 42 1f 2e 20   |. .....C.(.|B.. |
008350  00 0c 0f dd 00 2d 06 76 14 0e 98 19 0d 20 00 0f   |.....-.v..... ..|
008360  53 0e 30 06 36 2e 0e 09 08 06 1b 00 0f d6 15 30   |S.0.6..........0|
008370  05 4d 2e 0e e5 0a 05 1a 00 0f d0 00 3a 1f 33 d0   |.M..........:.3.|
008380  00 07 0f a6 16 31 0e d7 2f 0e 1a 00 0f d0 00 3a   |.....1../......:|
008390  0d ee 0a 07 1b 00 0f d0 00 39 1f 33 d0 00 06 0f   |.........9.3....|
0083a0  37 01 3a 0e bd 0b 05 1a 00 0f 37 01 3a 0d 66 12   |7.:.......7.:.f.|
0083b0  07 1b 00 0f d0 00 39 1f 35 d0 00 06 0f 5f 1a 3e   |......9.5...._.>|
0083c0  0d 3b 01 0a 1e 00 0f 6f 00 3d 0d 6c 12 0a 1e 00   |.;.....o.=.l....|
0083d0  0f 0a 12 38 0d 4b 03 05 19 00 0f be 2b 38 0d a9   |...8.K......+8..|
0083e0  01 05 19 00 0f 78 02 30 06 e3 32 0e e3 19 06 1b   |.....x.0..2.....|
0083f0  00 0f 67 0b 3b 1f 33 67 0b 08 0f 6f 0f 31 04 1d   |..g.;.3g...o.1..|
008400  33 0d d2 00 05 19 00 0f 65 00 38 1f 33 65 00 05   |3.......e.8.3e..|
008410  0f ca 00 39 0e 09 23 04 19 00 0f 57 0f 36 1f 32   |...9..#....W.6.2|
008420  57 0f 03 0b b8 6e 0f 90 08 28 01 a2 45 1f 2e 1e   |W....n...(..E...|
008430  00 0a 0f 9c 0e 30 0e 3b 26 0a 18 00 0f 63 00 37   |.....0.;&....c.7|
008440  1f 34 63 00 04 0f cf 04 31 09 40 35 0d cc 00 0a   |.4c.....1.@5....|
008450  1e 00 0e be a8 0f 95 10 20 0e 67 00 04 16 00 0f   |........ .g.....|
008460  73 06 32 03 78 35 0e 4a 09 05 1a 00 0f cb 04 30   |s.2.x5.J.......0|
008470  06 91 35 0d 68 00 07 1b 00 0f 69 00 3a 0d 9b 05   |..5.h.....i.:...|
008480  07 1b 00 0e 8c c9 0e 69 00 08 5a 35 0f 33 32 0e   |.......i..Z5.32.|
008490  0a 6c 35 0f 20 00 05 0a 0e 90 0f 77 00 30 01 8c   |.l5. ......w.0..|
0084a0  32 0f 7c 00 0d 07 25 00 0f a9 1a 15 04 81 00 0f   |2.|...%.........|
0084b0  c2 30 0a 0f 78 00 03 0b 1f 00 0f 71 03 15 04 72   |.0..x......q...r|
0084c0  00 0f 79 23 09 1e 31 73 00 0b 1b 00 00 6f 00 90   |..y#..1s.....o..|
0084d0  10 00 00 00 54 6f 74 61 6c 62 00 01 fc b2 1f 73   |....Totalb.....s|
0084e0  2b 4f 07 e2 8d 01 00 00 13 00 00 00 43 6f 6e 73   |+O..........Cons|
0084f0  75 6d 09 37 0f 34 00 0d 50 d3 00 00 00 12 34 00   |um.7.4..P.....4.|
008500  10 68 86 02 20 68 69 34 00 4f 54 69 6d 65 33 00   |.h.. hi4.OTime3.|
008510  08 f1 03 02 00 00 00 0b 00 00 00 50 6c 61 79 65   |...........Playe|
008520  72 4e 61 6d 65 2c 00 35 53 74 72 2c 00 14 0b 2c   |rName,.5Str,...,|
008530  00 11 07 ba 4f 61 65 65 6e 61 00 0f 66 00 00 84   |....Oaeena..f...|
008540  05 71 42 6f 64 79 44 61 74 13 00 00 37 00 17 75   |.qBodyDat...7..u|
008550  7d 37 26 12 59 98 37 0b 2e 00 0d 01 00 10 04 63   |}7&.Y.7........c|
008560  50 1f 76 61 50 08 17 32 61 50 00 03 38 5e 46 6c   |P.vaP..2aP..8^Fl|
008570  6f 61 74 27 00 41 40 d7 25 44 63 50 10 43 19 58   |oat'.A@.%DcP.C.X|
008580  60 41 74 74 72 5a 69 3d ae 10 44 2a 08 0f 3f 38   |`AttrZi=..D*..?8|
008590  03 26 bb 02 a7 00 0b c2 00 5f 00 05 00 00 00 4f   |.&......._.....O|
0085a0  00 0a 1e 0f 35 00 13 61 50 00 40 09 00 00 00 32   |....5..aP.@....2|
0085b0  00 00 2c 00 0e f1 00 04 1e 00 00 cd 74 01 7c 51   |..,.........t.|Q|
0085c0  45 45 6e 75 6d 44 00 13 15 26 00 10 0a 19 00 05   |EEnumD...&......|
0085d0  27 00 28 00 11 0f 00 30 3a 3a 4e 1e af 01 a4 00   |'.(....0::N.....|
0085e0  01 64 00 0f 3c 01 06 22 0c 00 ca 00 4f 4e 6f 6e   |.d..<.."....ONon|
0085f0  65 79 00 0c 1f 16 79 00 03 1a 12 79 00 20 4d 69   |ey....y....y. Mi|
008600  3d 52 0f 7a 00 10 1f 0b 7a 00 3d 10 5a 62 4e 0f   |=R.z....z.=.ZbN.|
008610  f4 00 11 1f 0f 7a 00 17 1f 17 7a 00 03 1a 13 7a   |.....z....z....z|
008620  00 30 4c 69 4c 3c 07 0f 7b 00 10 1e 07 7b 00 0f   |.0LiL<..{....{..|
008630  e8 01 2b 10 54 8b 2f 0f 79 00 10 18 04 79 00 19   |..+.T./.y....y..|
008640  1b b7 02 00 2d 27 0f 08 03 0c 1f bd 08 03 0c 0e   |....-'..........|
008650  51 00 0f 0a 03 77 0f 22 01 15 1f 5b 0a 03 66 1e   |Q....w."...[..f.|
008660  54 15 02 0f fd 03 53 1f 2b 09 03 67 1f 12 fe 03   |T.....S.+..g....|
008670  66 18 09 7a 00 10 14 da 56 05 b9 02 01 83 07 0f   |f..z....V.......|
008680  3e 00 0b 31 31 00 00 a2 00 40 50 72 6f 66 af 06   |>..11....@Prof..|
008690  0f 31 03 04 2f 01 38 31 03 07 1e 17 43 00 0f 23   |.1../.81....C..#|
0086a0  03 02 22 ac 37 44 00 13 10 2c 00 6f 69 63 69 65   |..".7D...,.oicie|
0086b0  6e 63 25 07 04 13 09 25 00 05 43 01 4d 42 79 74   |nc%....%..C.MByt|
0086c0  65 be 01 01 5c 01 07 4c 00 03 c1 01 07 12 00 83   |e...\..L........|
0086d0  3a 3a 46 61 4d 75 00 08 4f 00 0f 78 07 0a 13 2f   |::FaMu..O..x.../|
0086e0  22 08 00 29 00 3f 4d 61 78 2c 00 0a 17 3c c9 00   |"..).?Max,...<..|
0086f0  02 2c 00 5f 5f 49 6e 69 74 d5 07 0b 04 86 00 0f   |.,.__Init.......|
008700  d9 07 0c 40 00 00 bd 43 0e 02 df 55 6e 6c 6f 63   |...@...C...Unloc|
008710  6b 42 65 6e 65 66 69 74 99 01 04 2f c2 00 99 01   |kBenefit.../....|
008720  07 00 50 58 0e 48 00 0f 9e 01 04 13 5f 49 00 15   |..PX.H......_I..|
008730  19 31 00 07 46 01 03 3c 00 0e a7 01 0f 58 01 12   |.1..F..<.....X..|
008740  13 1e 98 07 02 57 00 5f 49 6e 64 65 78 a7 09 0b   |.....W._Index...|
008750  05 cf 02 09 52 03 0f 0f 02 07 1f 1b 0f 02 06 1d   |....R...........|
008760  17 0f 02 31 43 61 69 e8 29 0f bb 00 13 1f 3c 13   |...1Cai.).....<.|
008770  02 76 2f 80 40 13 02 15 2f 21 01 13 02 07 1f 02   |.v/.@.../!......|
008780  13 02 19 1f be 13 02 81 0f b7 01 16 0f 72 02 76   |.............r.v|
008790  13 5a a4 0c 0f bb 00 13 1f 30 72 02 75 2f 40 96   |.Z.......0r.u/@.|
0087a0  85 04 ff 1c 1f 1a 13 02 06 1f 16 85 04 01 00 55   |...............U|
0087b0  0a 0f 12 02 9c 3f 00 94 42 12 02 ff 1b 1f 18 12   |.....?..B.......|
0087c0  02 06 1d 14 12 02 5f 50 61 6f 4d 75 94 06 9d 2f   |......_PaoMu.../|
0087d0  90 41 94 06 e6 1f 01 94 06 4b 1f 01 94 06 4c 22   |.A.......K....L"|
0087e0  52 6f 52 1a 0f 19 0b 9d 1f 92 94 06 e7 1f 01 82   |RoR.............|
0087f0  04 4c 4f 52 6f 75 50 a4 08 14 1f 31 10 02 76 1f   |.LORouP....1..v.|
008800  64 10 02 fe 0f a4 08 36 2e 46 61 b6 0a 0f 94 06   |d......6.Fa.....|
008810  90 2f 08 42 12 02 ff 1b 1f 19 12 02 06 2e 15 00   |./.B............|
008820  c9 0c 4f 69 54 61 6f b9 00 13 1f 1c 11 02 76 1f   |..OiTao.......v.|
008830  a0 11 02 16 1f 63 11 02 08 1f 00 11 02 19 1f 00   |.....c..........|
008840  11 02 22 0e b2 01 0f fc 12 2e 3f 51 69 4a 55 0a   |..".......?QiJU.|
008850  14 1f 23 b0 01 76 1f 35 d3 05 fe 0f 0f 02 36 00   |..#..v.5......6.|
008860  4b 1e 0f b7 00 13 1f 3b 0f 02 76 1f f2 e2 07 ff   |K......;..v.....|
008870  48 6f 4a 69 61 5a 68 6f 76 0e 9e 2f 50 42 76 0e   |HoJiaZhov../PBv.|
008880  ff 7a 0f 71 02 19 10 4c 78 c1 2f 69 6e 71 02 9d   |.z.q...Lx./inq..|
008890  1f 00 7b 17 ba 0f 12 02 27 0f e2 04 9f 6f 50 65   |..{.....'....oPe|
0088a0  6e 67 52 65 71 02 9e 1f a0 e2 04 ff 7b 1f 16 71   |ngReq.......{..q|
0088b0  02 06 1d 12 71 02 1f 44 20 0d 15 1f 5a 6d 02 18   |....q..D ...Zm..|
0088c0  1f 5a 6d 02 48 3f 80 fb 3f 6d 02 16 1f 80 6d 02   |.Zm.H?..?m....m.|
0088d0  08 1f 03 6d 02 19 2f 1d 01 6d 02 73 1f 00 6d 02   |...m../..m.s..m.|
0088e0  4b 0f 5f 00 1f 1f 5a 5f 00 26 0f cc 02 14 1f 1c   |K._...Z_.&......|
0088f0  cc 02 06 1d 18 cc 02 11 53 07 2a 0f d2 02 9f 3f   |........S.*....?|
008900  cb 07 41 d2 02 ff d9 0f 9e 05 19 1f 4d cc 02 9d   |..A.........M...|
008910  3f 00 c4 90 cc 02 ff da 0f cc 11 19 00 0c 3d 0f   |?.............=.|
008920  cd 02 9b 3f 30 33 d8 6b 08 ff da 0f a8 0d 19 5f   |...?03.k......._|
008930  51 75 61 6e 54 9d 05 9d 4f c0 2e 5b 42 9d 05 ff   |QuanT...O..[B...|
008940  ff 06 00 1c 37 0f 6a 08 9c 3f 66 41 40 cd 02 ff   |....7.j..?fA@...|
008950  d9 0f f7 1d 19 02 a0 5e 0f cf 02 9b 2e 78 b4 2a   |.......^.....x.*|
008960  24 0f cf 02 ff f6 4f 75 6e 50 61 3b 0b 9c 3f 40   |$.....OunPa;..?@|
008970  5e 91 6b 08 ff ff 07 1f 42 9c 05 9e 3f 00 fc 31   |^.k.....B...?..1|
008980  6b 08 ff bc 19 16 f5 3e 00 65 22 03 96 94 1e 00   |k......>.e".....|
008990  d1 01 17 08 a8 3d 2b 49 6e a2 21 59 e9 a1 07 00   |.....=+In.!Y....|
0089a0  0d 4d 00 3e 5a 4a 00 44 00 2f ac 19 15 02 07 3e   |.M.>ZJ.D./.....>|
0089b0  24 00 00 43 00 1e 0f 29 00 13 50 44 00 00 6b 03   |$..C...)..PD..k.|
0089c0  01 f0 40 20 4a 69 04 49 10 4e 0f 5b 30 75 6e 44   |..@ Ji.I.N.[0unD|
0089d0  21 36 0d 01 00 10 0e 2c 00 12 4a 25 00 0f 29 01   |!6.....,..J%..).|
0089e0  0c 13 c7 e3 00 30 53 68 75 f5 1e 4f 44 75 4c 76   |.....0Shu..ODuLv|
0089f0  2d 00 07 50 ff ff ff ff 07 ad 90 5f 55 73 69 6e   |-..P......._Usin|
008a00  67 9e 90 07 02 33 3a 4f 62 43 61 6e 29 00 0c 16   |g....3:ObCan)...|
008a10  01 9c 01 0f b4 00 18 2f 2b 01 b4 00 40 1f 01 b4   |......./+...@...|
008a20  00 4b 2f 8f 01 68 01 9f 1f f3 68 01 a0 2f 57 02   |.K/..h....h../W.|
008a30  b4 00 9f 2f bb 02 1c 02 9f 2f 1f 03 b4 00 9f 2f   |.../...../...../|
008a40  83 03 1c 02 9f 1f e7 68 01 a0 1f 66 54 06 19 00   |.......h...fT...|
008a50  95 08 0f b4 00 70 1f 67 b4 00 19 1f 3c b4 00 73   |.....p.g....<..s|
008a60  1f 69 b4 00 19 00 3f 09 0f d0 02 70 2f 2d 01 1c   |.i....?....p/-..|
008a70  02 9f 2f bf 02 b4 00 9f 2f c0 02 d0 02 9f 2f 30   |../...../...../0|
008a80  01 b4 00 9f 2f be 02 84 03 9f 1f 91 84 03 a0 1f   |..../...........|
008a90  92 1c 02 a0 2f 94 01 1c 02 40 0f b4 00 4c 2f 2e   |..../....@...L/.|
008aa0  01 d0 02 9f 1f f9 d0 02 a0 1f c9 24 09 a0 1f cb   |...........$....|
008ab0  24 09 a0 1f 2a 84 03 a0 1f f5 ec 04 a0 1f fa 68   |$...*..........h|
008ac0  01 a0 2f 24 03 84 03 9f 2f 21 03 1c 02 9f 2f 23   |../$..../!..../#|
008ad0  03 1c 02 9f 1f 59 f4 0b a0 1f 5c f4 0b a0 1f 5b   |.....Y....\....[|
008ae0  40 0b a0 1f 86 38 04 a0 1f 87 38 04 a0 2f 88 03   |@....8....8../..|
008af0  1c 02 74 05 09 00 10 12 7e 00 72 73 46 61 53 6f   |..t.....~.rsFaSo|
008b00  6e 67 b9 19 00 76 30 0f 43 00 08 00 72 1a 00 41   |ng...v0.C...r..A|
008b10  4b 50 43 61 6e 67 46 48 8b 0f ec 55 08 1f d3 17   |KPCangFH...U....|
008b20  3c 08 00 8e 1a 0e 4c 00 0f e7 55 08 17 80 05 1b   |<.....L...U.....|
008b30  4e 47 75 69 64 25 1a f7 72 6d 06 0a b2 6e 41 2e   |NGuid%..rm...nA.|
008b40  11 7f 3a d3 83 73 ad 59 4c 39 24 99 32 e6 4e fe   |..:..s.YL9$.2.N.|
008b50  70 b1 d1 4b 95 fc 04 e9 74 c1 e8 6e 6e 5c 4e 7e   |p..K....t..nn\N~|
008b60  07 c0 87 da b0 20 b8 34 4a 5c c1 c8 75 3d 4d 59   |..... .4J\..u=MY|
008b70  03 5c 39 2a ba c0 e9 3f b1 2c f5 c0 82 29 47 ff   |.\9*...?.,...)G.|
008b80  e2 37 77 31 a7 32 27 fa 3b 14 d1 34 63 06 4b 09   |.7w1.2'.;..4c.K.|
008b90  e7 ea 58 b2 b7 2f 72 50 02 2b 80 bb ae 9f 4b 3c   |..X../rP.+....K<|
008ba0  42 19 14 85 a0 ea 41 41 44 af 89 da c5 c1 45 ba   |B.....AAD.....E.|
008bb0  10 05 6b 3a 98 8e 94 32 1a 12 cf 00 4f 5a 75 52   |..k:...2....OZuR|
008bc0  65 17 01 05 1f 8f 5a 1d 08 00 1d 46 0e 48 00 0f   |e.....Z....F.H..|
008bd0  13 01 04 2f 40 01 13 01 0d f0 ff 32 49 f5 9d 55   |.../@......2I..U|
008be0  0b 4c 33 d8 5c 02 13 96 c8 cb d7 3e aa 95 7f d6   |.L3.\......>....|
008bf0  f9 43 65 a7 6b 8e 7f ba de 8b 3a 64 35 fc 4a 65   |.Ce.k.....:d5.Je|
008c00  5b 4e b6 22 a4 63 e5 87 5f 65 b2 fa 63 a4 d9 38   |[N.".c.._e..c..8|
008c10  2d 4d b3 9c 34 56 49 80 7a 21 80 b9 0d 61 58 89   |-M..4VI.z!...aX.|
008c20  d2 4c ee 5a 84 08 c3 86 fc 9b 6e 02 5a 38 1a 54   |.L.Z......n.Z8.T|
008c30  f7 48 fc f6 ff d0 be b1 6f 26 e2 5f ff 44 ac c6   |.H......o&._.D..|
008c40  4a 41 cf 85 4b 45 9d af 59 70 f0 37 13 21 36 84   |JA..KE..Yp.7.!6.|
008c50  6a 43 53 ea 00 57 02 a5 eb 7a c2 58 4d c5 2d c8   |jCS..W...z.XM.-.|
008c60  95 4d 86 cd 70 73 34 93 8b e7 d6 43 b5 e5 f3 df   |.M..ps4....C....|
008c70  0f 44 9e 98 92 db d7 b0 ef 28 3c 66 ff 53 0c ba   |.D.......(<f.S..|
008c80  cc 4b ad f9 52 6d e8 bf ed bb e6 6b 59 1d 7c 78   |.K..Rm.....kY.|x|
008c90  0f 46 b3 b4 b4 0b 31 88 64 a5 d7 c9 b9 37 aa ea   |.F....1.d....7..|
008ca0  dc 4f 5b 08 5b 75 5e 9f 06 ba cf d2 35 b0 46 84   |.O[.[u^.....5.F.|
008cb0  cc 4d df 36 6b 21 32 b2 66 27 64 72 78 32 0e 32   |.M.6k!2.f'drx2.2|
008cc0  86 46 38 d2 1c ce 31 a1 74 48 5e d8 01 e1 ed 54   |.F8...1.tH^....T|
008cd0  f9 41 eb 1a 15 1c 30 87 a5 a2 48 10 a9 e2 9d 79   |.A....0...H....y|
008ce0  45 45 6f 5d 41 0e 3e bc 1e 7a 67 a7 7d 92 f7 46   |EEo]A.>..zg.}..F|
008cf0  75 4b 19 05 e6 2e ff ac 5e d3 07 99 5a f7 c8 64   |uK......^...Z..d|
008d00  f5 48 7b 5e 19 44 28 85 2f 7d ed b4 db ba e0 8d   |.H{^.D(./}......|
008d10  7f 45 4b 5c ad c6 47 b7 05 9f dd ed 75 01 01 83   |.EK\..G.....u...|
008d20  01 00 e4 af 1f 70 d0 01 04 2f aa 05 2a 1f 0b 0e   |.....p.../..*...|
008d30  45 00 0f 2b 00 01 17 54 46 00 06 2e 00 0f c8 5c   |E..+...TF......\|
008d40  07 3f 55 69 64 47 00 01 1f 10 27 03 0e f1 01 c8   |.?UidG....'.....|
008d50  c8 2f fb 87 4d 4a f6 aa 7b 2a 90 5a ca 04 29 0c   |./..MJ..{*.Z..).|
008d60  04 22 61 6d 0d 21 36 54 65 78 4c 00 18 13 83 4d   |."am.!6TexL....M|
008d70  10 ff 6d 02 10 06 d8 1e 11 61 33 ad 00 5e 02 3f   |..m......a3..^.?|
008d80  63 6f 6e f2 04 0c 13 0c 53 05 0f 10 03 09 1f 17   |con.....S.......|
008d90  10 03 08 1d 0d 40 00 1e 0f 26 00 1f d0 f4 00 0e   |.....@...&......|
008da0  0c b8 02 0c 98 02 0c 18 03 0c f8 02 0c d8 02 0c   |................|
008db0  f8 02 0c 78 02 0c 48 03 0f d8 02 0d 0c 88 02 0f   |...x..H.........|
008dc0  b8 02 0d 05 c0 05 0f 0a 02 2a ff 01 50 d9 dc 62   |.........*..P..b|
008dd0  c2 40 a0 d9 94 53 cb 99 34 5c 6d 28 0a 02 07 1d   |.@...S..4\m(....|
008de0  17 0a 02 01 43 59 8f 6d 70 6c 6f 79 65 65 73 0e   |....CY.mployees.|
008df0  02 15 1f 06 0e 02 10 1f e7 35 06 08 1f 0a 0e 02   |.........5......|
008e00  11 2f a0 00 16 05 1d 0c 06 05 0c 96 04 0c b6 04   |./..............|
008e10  0c 86 04 fc 11 9e f9 58 89 91 42 5a 8d 79 f2 b6   |.......X..BZ.y..|
008e20  97 8d 6d 84 06 8a b3 84 d2 d4 4a 28 dd 92 9d 7e   |..m.......J(...~|
008e30  84 8e c8 e6 aa 56 04 0c b6 04 ff 01 9c dc 50 04   |.....V........P.|
008e40  0d 47 b6 d8 ca 47 4a b8 a3 7b 7f 2c de 01 33 ff   |.G...GJ..{.,..3.|
008e50  01 ec 4c 41 09 0b 44 af 74 50 5c 8c aa 13 3d 1e   |..LA..D.tP\...=.|
008e60  d5 de 01 07 1d 15 de 01 11 08 97 01 4f 63 68 65   |............Oche|
008e70  72 dc 01 16 1f 0a dc 01 10 2f 77 00 2a 05 0b 0f   |r......../w.*...|
008e80  dc 01 0e 1f 30 f6 00 0e f5 21 29 9b c8 bf 18 46   |....0....!)....F|
008e90  76 11 09 65 73 b2 8c fa 02 2d 21 67 20 46 a9 44   |v..es....-!g F.D|
008ea0  e2 b7 b3 83 9d 96 32 37 70 94 ab c9 cc 01 31 42   |......27p.....1B|
008eb0  cb c3 be 81 a7 81 b8 c2 b1 f3 6c 01 10 19 6e 00   |..........l...n.|
008ec0  ff 03 61 76 65 46 69 72 73 74 54 72 61 6e 73 44   |..aveFirstTransD|
008ed0  4c 43 4d 61 f5 05 05 2f 18 01 f3 44 0b 0f 4f 00   |LCMa.../...D..O.|
008ee0  0a 1e 0f 35 00 13 b6 c0 00 13 11 38 00 04 33 00   |...5.......8..3.|
008ef0  0e 01 06 04 f2 60 02 50 00 0e 4e 63 08 d1 01 12   |.....`.P..Nc....|
008f00  11 28 00 11 5f 58 b3 62 30 31 5f 4d 61 69 1b 24   |.(.._X.b01_Mai.$|
008f10  40 53 65 6e 64 b6 d0 00 f5 93 1e 65 29 5d 13 2c   |@Send......e)].,|
008f20  40 00 01 ac 4e 04 8b 00 52 50 72 69 73 65 31 00   |@...N...RPrise1.|
008f30  2f 00 28 19 00 03 23 3a 3a 76 b3 00 60 00 01 a1   |/.(...#::v..`...|
008f40  00 2a 73 6b 23 5d 07 96 b3 0f 91 b3 08 2f bb 07   |.*sk#]......./..|
008f50  6d 9b 07 10 10 a4 5c 1f 85 e3 b2 0f f0 01 4e 50   |m.....\.......NP|
008f60  43 2f 48 75 6d 61 6e 2f 53 61 76 61 67 65 22 b5   |C/Human/Savage".|
008f70  01 60 95 00 5c 65 80 45 67 79 70 74 44 4c 43 6a   |.`..\e.EgyptDLCj|
008f80  bb 46 62 65 46 5f 23 00 21 30 31 6a b0 1f 2e 25   |.FbeF_#.!01j...%|
008f90  00 11 2f 5f 43 8a 00 1c af 44 65 73 65 72 74 57   |../_C....DesertW|
008fa0  6f 6c 66 8a 00 04 26 4d 5f 23 00 0e 8a 00 0f 25   |olf...&M_#.....%|
008fb0  00 07 0f 7e b8 14 04 f7 b3 d0 4d 61 63 68 69 6e   |...~......Machin|
008fc0  65 2f 52 65 63 6f 6e 23 00 23 50 5f 13 00 13 5f   |e/Recon#.#P_..._|
008fd0  13 00 05 7b 00 0e 18 00 0e f8 00 0f 82 01 3c 1f   |...{..........<.|
008fe0  32 82 01 11 1f 32 82 01 51 1f 32 82 01 11 1f 32   |2....2..Q.2....2|
008ff0  82 01 2f 1e 32 82 01 1f 32 82 01 04 06 6e 00 1f   |../.2...2....n..|
009000  5f 6e 00 1e 00 fe 00 47 74 72 6f 79 f9 b5 05 12   |_n.....Gtroy....|
009010  00 1d 2e 12 00 00 64 00 1f 7b e6 01 1b 8a 6e 64   |......d..{....nd|
009020  42 61 6e 64 69 74 58 01 07 18 00 02 63 00 5f 4d   |BanditX.....c._M|
009030  5f 54 32 2e 22 00 0e 0a 1a ba 07 a8 bd 00 12 64   |_T2."..........d|
009040  11 57 18 6a 30 4a 69 58 0e 89 30 4f 53 53 f5 bb   |.W.j0JiX..0OSS..|
009050  41 69 58 69 61 73 f9 4f 5f 34 30 2e 1e 00 0a 0f   |AiXias.O_40.....|
009060  75 ba 14 0d ad 01 37 61 6e 67 3c 01 02 0f 00 1a   |u.....7ang<.....|
009070  2e 0f 00 0a c4 95 0f 92 02 33 5e 4c 61 72 67 65   |.........3^Large|
009080  19 04 0f 2a 00 16 0f 19 ba 14 0c ef 00 a1 45 78   |...*..........Ex|
009090  63 61 76 61 74 6f 72 2f 5e 00 08 a4 02 05 1b 00   |cavator/^.......|
0090a0  02 60 00 01 20 00 1f 2e 20 00 0c 00 86 00 1f 9b   |.`.. ... .......|
0090b0  36 04 24 03 13 78 3f 4e 70 63 20 01 01 09 17 04   |6.$..x?Npc .....|
0090c0  7e 53 75 70 70 6f 72 74 23 01 0f 2d 00 0d 0f a0   |~Support#..-....|
0090d0  00 45 1f 46 a0 00 19 0f 2d 00 08 0e eb a5 0d 10   |.E.F....-.......|
0090e0  03 02 0a 00 20 5f 4c 00 9a 15 75 62 00 0e 16 00   |.... _L...ub....|
0090f0  00 4b 00 1f 6f 11 02 29 0f eb 01 06 0f 05 02 08   |.K..o..)........|
009100  11 43 cf 07 50 50 53 4e 69 65 fe 12 01 79 cc 0f   |.C..PPSNie...y..|
009110  0b 09 01 26 03 05 7d 08 08 2c 00 0f 1e 2c 06 11   |...&..}..,...,..|
009120  0a 7b 65 7f 58 69 6e 67 42 69 65 82 46 0b 11 10   |.{e.XingBie.F...|
009130  2b 00 20 4c 69 a4 70 0f af 13 0e 13 05 8d 11 04   |+. Li.p.........|
009140  2f 00 55 4d 6f 72 70 68 43 0b 00 09 00 05 34 00   |/.UMorphC.....4.|
009150  18 0d 3e 65 20 4d 5f cf 01 21 30 38 0d 00 50 46   |..>e M_..!08..PF|
009160  75 53 65 42 45 67 0f 98 2f 08 51 74 c8 ac 3f 0e   |uSeBEg../.Qt..?.|
009170  9a 00 2f 46 61 98 00 10 13 dd 02 0a 51 46 61 53   |../Fa.......QFaS|
009180  65 43 1d 01 0f 47 01 01 13 35 a2 0a 16 18 47 01   |eC...G...5....G.|
009190  34 59 61 6e 32 00 02 7e 01 0e 77 2f 01 86 00 01   |4Yan2..~..w/....|
0091a0  28 00 0f 76 0c 09 11 0c 16 01 9d 6e 65 61 72 43   |(..v.......nearC|
0091b0  6f 6c 6f 72 48 00 00 0d 44 54 3f 94 fb 1d 3f 0c   |olorH...DT?...?.|
0091c0  00 00 de 00 01 79 00 00 1d 6f 14 4d a7 14 0f 43   |.....y...o.M...C|
0091d0  01 08 98 65 74 61 6c 6c 69 63 00 0a 39 00 0f 44   |...etallic..9..D|
0091e0  01 09 40 33 33 33 3f 43 00 00 8a 03 4f 75 6c 61   |..@333?C....Oula|
0091f0  72 a8 01 03 18 12 52 2e 54 48 61 69 72 5f 30 00   |r.....R.THair_0.|
009200  27 00 0e 3d 00 5f 56 61 6c 75 65 9b 4c 0c 15 3f   |'..=._Value.L..?|
009210  d8 0a 10 0b 35 01 5f 72 65 61 73 74 e9 01 0d 40   |....5._reast...@|
009220  9a 99 59 3f d2 00 01 4a 6a 0f 2d 00 0d 53 42 d7   |..Y?...Jj.-..SB.|
009230  9b 3f 0d 7f 02 3f 4d 61 74 15 02 0c 13 da 15 02   |.?...?Mat.......|
009240  af 42 65 61 72 64 49 6e 66 6f 31 c1 01 01 17 90   |.BeardInfo1.....|
009250  82 0d 01 2a 00 01 c0 01 00 2f 00 0e 65 0c 07 4e   |...*...../..e..N|
009260  00 0f 9b 30 0e 19 0b 50 00 0f 3b 02 2a c0 d4 44   |...0...P..;.*..D|
009270  1f 3c 2c ba f5 3b 9e 62 d5 3b 3b 02 0a 67 01 04   |.<,..;.b.;;..g..|
009280  de 00 1f 32 de 00 bd 11 12 f9 0d 22 74 75 45 c1   |...2......."tuE.|
009290  7f 50 65 72 63 65 6e 74 1f 02 0a 39 cc 20 3d 1c   |.Percent...9. =.|
0092a0  01 6f 50 53 4d 4a 47 5a 75 16 05 1f 2d b0 0e 07   |.oPSMJGZu...-...|
0092b0  00 b5 00 0b 41 00 0f 50 04 01 16 2d b8 31 10 4d   |....A..P...-.1.M|
0092c0  4f 50 32 75 47 61 e4 8b 0f b8 31 07 11 0c 4f 04   |OP2uGa....1...O.|
0092d0  00 56 00 10 42 93 a1 0e 69 0e 18 20 70 35 02 56   |.V..B...i.. p5.V|
0092e0  00 02 2a 00 2b 00 1c 12 00 22 3a 3a 0d 00 10 5f   |..*.+...."::..._|
0092f0  07 00 21 42 75 e3 00 00 59 00 00 04 73 01 77 6b   |..!Bu...Y...s.wk|
009300  0f 2d 0e 01 15 59 54 04 0f 6d c1 11 00 f2 df 05   |.-...YT..m......|
009310  d4 00 00 e3 06 00 60 00 12 5f 77 00 00 8e cd 0d   |......`.._w.....|
009320  12 00 03 d3 06 00 15 00 02 a4 04 0f 7d 01 04 2f   |............}../|
009330  9b 02 2c 4e 0b 0e 45 00 0f 2b 00 01 13 3a 46 00   |..,N..E..+...:F.|
009340  1e 1a 81 01 01 b1 05 0e d3 05 06 52 10 51 65 6c   |...........R.Qel|
009350  65 63 74 26 00 0f ef 02 0c 13 08 b6 01 07 2b 06   |ect&..........+.|
009360  0f 8c 00 01 17 96 e1 01 08 2b 00 0f 51 06 46 c0   |.........+..Q.F.|
009370  73 9d c6 3c a5 bb 3b 3e d0 44 58 3c 38 03 15 0b   |s..<..;>.DX<8...|
009380  18 06 0f 4e 06 03 18 0c 81 00 01 54 00 2e 30 32   |...N.......T..02|
009390  00 1b 0f 1d 01 1c 1f 00 1d 01 84 cf 8e e6 48 3d   |..............H=|
0093a0  e8 bb bb 3d e9 45 2d 3d 1d 01 24 2e 31 00 1d 01   |...=.E-=..$.1...|
0093b0  11 08 08 01 0f 33 1d 0e 11 08 be 02 0e bb c5 0d   |.....3..........|
0093c0  1f 14 11 06 29 00 0f a4 38 0d 35 7a 13 45 82 00   |....)...8.5z.E..|
0093d0  0f 40 04 0e 1f 23 40 04 06 1f 1f 40 04 05 04 9a   |.@...#@....@....|
0093e0  90 1f 67 43 04 13 15 57 43 04 0f 66 b5 02 02 55   |..gC...WC..f...U|
0093f0  00 0e 37 04 06 67 00 20 5f 31 67 db 0f 17 00 03   |..7..g. _1g.....|
009400  0f 41 04 15 1f 61 20 5d 0c 0f 41 04 13 2f 00 00   |.A...a ]..A../..|
009410  41 04 22 0f 07 02 39 1f 01 07 02 16 08 f0 38 0f   |A."...9.......8.|
009420  47 06 6d 15 4d 04 02 1f 48 04 02 1a 03 6b 00 1d   |G.m.M...H....k..|
009430  35 3b 06 1f 35 3b 06 c1 0f 1e 05 85 00 12 05 8f   |5;..5;..........|
009440  cd e5 16 3f f4 dd 1d 3e 1e 05 38 0f 1d 01 b5 af   |...?...>..8.....|
009450  00 00 4a 44 34 3f 56 d8 6c 3e 58 07 38 0f 3b 06   |..JD4?V.l>X.8.;.|
009460  63 3f ad bc 44 34 04 76 15 4b 34 04 1f 46 34 04   |c?..D4.v.K4..F4.|
009470  21 0d 33 04 0f 32 04 ff 5e 00 e2 0f 04 0c 00 0f   |!.3..2..^.......|
009480  15 03 20 1f 33 32 04 ca 03 1d 01 1f 3f 6d 0a 84   |.. .32......?m..|
009490  0f 66 08 16 3f a8 d2 89 32 04 b6 1d 31 a0 0e 0f   |.f..?...2...1...|
0094a0  32 04 ff 59 8f d3 dd 4d 3f 3e 93 bd 3e 32 04 ff   |2..Y...M?>..>2..|
0094b0  a6 0f 64 08 16 4f 80 4d 84 45 32 04 b5 2c 32 2e   |..d..O.M.E2..,2.|
0094c0  11 00 0f 64 08 ff 5d 4f 34 bd 00 3f 32 04 ff cf   |...d..]O4..?2...|
0094d0  4e 00 3c bf 43 32 04 0f 11 17 b0 2d 33 2e 12 00   |N.<.C2.....-3...|
0094e0  0f 40 04 ff 59 00 0d 17 31 72 6f 2e 04 00 0f d6   |.@..Y...1ro.....|
0094f0  10 fe bf 1d 22 22 3f 75 1e c5 3e 7f 17 76 d6 10   |....""?u..>..v..|
009500  85 1f 03 40 04 15 4f 50 db 54 46 40 04 c2 1d 32   |...@..OP.TF@...2|
009510  40 04 0f 80 08 ff 5a cf cd cc cc 3d bd 56 c2 3d   |@.....Z....=.V.=|
009520  a7 06 ba 3d 80 08 fe 00 40 04 08 a9 09 0f 40 04   |...=....@.....@.|
009530  80 1f 06 40 04 15 4f e9 8c d7 47 51 1b 79 15 51   |...@..O...GQ.y.Q|
009540  43 04 1f 4c 51 1b 24 3e 39 2e 42 14 00 0f 4b 1b   |C..LQ.$>9.B...K.|
009550  b7 1f 01 4b 1b c9 0f 41 06 39 0e f2 12 0f f3 12   |...K...A.9......|
009560  c1 1f 04 a4 0d 88 40 33 33 b3 3e 49 06 0f 92 21   |......@33.>I...!|
009570  66 1f 03 5e 07 86 20 4c 3e bd 0e 4f 9a 99 19 3e   |f..^.. L>..O...>|
009580  c1 0e 5d 1f 01 c1 0e 3d 2f e0 01 c1 0e 4a 00 06   |..]....=/....J..|
009590  f8 3f 53 68 69 40 04 57 02 70 00 08 d2 25 05 12   |.?Shi@.W.p...%..|
0095a0  00 0f 40 04 15 1f 7e ff 35 0c 0f 40 04 13 2f 1d   |..@...~.5..@../.|
0095b0  01 d2 25 fe 0f 81 0a 2e 0f 63 07 c3 0f 23 03 65   |..%......c...#.e|
0095c0  1d 31 23 03 0f 63 07 c1 1f 0a 23 03 84 30 9a 99   |.1#..c....#..0..|
0095d0  99 5f 07 0e 56 1a 0f e4 11 59 0f 1d 01 c8 1f 32   |._..V....Y.....2|
0095e0  88 1e 75 09 40 04 00 61 2d 01 37 3c 90 43 72 65   |..u.@..a-.7<.Cre|
0095f0  61 74 65 4c 6f 61 2c f2 00 64 9f 0f 43 00 0b 33   |ateLoa,..d..C..3|
009600  40 40 0c c5 2d 3f 48 4a 53 95 03 04 2f 6f 0e 93   |@@..-?HJS.../o..|
009610  45 0b 0c 42 00 0f 71 9f 01 16 0e d0 61 02 92 03   |E..B..q.....a...|
009620  11 48 c5 a8 5f 6e 67 53 68 69 c2 5f 0a 0f af 2d   |.H.._ngShi._...-|
009630  70 11 0d 87 00 6f 43 68 61 43 61 6f 23 01 04 1f   |p....oChaCao#...|
009640  da b8 04 0c 0d 43 00 0f ad 46 01 03 44 00 15 15   |.....C...F..D...|
009650  24 01 00 30 00 3e 68 61 6f 20 01 07 cf 0f 5f 48   |$..0.>hao ...._H|
009660  4a 53 44 4a 18 01 01 15 e9 f5 9d 1f 8d 18 01 04   |JSDJ............|
009670  57 4d 61 70 73 2f ea 3d 1c 2f f6 3d 1c 2e 11 00   |WMaps/.=./.=....|
009680  b1 3a 50 65 72 73 69 73 74 65 6e 74 17 00 22 2e   |.:Persistent..".|
009690  48 9f a1 01 c8 3d a1 5f 32 31 34 37 33 32 35 37   |H....=._21473257|
0096a0  39 a5 13 07 e1 01 40 32 30 5f 43 1e 00 9f 33 31   |9.....@20_C...31|
0096b0  31 37 36 37 33 00 53 49 f7 0c 03 cf 0f 07 42 00   |17673.SI......B.|
0096c0  1c 2f 51 00 1e 2e 62 00 21 00 07 cd 03 10 6f 15   |./Q...b.!.....o.|
0096d0  07 0f 19 92 13 0f 40 01 95 27 31 31 40 01 2f 36   |......@..'11@./6|
0096e0  30 40 01 2f 2e 31 31 62 00 0f 40 01 13 1f 03 53   |0@./.11b..@....S|
0096f0  64 02 0f 11 2b 68 0f 9d 03 10 1f 5a be 11 0c 0f   |d...+h.....Z....|
009700  9d 03 11 2f 00 00 9d 03 1d 0e 1d 01 0f fa 27 5d   |.../..........']|
009710  0f 1b 01 f3 0e e3 24 0f d3 05 ff 3a 7f 34 34 35   |......$....:.445|
009720  37 39 35 35 d3 05 69 1f 00 d3 05 a2 15 38 d3 05   |7955..i......8..|
009730  2f 38 35 40 01 31 2e 31 38 62 00 0e 40 01 0f 65   |/85@.1.18b..@..e|
009740  83 17 0f 4c 24 66 0f b6 04 b4 0f 35 21 4f 0f 29   |...L$f.....5!O.)|
009750  01 fe 0f 1e 1e 05 0f 29 01 fe 0f 06 19 05 0f 29   |.......).......)|
009760  01 8f 00 33 00 43 58 69 75 46 10 05 00 3f 55 02   |...3.CXiuF...?U.|
009770  f3 a7 0f e5 0e 09 30 80 ed 44 24 13 41 52 65 61   |......0..D$.ARea|
009780  6c 63 a7 e1 41 64 64 45 6e 65 72 67 79 4f 6e 6c   |lc..AddEnergyOnl|
009790  69 6e 24 0f 10 0f f4 4a 5d 6f 75 62 6c 65 fb 6e   |in$....J]ouble.n|
0097a0  03 86 55 32 c3 40 0b 63 0f 12 65 3c 00 0f 8d a1   |..U2.@.c..e<....|
0097b0  0b 36 1c 46 1b b8 4a bf 4c 65 61 72 6e 65 64 4d   |.6.F..J.LearnedM|
0097c0  4a 58 46 2c e6 08 2f 02 40 5a 01 07 00 77 46 0f   |JXF,../.@Z...wF.|
0097d0  51 00 0c 1e 0f 37 00 13 9c 8f 1e 15 13 68 01 01   |Q....7.......h..|
0097e0  3b 01 0e 66 01 07 90 01 00 54 00 03 21 00 0f 8d   |;..f.....T..!...|
0097f0  02 0a 15 5b 8d 02 1f 56 8d 02 14 01 7c 00 02 04   |...[...V....|...|
009800  44 31 73 6b 5f 0e 00 53 30 32 5f 30 36 e8 38 0c   |D1sk_..S02_06.8.|
009810  15 00 21 5f 43 5f 3e 00 85 00 20 44 65 d5 06 0f   |..!_C_>... De...|
009820  c1 06 14 0f c5 00 64 02 81 0b 0c 15 00 0f c5 00   |......d.........|
009830  9c 02 16 04 0c 15 00 0f c5 00 9c 02 04 06 0c 15   |................|
009840  00 0f c5 00 9c 02 f2 07 0c 15 00 0f c5 00 9c 01   |................|
009850  53 b8 0d 15 00 0f c5 00 9c 01 14 b7 0d 15 00 0f   |S...............|
009860  c5 00 9c 2f 37 2e 15 00 01 0f c5 00 18 1f 02 c5   |.../7...........|
009870  00 25 0f b9 23 13 02 96 00 1b 31 bb 00 10 31 ef   |.%..#.....1...1.|
009880  3e 2e 30 2e 15 00 0f 59 05 53 0f bb 00 2d 03 65   |>.0....Y.S...-.e|
009890  09 0c 15 00 0f bb 00 92 1f 35 bb 00 01 0f f6 02   |.........5......|
0098a0  19 1f 03 bb 00 66 0c 76 04 02 15 00 0f 76 01 92   |.....f.v.....v..|
0098b0  0c bb 06 02 15 00 0f 76 01 92 1f 37 bb 00 01 0f   |.......v...7....|
0098c0  62 04 19 1f 05 bb 00 66 0c 80 0a 02 15 00 0f 1d   |b......f........|
0098d0  05 92 0e 62 04 00 15 00 0f 31 02 7d 1b 33 bb 00   |...b.....1.}.3..|
0098e0  1f 33 d8 05 01 1f 33 d8 05 82 0e bb 00 2d 34 30   |.3....3......-40|
0098f0  d8 08 02 15 00 0f ec 02 7d 0e bb 00 1e 32 31 02   |........}....21.|
009900  02 15 00 0f bb 00 92 0e 31 02 00 15 00 0f bb 00   |........1.......|
009910  92 0c d8 05 02 15 00 0f bb 00 8f 1f 34 76 01 01   |............4v..|
009920  1f 34 76 01 95 0c 44 0d 02 15 00 0f 76 01 92 0e   |.4v...D.....v...|
009930  a7 03 00 15 00 0f 4e 07 92 02 68 2f 0c 15 00 0f   |......N...h/....|
009940  7f 09 92 01 42 19 0d 15 00 0f bb 00 91 1f 32 f5   |....B.........2.|
009950  0a 01 1f 32 f5 0a 92 0d 4e 07 02 15 00 0f f5 0a   |...2....N.......|
009960  91 02 b3 1c 0d 15 00 0f 76 01 92 0e a7 03 00 15   |........v.......|
009970  00 0f 76 01 91 0d cd 10 02 15 00 0f 31 02 92 0e   |..v.........1...|
009980  e1 0d 00 15 00 0f 31 02 92 0c 4e 07 02 15 00 0f   |......1...N.....|
009990  31 02 92 1f 32 bb 00 01 0f 57 0f 92 0d 7e 14 02   |1...2....W...~..|
0099a0  15 00 0f bb 00 92 0e 57 0f 03 bd 52 0f bb 00 8f   |.......W...R....|
0099b0  0e 09 08 00 15 00 0f 62 04 92 1f 33 62 04 01 0f   |.......b...3b...|
0099c0  a7 03 19 1f 09 f5 0a 63 1e 33 ec 02 02 15 00 0f   |.......c.3......|
0099d0  b0 0b 8f 1e 33 26 0d 02 15 00 0f 6b 0c 92 1e 35   |....3&.....k...5|
0099e0  6b 0c 0f 76 01 95 1e 31 76 01 0f cd 10 92 1e 33   |k..v...1v......3|
0099f0  1d 05 02 15 00 0f bb 00 92 1f 37 bb 00 01 0f ea   |..........7.....|
009a00  15 92 1e 32 93 06 00 15 00 0f 7f 09 7d 1e 32 c2   |...2........}.2.|
009a10  1b 0e ec 02 02 15 00 0f bb 00 90 1f 32 1b 21 01   |............2.!.|
009a20  1f 32 ea 15 53 15 55 bb 00 1f 50 31 02 23 13 39   |.2..S.U...P1.#.9|
009a30  3e 2c 0e 17 00 0f 1f 18 7d 0f 7a 01 02 1f 31 7a   |>,......}.z...1z|
009a40  01 01 0f 35 02 93 0e 01 21 00 15 00 0f bb 00 92   |...5....!.......|
009a50  0e 81 22 00 15 00 0f bb 00 92 0e b2 21 00 15 00   |..".........!...|
009a60  0f 02 13 92 1f 39 a9 03 03 0f 66 04 91 1f 32 66   |.....9....f...2f|
009a70  04 03 1f 32 66 04 94 0e 22 23 00 15 00 0f f0 02   |...2f..."#......|
009a80  92 1f 36 bb 00 01 0f 11 08 91 1e 33 56 07 01 15   |..6........3V...|
009a90  00 0f bb 00 92 0e dc 05 00 15 00 0f bb 00 92 0e   |................|
009aa0  dc 05 00 15 00 0f bb 00 92 1f 31 bb 00 01 0f 8e   |..........1.....|
009ab0  24 92 1f 33 68 17 01 1f 33 5d 2b 9b 1e 38 6c 04   |$..3h...3]+..8l.|
009ac0  01 15 00 0f c5 00 9c 1f 30 c5 00 01 0f 8a 01 9d   |........0.......|
009ad0  1f 31 c5 00 01 0f 17 0b 90 1f 31 b1 06 01 1f 31   |.1........1....1|
009ae0  b1 06 93 1f 31 3b 02 01 1f 31 b1 06 94 0e 17 0b   |....1;...1......|
009af0  00 15 00 0f bb 00 92 0e 9d 09 00 15 00 0f bb 00   |................|
009b00  92 0e 31 05 00 15 00 0f a7 03 92 0e ec 02 00 15   |..1.............|
009b10  00 0f bb 00 92 1e 32 bb 00 0f be 0e 92 1e 31 34   |......2.......14|
009b20  10 02 15 00 0f be 0e 92 0f 01 0e 02 0f 7a 33 9b   |.............z3.|
009b30  1e 37 b1 03 01 15 00 0f c5 00 9c 0e a7 06 00 15   |.7..............|
009b40  00 0f c5 00 9c 1f 31 c5 00 01 0f 4f 02 9d 0e 27   |......1....O...'|
009b50  0e 00 15 00 0f c5 00 9c 0e 31 0e 00 15 00 0f c5   |.........1......|
009b60  00 9c 0e 00 09 00 15 00 0f c5 00 9c 0e 0a 09 00   |................|
009b70  15 00 0f 21 14 92 2f 31 5f 20 06 04 0f 21 14 90   |...!../1_ ...!..|
009b80  1e 31 87 18 02 15 00 0f 53 08 92 0e fa 02 00 15   |.1......S.......|
009b90  00 0f bb 00 92 0e f0 02 00 15 00 0f bb 00 92 1f   |................|
009ba0  37 bb 00 01 0f af 38 52 0f 70 04 38 1f 37 70 04   |7.....8R.p.8.7p.|
009bb0  01 0f c5 00 26 00 cb 52 07 27 8b 01 3e 8b 01 84   |....&..R.'..>...|
009bc0  51 0f 4e 40 04 1e 10 b9 af 06 33 8d d1 40 0d 03   |Q.N@......3..@..|
009bd0  00 41 0d 03 00 42 0d 03 00 16 1a 41 10 70 a9 00   |.A...B.....A.p..|
009be0  6f 52 65 70 61 69 72 a3 40 08 1f 1c c1 56 0c 0e   |oRepair.@....V..|
009bf0  4c 00 0f 9e 40 08 2f bb 00 9e 40 47 0f 47 25 7c   |L...@./...@G.G%||
009c00  10 18 86 47 b4 75 72 4e 65 65 64 53 68 69 46 61   |...G.urNeedShiFa|
009c10  bb b0 3f 4c 65 69 85 02 2e 93 47 41 53 2f 53 6b   |..?Lei....GAS/Sk|
009c20  69 6c 6c f3 43 12 41 b7 00 11 42 01 85 5e 65 6e   |ill.C.A...B..^en|
009c30  5f 38 2e 13 00 03 8e 55 06 de 88 01 ee 80 1e 0f   |_8.....U........|
009c40  a4 01 17 4a 67 cc 06 2e 00 ae 52 65 70 6c 69 63   |...Jg.....Replic|
009c50  61 74 65 64 26 81 0e 2e 00 00 60 43 40 6f 75 74   |ated&.....`C@out|
009c60  53 89 8a 2f 64 73 6a 43 0a 89 14 f8 6f 9f 7b 4c   |S../dsjC....o.{L|
009c70  65 41 39 01 a1 4b 75 61 69 4a 69 65 4c 61 6e 09   |eA9..KuaiJieLan.|
009c80  49 4f 4a 69 59 69 9f 02 04 2e b5 02 01 8e 08 06   |IOJiYi..........|
009c90  92 2f 09 43 65 49 0c 00 bc f3 00 0a 00 00 12 02   |./.CeI..........|
009ca0  00 0c 00 33 5f 44 61 c1 fc 06 0e 00 2f 5f 43 48   |...3_Da...../_CH|
009cb0  00 15 26 75 6e 48 00 28 75 6e 48 00 22 75 6e 48   |..&unH.(unH."unH|
009cc0  00 1f 4c 90 00 13 00 d0 bb 07 93 00 00 0f 00 09   |..L.............|
009cd0  96 00 02 11 00 00 51 00 1f 50 51 00 11 00 ee be   |......Q..PQ.....|
009ce0  05 4f 00 50 53 75 53 68 65 12 00 02 8d 49 0c 14   |.O.PSuShe....I..|
009cf0  00 0f 3f 88 07 0b 55 00 00 e0 c4 05 55 00 00 0d   |..?...U.....U...|
009d00  00 02 b7 fc 07 0f 00 00 4b 00 1f 49 4b 00 0c 01   |........K..IK...|
009d10  da fc 01 4e 05 02 0a 00 44 5f 47 61 6f 33 fc 0a   |...N....D_Gao3..|
009d20  12 00 00 4e 00 1f 45 4e 00 1d 23 44 61 c7 ff 08   |...N..EN..#Da...|
009d30  10 00 00 4a 00 1f 3d e3 00 11 04 cf 00 58 48 6f   |...J..=......XHo|
009d40  6f 6b 2e 0d 00 3f 5f 43 00 7b 01 0f 31 4a 69 61   |ok...?_C.{..1Jia|
009d50  79 01 01 0d 00 80 5f 49 74 65 6d 5f 42 65 b0 cb   |y....._Item_Be..|
009d60  00 74 fb 0e 15 00 01 70 fb 00 f5 05 05 de f5 0f   |.t.....p........|
009d70  01 03 10 1f 9d 01 03 08 11 07 51 04 1f 66 51 04   |..........Q..fQ.|
009d80  0f 00 33 00 62 2f 45 71 75 69 70 5b 8c 00 f1 4c   |..3.b/Equip[...L|
009d90  01 8b 89 00 ab 07 00 39 f6 40 59 69 46 75 ad 88   |.......9.@YiFu..|
009da0  02 15 00 1e 2e 15 00 02 37 02 0f 6b 00 31 4d 4b   |........7..k.1MK|
009db0  75 5a 69 6b 00 0a 15 00 00 6b 00 1f 6c 6b 00 30   |uZik.....k..lk.0|
009dc0  00 3d 9b 3d 54 61 6f 6e 00 0d 18 00 00 71 00 1f   |.=.=Taon.....q..|
009dd0  68 71 00 30 3e 58 69 65 dd 00 0c 16 00 0a 0c f8   |hq.0>Xie........|
009de0  0f 6d 00 27 5e 4a 69 65 5a 68 6e 00 0c 17 00 00   |.m.'^JieZhn.....|
009df0  6f 00 1f 70 dc 00 32 12 61 99 49 0e e0 00 0e 1a   |o..p..2.a.I.....|
009e00  00 23 5f 43 e5 93 df 6c 4b 65 6c 6f 6e 67 4d 65   |.#_C...lKelongMe|
009e10  6d 6f 72 79 e3 02 04 2f ed 2f ea 97 0b 0f 4a 00   |mory..././....J.|
009e20  05 1e 0f 30 00 26 93 2f 66 58 32 4f 6e 65 2d 00   |...0.&./fX2One-.|
009e30  10 55 37 bb 0f 3c 9b 3b 0c c8 99 01 15 bc 00 3d   |.U7..<.;.......=|
009e40  01 3f 42 6f 78 ec 00 0a 2f dd 01 cf 03 0d 0f 9b   |.?Box.../.......|
009e50  05 0d 06 1b fa 38 54 69 65 bf 03 18 34 b7 03 01   |.....8Tie...4...|
009e60  03 05 0f 4b 00 21 01 8a 03 28 34 2e 0d 00 0e d7   |...K.!...(4.....|
009e70  06 0f 4b 00 13 04 67 03 1b 34 77 03 01 51 00 1f   |..K...g..4w..Q..|
009e80  48 51 00 20 02 49 03 19 34 57 03 01 4d 00 1f 4a   |HQ. .I..4W..M..J|
009e90  4d 00 20 03 28 03 2a 34 2e 0f 00 0e 73 07 0f 9c   |M. .(.*4....s...|
009ea0  00 15 04 05 03 1d 34 17 03 00 55 00 03 e4 a0 5f   |......4...U...._|
009eb0  72 74 63 75 74 25 02 0d 2f 2f 03 f5 08 41 19 34   |rtcut%..//...A.4|
009ec0  f5 08 01 e9 00 0f 48 00 5b 0b 3d 09 19 34 3d 09   |......H.[.=..4=.|
009ed0  0f 48 00 17 17 4d 90 00 19 4d 90 00 14 4d 90 00   |.H...M...M...M..|
009ee0  1f 55 48 00 11 05 5d d3 06 39 09 04 12 00 08 39   |.UH...]..9.....9|
009ef0  09 06 14 00 0f df 09 2c 2c 33 2e 11 00 0f 8a 09   |.......,,3......|
009f00  16 09 df 09 01 c6 09 2a 33 2e 0f 00 00 4b 00 1f   |.......*3....K..|
009f10  61 4b 00 15 01 c4 0b 0a da 09 05 17 00 4f 5f 73   |aK...........O_s|
009f20  70 2e 1a 00 06 0f 5c 01 32 1e 33 5c 01 02 c0 00   |p.....\.2.3\....|
009f30  0f 6f 09 28 1f 31 6f 09 01 00 8f 12 0f 43 9d 33   |.o.(.1o......C.3|
009f40  0d 07 a0 0f ef 05 ff ff 3c 2f 38 02 ef 05 e4 0f   |........</8.....|
009f50  15 02 0c 00 86 a8 27 57 75 ef 03 00 31 04 4d 52   |......'Wu...1.MR|
009f60  6f 75 2e 12 00 00 4d 00 1f 5d e4 0a 0f 00 32 00   |ou....M..]....2.|
009f70  58 2f 46 6f 6f 64 54 00 ef 52 6f 61 73 74 65 64   |X/FoodT..Roasted|
009f80  5f 4f 6e 69 6f 6e 2e 19 00 05 0f a0 04 45 0f 55   |_Onion.......E.U|
009f90  00 29 2f 32 2e 15 00 01 10 5f 9e 01 0f f8 04 34   |.)/2....._.....4|
009fa0  0c a1 a2 0f f8 04 ff ff 3d 2f 8b 01 f8 04 e3 1f   |........=/......|
009fb0  00 4b 04 43 2f 00 00 43 09 89 0c 5a a9 0f 4b 04   |.K.C/..C...Z..K.|
009fc0  ff ff 3d 1f 41 43 09 e5 0f f6 08 2c 00 e3 0d 3f   |..=.AC.....,...?|
009fd0  46 61 2e 19 00 05 01 06 17 1f 44 93 17 13 42 51   |Fa........D...BQ|
009fe0  69 74 61 62 00 00 95 09 48 69 48 75 2e 0d 00 02   |itab....HiHu....|
009ff0  f7 04 0f a4 09 a3 0f 01 05 33 0c 6b ae 0f 01 05   |.........3.k....|
00a000  ff ff 3d 1f d6 4c 09 ff 3c 0f 9b 0e 3b 1f 4f 4d   |..=..L..<...;.OM|
00a010  00 0c 68 59 61 6f 50 69 6e 4e 00 af 48 75 61 59   |..hYaoPinN..HuaY|
00a020  75 54 61 6e 67 2e 15 00 01 2f 5f 43 e2 0d 36 0c   |uTang..../_C..6.|
00a030  71 b2 0f 96 04 ff ff 3d 2f ec 01 97 09 ee 0f fb   |q......=/.......|
00a040  6b 04 00 d8 23 07 db 03 01 cd 23 51 54 61 69 59   |k...#.....#QTaiY|
00a050  61 e8 6b 19 30 99 04 0d 1d 00 2f 5f 43 43 0e e2   |a.k.0...../_CC..|
00a060  0c 0d b7 0f ac 04 16 2f 0b 00 ac 04 0c 02 01 00   |......./........|
00a070  0f da 02 19 2f 0e 00 da 02 0b 0e e8 68 0f fc 00   |..../.......h...|
00a080  2b 0c f9 b7 0f a8 05 ff ff 3d 1f 94 3f 0f e5 0f   |+........=..?...|
00a090  33 1d 52 0f f8 0e 51 0f 98 1e 28 2c 32 2e 11 00   |3.R...Q...(,2...|
00a0a0  0f aa 01 26 08 e3 1e 02 d5 1d 0f 50 06 89 0c 23   |...&.......P...#|
00a0b0  ba 0f 54 05 ff ff 3d 1f 2a c5 23 ff 2e 0f 48 00   |..T...=.*.#...H.|
00a0c0  22 19 35 48 00 01 53 2c 1f 4d 7d 05 14 41 57 68   |".5H..S,.M}..AWh|
00a0d0  69 70 4c 00 60 65 61 70 6f 6e 5f 0f 00 03 d1 04   |ipL.`eapon_.....|
00a0e0  08 11 00 00 52 00 1f 63 cf 05 24 c0 53 61 63 68   |....R..c..$.Sach|
00a0f0  61 49 6e 63 68 69 5f 50 c0 05 1f 2e 1c 00 08 2f   |aInchi_P......./|
00a100  5f 43 80 2c 43 0f 1c 25 48 0f ea 05 87 0c ed bf   |_C.,C..%H.......|
00a110  0f ea 05 16 1f e3 ea 05 0e 1f 47 67 04 16 13 47   |..........Gg...G|
00a120  b5 75 04 de 05 18 35 eb 05 01 aa 02 0f 4c 00 22   |.u....5......L."|
00a130  01 df 05 18 35 ec 05 0b f6 02 0f 4c 00 18 04 dd   |....5......L....|
00a140  05 2b 35 2e 10 00 0e e9 2f 0f 52 00 14 02 e0 05   |.+5...../.R.....|
00a150  19 35 ee 05 01 4e 00 1f 4b 4e 00 21 03 e0 05 1a   |.5...N..KN.!....|
00a160  35 ef 05 01 50 00 1f 51 9e 00 23 04 de 05 2d 35   |5...P..Q..#...-5|
00a170  2e 12 00 0f f0 05 1c 2f 1e 03 aa 32 54 1f 45 a8   |......./...2T.E.|
00a180  05 21 07 a3 0a 02 0f 00 0f ac 32 97 0f 4c 11 4e   |.!........2..L.N|
00a190  0f d5 29 3f 1f 4b 21 06 24 4a 42 65 65 72 0a 05   |..)?.K!.$JBeer..|
00a1a0  02 48 be 1f 41 cc 32 19 42 47 6c 69 64 8e be 07   |.H..A.2.BGlid...|
00a1b0  0f 00 00 46 00 1f 3f 46 00 07 00 1d bc 01 77 00   |...F..?F......w.|
00a1c0  72 4a 69 51 69 51 69 75 e0 3b 0b 13 00 0f 93 06   |rJiQiQiu.;......|
00a1d0  45 09 d6 39 a1 4f 62 74 61 69 6e 65 64 43 68 8e   |E..9.ObtainedCh.|
00a1e0  37 0f 55 8c 05 2f 95 1c 6e 03 07 01 16 18 1f 5e   |7.U../..n......^|
00a1f0  a9 00 01 04 55 00 03 2e 38 01 dd 7f 00 fc 00 04   |....U...8.......|
00a200  18 00 17 5f 18 00 03 3a 88 0f 1b 00 04 0e 99 02   |..._...:........|
00a210  0d 63 00 5a 61 6e 52 65 6e 5e 00 01 13 00 40 5f   |.c.ZanRen^....@_|
00a220  7a 68 65 b5 37 02 f2 02 0f 1d 00 06 00 62 00 1f   |zhe.7........b..|
00a230  5b 62 00 24 20 4d 69 c5 04 3f 6e 67 2e 1c 00 08   |[b.$ Mi..?ng....|
00a240  00 60 00 1f 59 60 00 24 8f 4b 6f 6e 67 5a 68 69   |.`..Y`.$.KongZhi|
00a250  2e 1b 00 07 0f be 00 29 62 7a 68 61 6f 4d 75 5b   |.......)bzhaoMu[|
00a260  03 0f 1c 00 05 00 60 00 1f 57 60 00 0a 3a 4b 49   |......`..W`..:KI|
00a270  6c dc 01 00 6b c6 01 d2 06 32 4c 69 65 e0 02 0f   |l...k....2Lie...|
00a280  1b 00 04 0f bc 00 29 00 a9 81 1e 59 7a 01 09 1c   |......)....Yz...|
00a290  00 0f 3c 02 0f 69 5a 68 69 5a 61 6f 60 00 02 13   |..<..iZhiZao`...|
00a2a0  00 40 5f 57 65 6e c1 01 0b c0 00 0c 1d 00 2f 5f   |.@_Wen......../_|
00a2b0  43 01 03 31 1f 32 01 03 07 11 32 01 03 1f 74 e7   |C..1.2....2...t.|
00a2c0  04 0f b8 41 63 68 69 65 76 65 6d 65 6e 74 0c 00   |...Achievement..|
00a2d0  70 5f 54 61 62 6c 65 74 7b 00 0e 16 00 13 5f 9a   |p_Tablet{....._.|
00a2e0  64 0f 1a 00 03 0f 9e 01 29 44 53 69 57 61 3d 2f   |d.......)DSiWa=/|
00a2f0  0f 1c 00 05 0f 9e 01 31 0a da 03 0c 1d 00 0f 3b   |.......1.......;|
00a300  01 4b 2f 34 2e 1a 00 06 0f 17 02 33 1e 33 17 02   |.K/4.......3.3..|
00a310  06 1b 00 0e 9e 01 0f 98 03 13 9e 41 4a 5f 5a 68   |...........AJ_Zh|
00a320  61 69 5a 69 9a 03 09 1d 00 0f 60 00 2f 2f 35 2e   |aiZi......`.//5.|
00a330  1d 00 09 0f 58 04 2d 1f 32 58 04 07 0f f8 01 4b   |....X.-.2X.....K|
00a340  02 ad 03 0f 1a 00 03 0a b4 0e 0f 35 01 1a 60 59   |...........5..`Y|
00a350  69 4a 69 44 69 d3 07 02 0b 4a 0f 21 00 0a 0f 3d   |iJiDi....J.!...=|
00a360  01 2d 1f 33 3d 01 07 0f 97 03 32 0a 60 00 0c 1d   |.-.3=.....2.`...|
00a370  00 0f 5b 02 2f 0e fd 01 08 1d 00 0f 1e 01 26 6e   |..[./.........&n|
00a380  65 6e 4c 75 6f 45 b3 06 07 1b 00 00 5c 00 1f 7c   |enLuoE......\..||
00a390  5b 02 3d 45 48 6f 6c 79 3d 04 2f 31 2e 1e 00 0a   |[.=EHoly=./1....|
00a3a0  0f 3d 01 2f 1f 36 3d 01 09 0f 5b 02 2e 0e f6 03   |.=./.6=...[.....|
00a3b0  06 1b 00 0f 17 05 33 1e 34 17 05 06 1b 00 0f bf   |......3.4.......|
00a3c0  00 2d 2f 34 2e 1b 00 07 0f fc 01 4f 2f 39 2e 1e   |.-/4.......O/9..|
00a3d0  00 0a 0f d8 04 4b 0e d0 06 05 1a 00 0f d8 04 33   |.....K.........3|
00a3e0  2f 37 2e 21 00 0d 0f e1 00 4a 1e 31 e1 00 05 1a   |/7.!.....J.1....|
00a3f0  00 0f 79 00 4b 1f 35 79 00 06 0f 07 07 2e 0e cd   |..y.K.5y........|
00a400  03 06 1b 00 0f 08 05 2d 1f 32 08 05 07 0e 30 10   |.......-.2....0.|
00a410  0f 5c 00 14 ae 59 69 6e 48 75 6e 51 75 61 6e 67   |.\...YinHunQuang|
00a420  05 0a 1e 00 0f 6e 03 4f 1f 32 6e 03 0a 0f 46 08   |.....n.O.2n...F.|
00a430  4b 1f 33 8d 02 06 1f 33 8d 02 4b 1e 35 bf 08 05   |K.3....3..K.5...|
00a440  1a 00 0f 73 01 4e 1d 31 7d 00 0a 1e 00 0f 21 06   |...s.N.1}.....!.|
00a450  33 1e 35 21 06 06 1b 00 0f 44 05 4b 0e ea 03 05   |3.5!.....D.K....|
00a460  1a 00 0f 44 05 33 1f 39 44 05 0d 0f 25 06 4b 1d   |...D.3.9D...%.K.|
00a470  34 34 03 06 1a 00 0f 79 00 4b 0d 17 09 06 1a 00   |44.....y.K......|
00a480  0f 5a 01 33 0e 54 0a 0c 21 00 0f 92 04 4f 2f 37   |.Z.3.T..!....O/7|
00a490  2e 1e 00 0a 0f 75 05 30 0e e6 00 09 1e 00 0f fd   |.....u.0........|
00a4a0  0b 31 1f 34 fd 0b 09 0f 6a 07 4c 1f 39 6a 07 06   |.1.4....j.L.9j..|
00a4b0  0f 18 03 4b 1e 39 f9 03 05 1a 00 0f 79 00 4b 0e   |...K.9......y.K.|
00a4c0  18 03 05 1a 00 0f 91 03 4b 0e 3a 12 05 1a 00 0f   |........K.:.....|
00a4d0  48 06 4f 2f 38 2e 1e 00 0a 0f 81 00 4f 0d fe 00   |H.O/8.......O...|
00a4e0  0a 1e 00 0f 7b 01 4a 3f 36 36 2e 1a 00 06 0f 0c   |....{.J?66......|
00a4f0  05 32 0b 91 17 0f 21 00 01 0f d5 02 4b 1f 32 d5   |.2....!.....K.2.|
00a500  02 06 0f 66 06 4c 1f 36 d5 02 06 0f 5a 01 26 11   |...f.L.6....Z.&.|
00a510  53 0e 00 00 d0 4f 1d 6f 4f 16 0e 21 00 0f f8 0a   |S....O.oO..!....|
00a520  51 0f bc 02 0a 0f 9f 11 31 1f 38 62 10 09 0f 9d   |Q.......1.8b....|
00a530  03 50 1f 37 9d 03 0a 0f 66 0e 4b 1d 38 7d 00 06   |.P.7....f.K.8}..|
00a540  1a 00 0f fa 00 4f 0d c0 02 0a 1e 00 0f b6 03 4b   |.....O.........K|
00a550  0e fa 00 05 1a 00 0f a3 09 33 1f 38 a3 09 0d 00   |.........3.8....|
00a560  5c 02 11 12 24 53 3f 69 6e 67 d9 1c 0c 1f 21 90   |\...$S?ing....!.|
00a570  55 0c 0e 48 00 0f 0b 4d 04 13 c5 fc 22 0d 31 00   |U..H...M....".1.|
00a580  0e 0f 4d 04 32 4d 04 22 00 0f 84 55 06 15 64 c6   |..M.2M."...U..d.|
00a590  54 1f 5f dc 1b 2b 03 3b 66 0f 1e 00 07 00 9a 01   |T._..+.;f.......|
00a5a0  02 62 55 5f 43 6f 75 6e 74 95 55 07 1c 39 17 58   |.bU_Count.U..9.X|
00a5b0  03 68 10 40 4a 69 4c 75 34 e3 01 5e 01 1e 00 68   |.h.@JiLu4..^...h|
00a5c0  01 2f ad 0c 68 01 07 00 7a 00 0f 4b 00 06 0f 53   |./..h...z..K...S|
00a5d0  55 01 16 0c 41 30 02 64 db 0b 3a 00 0f 11 d5 03   |U...A0.d..:.....|
00a5e0  30 57 75 5a 5c 05 0f 8c e5 03 19 3d 2f 00 11 01   |0WuZ\......=/...|
00a5f0  22 f3 f2 21 00 00 00 35 31 44 43 32 31 35 37 34   |"..!...51DC21574|
00a600  30 34 45 42 30 39 33 46 32 34 38 43 37 42 43 36   |04EB093F248C7BC6|
00a610  39 42 37 41 43 30 42 00 fb ff ff ff be 7c f1 82   |9B7AC0B......|..|
00a620  c4 9c 7c 9c a4 24 5f 50 69 6e 5a 68 bc 77 0c 00   |..|..$_PinZh.w..|
00a630  f2 00 00 b9 02 05 39 99 0b e2 00 17 08 03 57 41   |......9.......WA|
00a640  44 61 74 65 28 00 0e c9 c0 82 71 55 2b e4 a3 de   |Date(.....qU+...|
00a650  08 0a 76 00 4f 67 46 65 6e d9 ee 09 1f 01 86 4f   |..v.OgFen......O|
00a660  2d f9 01 57 18 f9 ae 11 4d cc df 57 98 54 90 f4   |-..W....M..W.T..|
00a670  c0 72 32 7a ad 0f 5e 01 be 4f 70 35 f3 6f 5e 01   |.r2z..^..Op5.o^.|
00a680  59 ff 01 33 42 40 72 7a 44 a1 f1 d4 1f a9 96 bd   |Y..3B@rzD.......|
00a690  3a eb 83 5e 01 cb 5f f0 42 e0 e2 e7 5e 01 17 1f   |:..^.._.B...^...|
00a6a0  03 5e 01 2d ff 01 14 82 e9 65 38 4a 33 e9 4d 35   |.^.-.....e8J3.M5|
00a6b0  3d 8e c5 53 af 47 5e 01 2e f6 10 31 38 37 46 42   |=..S.G^....187FB|
00a6c0  35 43 36 34 31 44 42 42 45 36 45 46 41 45 31 44   |5C641DBBE6EFAE1D|
00a6d0  30 41 42 39 38 32 38 38 44 41 5e 01 4f 0e 73 ac   |0AB98288DA^.O.s.|
00a6e0  72 5e 01 5d 5f e0 46 d2 92 ed 5e 01 17 1f 00 5e   |r^.]_.F...^....^|
00a6f0  01 2e ff 00 af 61 3c db 4a 75 ce 13 dd be a4 31   |.....a<.Ju.....1|
00a700  e6 2a 68 5e 01 2e f5 11 33 38 32 42 36 36 45 44   |.*h^....382B66ED|
00a710  34 32 33 36 31 38 38 34 32 38 38 42 42 44 39 46   |42361884288BBD9F|
00a720  31 34 37 39 30 44 31 35 5e 01 3f d2 72 d2 5e 01   |14790D15^.?.r.^.|
00a730  5f 4f 6c 2d 25 f8 5e 01 17 1f 02 5e 01 2d ff 01   |_Ol-%.^....^.-..|
00a740  46 84 fa c6 fa 4d b1 86 65 a2 29 9c be 3a 61 19   |F....M..e.)..:a.|
00a750  bc 02 2f f5 10 41 35 43 44 34 33 43 34 42 36 33   |../..A5CD43C4B63|
00a760  30 42 45 46 46 38 45 38 37 31 39 33 39 46 38 31   |0BEFF8E871939F81|
00a770  35 32 32 36 5e 01 3f 23 9b d7 5e 01 5e 6f 50 8b   |5226^.?#..^.^oP.|
00a780  c4 78 98 ad 1a 04 57 ff 01 ed 3c 7f 35 78 4c c9   |.x....W...<.5xL.|
00a790  83 dd 9b 6a bd 7c 68 fc 8e bc 02 cb 6f 20 d7 7a   |...j.|h.....o .z|
00a7a0  ff c5 ae 5e 01 16 1f 04 5e 01 2d ff 01 54 a2 98   |...^....^.-..T..|
00a7b0  6c 59 41 a3 d6 50 96 c1 a6 d2 73 30 63 d6 06 cb   |lYA..P....s0c...|
00a7c0  6f 90 42 62 0e ea ae 34 08 57 ff 01 3e e7 99 71   |o.Bb...4.W..>..q|
00a7d0  bc 48 56 12 59 36 86 b0 b6 1d b5 0d 5e 01 17 1f   |.HV.Y6......^...|
00a7e0  39 5e 01 03 ff 19 34 46 30 39 36 31 38 37 34 44   |9^....4F0961874D|
00a7f0  30 31 36 37 39 35 46 44 46 31 43 42 38 30 37 31   |016795FDF1CB8071|
00a800  35 38 38 33 33 41 00 fd ff ff ff e8 5d c4 5a 01   |58833A......].Z.|
00a810  5f 5f 7c 4e 58 ed ae d2 06 57 f9 01 c6 71 5e 8b   |__|NX....W...q^.|
00a820  5d 47 54 7a d3 e4 38 87 3c 39 79 39 26 b4 03 6f   |]GTz..8.<9y9&..o|
00a830  0c 80 44 65 74 61 69 6c 65 64 73 0c 31 4d 61 70   |..Detaileds.1Map|
00a840  8e 00 35 4d 61 70 66 00 2f a6 68 f4 0c 06 0e d3   |..5Mapf./.h.....|
00a850  a5 06 05 01 0c 67 0b 13 08 b9 e4 1f 6f a4 a5 0b   |.....g......o...|
00a860  51 35 f2 7d 45 06 82 00 2f 6f 53 8e e7 08 0f 0e   |Q5.}E.../oS.....|
00a870  0d 58 15 0c d2 0e 0f d1 b0 25 0d 62 e9 39 45 59   |.X.......%.b.9EY|
00a880  75 f4 29 0e 17 00 00 ef 29 0f 9b 02 15 00 28 00   |u.).....).....(.|
00a890  03 86 64 0f e2 b5 0a 30 a0 41 0d af d9 11 69 fc   |..d....0.A....i.|
00a8a0  b8 0f a4 e6 0f 46 d0 63 44 08 a7 02 0f 83 00 07   |.....F.cD.......|
00a8b0  4f 22 0a 00 00 2a 04 18 04 49 03 0f 7b f2 02 15   |O"...*...I..{...|
00a8c0  0b 98 ad 01 be 5d 41 65 65 6e 61 d7 01 00 94 2e   |.....]Aeena.....|
00a8d0  00 31 00 00 df 01 0e e8 01 1f 3b e8 01 03 f3 1c   |.1........;.....|
00a8e0  38 34 46 36 38 39 46 38 34 34 35 41 31 31 41 41   |84F689F8445A11AA|
00a8f0  31 32 35 43 42 43 38 31 44 34 43 34 36 43 38 32   |125CBC81D4C46C82|
00a900  00 fc ff ff ff d1 9e c1 94 00 52 f3 b9 75 68 61   |..........R..uha|
00a910  6e 67 48 61 69 81 0f 0e 01 10 2f 42 06 76 5e 0b   |ngHai...../B.v^.|
00a920  0f 47 00 02 1e 0f 2d 00 27 e8 05 6a ba 0c 30 00   |.G....-.'..j..0.|
00a930  0f f5 b8 02 6e 54 79 70 65 54 61 9a b8 01 f6 bb   |....nTypeTa.....|
00a940  05 ab e9 e0 41 62 69 6c 69 74 79 2e 44 61 6d 61   |....Ability.Dama|
00a950  67 65 34 00 51 2e 43 68 6f 70 0e af 0f f3 01 0e   |ge4.Q.Chop......|
00a960  50 40 16 47 44 06 b5 b8 1f 75 3a b5 17 0f 9b 00   |P@.GD....u:.....|
00a970  54 1f 3c 9b 00 ff ff 10 1e 09 02 b2 0f 88 00 11   |T.<.............|
00a980  4f 80 df 7d 41 88 00 10 1f 00 23 01 60 1f 3d be   |O..}A.....#.`.=.|
00a990  01 87 1f 3d be 01 74 3f 86 67 be be 01 b9 00 ff   |...=..t?.g......|
00a9a0  06 00 c8 36 20 61 52 c7 eb 0f 5e 00 09 4f b2 83   |...6 aR...^..O..|
00a9b0  7b 3f 7f 15 3b 10 0c 30 b5 51 69 74 4c 6f 63 43   |{?..;..0.QitLocC|
00a9c0  ec 0f 51 00 01 17 0c 9d 07 4f 56 65 63 74 d8 c7   |..Q......OVect..|
00a9d0  02 a6 8d 3a 47 40 64 16 48 00 b0 cc 78 d0 0c 15   |...:G@d.H...x...|
00a9e0  14 0f 0c 0a 14 3f 32 46 76 0c 0a ff 9d 2f cf 09   |.....?2Fv..../..|
00a9f0  0c 0a d8 1f ca 0c 0a 08 1f 0b 0c 0a 18 2f 70 06   |............./p.|
00aa00  0c 0a 80 3f e0 7c 46 7d 06 85 0e 9b 00 0f 7d 06   |...?.|F}......}.|
00aa10  63 3f 00 fb 87 7d 06 85 0f be 01 d9 0f 9b 00 37   |c?...}.........7|
00aa20  1f e2 9b 00 d8 0f f4 02 24 4f 60 fe 0b 42 f4 02   |........$O`..B..|
00aa30  3a 0f 88 00 75 0f 46 02 fe 0f 94 0a 1f 4f fa 32   |:...u.F......O.2|
00aa40  7c 3f b5 1e 3b 0f 94 0a 35 97 5c e8 47 00 80 df   ||?..;...5.\.G...|
00aa50  47 00 28 94 0a 0c 4b 1d 0f 94 0a 14 3f 61 d2 81   |G.(...K.....?a..|
00aa60  94 0a ff 46 1f f0 94 0a 1b 2f 48 87 94 0a 13 2f   |...F...../H..../|
00aa70  ab 07 94 0a 16 1f 03 94 0a ae 2f 8b 07 a9 f9 0b   |........../.....|
00aa80  0f 94 0a 15 2f 31 07 94 0a 80 3f a0 99 3b 5a 05   |..../1....?..;Z.|
00aa90  85 4f a0 99 bb 43 9b 00 86 2f 3b 44 9b 00 ff bb   |.O...C.../;D....|
00aaa0  3f a4 99 3b 00 0d 73 2f 8a 9d 00 0d 85 1f a4 be   |?..;..s/........|
00aab0  01 d8 0f 9b 00 d2 1f a3 9b 00 bb 0f 55 0b 17 4f   |............U..O|
00aac0  00 e1 38 3f ac 28 3b 0f 55 0b 34 b7 80 e5 a1 47   |..8?.(;.U.4....G|
00aad0  00 00 be c5 00 6c d1 55 0b 0b 42 27 0f 55 0b 14   |.....l.U..B'.U..|
00aae0  4f 40 8f 29 42 55 0b 4c 0f e9 28 1c 0f 55 0b 10   |O@.)BU.L..(..U..|
00aaf0  15 6a 55 0b 1f 65 22 86 10 61 6f 6e 73 74 65 72   |.jU..e"..aonster|
00ab00  62 84 02 0b 00 ff 05 5f 50 68 61 72 61 6f 68 48   |b......_PharaohH|
00ab10  6f 75 6e 64 5f 45 6c 69 74 65 2e 1e 00 0a 0f 72   |ound_Elite.....r|
00ab20  0b 6f 2f 80 70 72 0b 13 2f 20 0d 72 0b 16 1f 00   |.o/.pr../ .r....|
00ab30  72 0b 5a f6 10 32 30 37 45 43 35 43 33 34 35 45   |r.Z..207EC5C345E|
00ab40  31 44 43 31 46 45 44 37 46 44 32 42 35 44 37 41   |1DC1FED7FD2B5D7A|
00ab50  36 43 46 34 72 0b 2f 24 95 72 0b 16 1f c2 1e d0   |6CF4r./$.r......|
00ab60  08 1f 04 72 0b 18 2f 68 02 72 0b 36 14 1b 26 00   |...r../h.r.6..&.|
00ab70  1f 17 dc 04 03 3f 48 69 74 db 04 13 3f 04 6b 14   |.....?Hit...?.k.|
00ab80  76 05 3b 0f 9a 00 36 3f 9a 06 d4 9a 00 11 1f 01   |v.;...6?........|
00ab90  9a 00 5f 1f 99 9a 00 ba 0f a9 06 17 00 45 db 0f   |.._..........E..|
00aba0  f7 2d 3b 0f fe 11 35 a6 82 f0 46 00 a4 82 c6 00   |.-;...5...F.....|
00abb0  6c f4 a9 06 0c 8d 2c 0f a9 06 14 3f e9 c2 a8 a9   |l.....,....?....|
00abc0  06 4d 0f 78 2b 1c 0f a9 06 10 15 5e 69 05 1f 59   |.M.x+......^i..Y|
00abd0  a9 06 22 6e 42 61 62 6f 6f 6e a3 06 08 18 00 0f   |.."nBaboon......|
00abe0  9d 06 40 2f 20 42 9d 06 1b 2f 24 45 9d 06 12 1f   |..@/ B.../$E....|
00abf0  f4 0f 12 17 1f 02 9d 06 5b f5 10 35 33 33 42 41   |........[..533BA|
00ac00  33 43 34 39 32 45 36 37 46 43 36 31 45 42 39 38   |3C492E67FC61EB98|
00ac10  39 43 33 43 38 38 32 31 37 39 9d 06 2f 13 5f 9d   |9C3C882179../._.|
00ac20  06 16 2f 22 09 9d 06 07 1f 10 9d 06 18 2f c8 08   |../"........./..|
00ac30  9d 06 56 3f 4a 61 62 cf 04 13 3f 46 c5 03 69 05   |..V?Jab...?F..i.|
00ac40  3b 0f 07 0f 25 3f 00 96 42 88 00 c2 0f aa 01 36   |;...%?..B......6|
00ac50  4f b4 b1 af 43 b1 10 72 3f c0 a8 42 88 00 ff ff   |O...C..r?..B....|
00ac60  ff 6d 0f 52 04 36 3f 28 18 b0 52 04 73 3f 80 bb   |.m.R.6?(..R.s?..|
00ac70  42 88 00 c2 0f aa 01 f2 0f fd 0c 17 4f e6 b6 76   |B...........O..v|
00ac80  3f 96 39 3b 0f fd 0c 34 b6 17 9b 8e 45 e7 74 e7   |?.9;...4....E.t.|
00ac90  c7 33 c9 2a 2d 3c 0c 2c 38 0f fd 0c 14 3f 2c 46   |.3.*-<.,8....?,F|
00aca0  92 a6 13 4e 0f d3 39 1b 0f fd 0c 50 6e 48 79 65   |...N..9....PnHye|
00acb0  6e 61 73 fd 0c 08 18 00 0f fd 0c 40 1f 82 fd 0c   |nas........@....|
00acc0  1b 2f 30 28 fd 0c 13 2f 57 06 0c 1f d8 1f d8 ad   |./0(.../W.......|
00acd0  43 08 1f 15 fd 0c 18 2f 7e 0c 0c 1f 81 2f b7 75   |C....../~..../.u|
00ace0  05 1c 73 2f b2 69 89 25 85 0f 23 01 3e 0f be 01   |..s/.i.%..#.>...|
00acf0  ff ff 48 0f f4 02 ff 5c 1f b3 f4 02 ff ff 59 3f   |..H....\......Y?|
00ad00  70 9e dc 9b 00 ff ff 58 1f 6e 9b 00 ff f2 0f b3   |p......X.n......|
00ad10  10 17 4f dd 70 6d 3f eb 48 3b 0f b3 10 34 b6 40   |..O.pm?.H;...4.@|
00ad20  31 7b 48 80 0a 1a c8 00 bb 1c b3 10 0c 81 47 0f   |1{H...........G.|
00ad30  b3 10 14 3f 38 9a af b0 1d ff 57 1f 70 b3 10 1a   |...?8.....W.p...|
00ad40  3f 01 00 49 b3 10 13 2f a6 05 b3 10 16 1f 04 b3   |?..I.../........|
00ad50  10 5a f1 11 37 43 34 46 37 43 44 35 34 32 30 42   |.Z..7C4F7CD5420B|
00ad60  34 45 31 34 31 34 34 46 33 34 42 43 46 38 33 32   |4E14144F34BCF832|
00ad70  41 34 46 43 b3 10 3f 3b 95 a2 b3 10 19 2f e6 12   |A4FC..?;...../..|
00ad80  b3 10 07 1f 1f b3 10 18 2f 8c 12 53 3a 81 2f f3   |......../..S:./.|
00ad90  6a 95 38 86 2f d9 62 9b 00 ff ff 58 3f 40 ef 99   |j.8./.b....X?@..|
00ada0  b8 20 3b 0f 9b 00 d2 0f 07 03 ff ff 5b 1f d0 36   |. ;.........[..6|
00adb0  01 87 0f 9b 00 ff ff ff ff c9 0f 0e 06 88 1f d8   |................|
00adc0  36 01 87 1f d8 e6 0a ff 74 0f b1 2b 26 2f 7a 43   |6.......t..+&/zC|
00add0  89 1a 84 0f 59 02 3e 0f 23 01 bf 0f 46 02 ff 11   |....Y.>.#...F...|
00ade0  3f d7 d9 62 c1 16 48 4f 69 a0 53 3f 4e 5e 3b 0f   |?..b..HOi.S?N^;.|
00adf0  c1 16 34 b6 c0 0a 34 48 00 ce bc c6 00 7a 24 c1   |..4...4H.....z$.|
00ae00  16 0c e4 5c 0f c1 16 14 3f 63 3a 80 6f 46 ff 75   |...\....?c:.oF.u|
00ae10  2f 18 9c fd 3a 13 2f 10 0b 03 51 d8 2f f7 03 b0   |/...:./...Q./...|
00ae20  16 07 1f 06 b0 16 18 2f 9d 03 b0 16 80 3f bc 01   |......./.....?..|
00ae30  a5 fe 3a 84 3f 30 17 97 9a 00 ff b9 3f 99 97 dc   |..:.?0......?...|
00ae40  9a 00 84 3f 33 98 cb c1 07 48 4f a2 20 6b 3f b1   |...?3....HO. k?.|
00ae50  64 3b 0f db 42 35 a6 f5 a1 47 00 88 a9 c5 00 22   |d;..B5...G....."|
00ae60  d0 32 3c 0c 4b 63 0f c1 07 14 2f d8 0d c4 58 37   |.2<.Kc..../...X7|
00ae70  0f ee 64 2f 0f bd 07 10 15 3b bd 07 1f 36 bd 07   |..d/.....;...6..|
00ae80  15 0b b4 07 0f ab 07 3f 1f 90 ab 07 1b 2f 00 16   |.......?...../..|
00ae90  ab 07 13 2f a5 0c a8 42 6d 0f 93 09 04 f1 11 39   |.../...Bm......9|
00aea0  43 37 43 33 32 33 31 34 37 42 35 30 46 30 33 33   |C7C323147B50F033|
00aeb0  43 37 43 38 46 38 34 39 35 37 44 30 45 44 32 93   |C7C8F84957D0ED2.|
00aec0  09 7f 3a 67 b0 68 27 59 51 ad 07 17 1f 18 aa 42   |..:g.h'YQ......B|
00aed0  08 1f 03 ad 07 18 2f be 01 ad 07 80 3f e5 0b a2   |....../.....?...|
00aee0  b2 0e 72 3f 20 a3 01 d5 0f 86 1f 88 23 01 1f 0f   |..r? .......#...|
00aef0  00 42 61 04 25 69 0f ce 05 35 a6 60 9b 47 00 86   |.Ba.%i...5.`.G..|
00af00  e6 c6 00 fa cb ce 05 16 11 00 69 20 54 75 83 95   |..........i Tu..|
00af10  0f fa 68 01 13 12 05 51 0c ec 03 10 0f 93 69 5a   |..h....Q......iZ|
00af20  49 6e 74 33 32 f7 68 22 3f 00 56 3f 06 0f 05 73   |Int32.h"?.V?...s|
00af30  59 65 5a 68 75 00 0c dd cc 07 8c 23 53 43 68 69   |YeZhu......#SChi|
00af40  63 6b 9c 04 19 16 1b 00 00 d4 9b 71 72 65 64 4c   |ck.........qredL|
00af50  62 69 73 1e 00 1c 12 1e 00 32 6c 75 6b be 01 00   |bis......2luk...|
00af60  8d 01 09 7a 05 26 00 0c 81 00 06 f5 23 12 73 48   |...z.&......#.sH|
00af70  00 1a 0d 99 00 02 2d 00 1c 17 43 00 05 71 0d 01   |......-...C..q..|
00af80  1f 00 1e 15 cd 00 01 a2 78 08 99 00 03 1d 00 62   |........x......b|
00af90  48 61 69 47 75 61 1a 00 1a 1e 83 00 09 cb 48 58   |HaiGua........HX|
00afa0  52 75 69 6e 73 12 01 09 5d 00 21 4a 59 51 02 1d   |Ruins...].!JYQ..|
00afb0  13 97 00 01 76 00 13 04 06 03 08 87 35 b8 69 70   |....v.......5.ip|
00afc0  70 6f 70 6f 74 61 6d 75 73 b3 00 0b 68 01 4d 5f   |popotamus...h.M_|
00afd0  46 00 0c 9d 01 01 58 9a 0f 64 01 01 6f 4a 61 63   |F.....X..d..oJac|
00afe0  6b 61 6c 9c 01 01 9e 41 6d 6d 6f 74 72 61 67 75   |kal....Ammotragu|
00aff0  9c 01 05 61 25 05 68 53 06 6a 00 00 38 82 2e 68   |...a%.hS.j..8..h|
00b000  75 51 00 00 47 36 88 64 72 6f 63 79 6e 75 73 d3   |uQ..G6.drocynus.|
00b010  01 01 0f c7 5f 53 6f 62 65 6b 34 00 01 be 52 68   |...._Sobek4...Rh|
00b020  69 6e 6f 63 65 72 6f 73 00 88 01 11 44 cc 02 02   |inoceros....D...|
00b030  85 00 1f 18 d7 00 01 02 00 26 01 20 00 19 14 3a   |.........&. ...:|
00b040  00 00 77 cf 06 de 01 0a c1 00 11 57 b0 b3 0e b7   |..w........W....|
00b050  01 02 fa 9a 38 47 75 69 50 00 05 2d 01 7f 61 72   |....8GuiP..-..ar|
00b060  64 76 61 72 6b 14 02 0e 06 92 00 1f 18 51 01 01   |dvark........Q..|
00b070  07 20 00 19 1a 7d 00 b0 54 75 6f 4e 69 61 6f 5f   |. ...}..TuoNiao_|
00b080  5a 68 75 12 00 0e 0e 01 04 22 00 1e 00 ee 00 20   |Zhu......"..... |
00b090  48 75 b3 9b 00 60 d0 0e 19 02 00 12 04 02 ae 01   |Hu...`..........|
00b0a0  1f 1c 7a 01 05 07 94 00 0a 72 00 78 51 69 75 59   |..z......r.xQiuY|
00b0b0  75 58 69 56 00 06 ce 01 28 5f 31 d0 01 0b 43 01   |uXiV....(_1...C.|
00b0c0  00 fd 02 0e 04 01 04 69 38 06 38 03 17 15 56 00   |.......i8.8...V.|
00b0d0  02 d3 01 10 4b 21 11 1e 31 9e 01 03 3a 9d 2e 4a   |....K!..1...:..J|
00b0e0  59 ad 02 04 58 00 01 1a 00 1d 0f 08 02 0e d9 00   |Y...X...........|
00b0f0  02 1f 02 0e a3 00 0c cd 01 01 e4 05 2e 1b 00 db   |................|
00b100  03 65 45 6e 65 6d 79 4d 97 7b 1f 21 5a 01 07 06   |.eEnemyM.{.!Z...|
00b110  29 00 1d 04 89 02 6e 4c 61 6f 53 68 75 d0 01 03   |).....nLaoShu...|
00b120  19 00 0f ec 00 04 6e 4c 69 6f 6e 65 73 4c 03 02   |......nLionesL..|
00b130  1a 00 0f 80 02 07 08 e5 39 0f 8d 05 02 58 63 61   |........9....Xca|
00b140  72 61 62 30 03 05 78 04 48 6f 62 72 61 63 05 09   |rab0..x.Hobrac..|
00b150  19 00 03 52 00 00 df 00 1f 1d d2 02 02 0b 2d 01   |...R..........-.|
00b160  1a 20 44 00 9c 44 72 6f 6d 65 64 61 72 79 28 00   |. D..Dromedary(.|
00b170  18 0f 71 02 02 9c 00 1e 04 83 00 bf 53 61 6e 67   |..q.........Sang|
00b180  61 43 61 74 74 6c 65 b7 03 01 ae 46 6c 61 6d 69   |aCattle....Flami|
00b190  6e 67 6f 00 08 4f 05 05 7a 00 2d 00 08 c8 02 03   |ngo..O..z.-.....|
00b1a0  82 01 00 7d 00 05 cc 04 05 63 70 0f 24 d3 0b 14   |...}.....cp.$...|
00b1b0  3c 96 0a 04 01 7d 01 e9 0b 0f 30 00 07 22 65 f9   |<....}....0.."e.|
00b1c0  5d 03 03 30 00 01 11 7e 32 48 61 6f e4 06 26 79   |]..0...~2Hao..&y|
00b1d0  74 3d 09 26 27 00 ab 0a 1c 45 2e 00 3e 00 23 00   |t=.&'....E..>.#.|
00b1e0  16 00 64 3a 3a 45 53 43 48 78 8e 00 dd 97 01 e7   |..d::ESCHx......|
00b1f0  00 c1 50 72 65 66 65 72 65 6e 63 65 50 65 b8 d3   |..PreferencePe..|
00b200  0f 89 7f 04 1f a8 e2 ad 08 01 4f 48 1f 53 55 0d   |..........OH.SU.|
00b210  01 03 54 00 13 2f 08 9d 00 5e 0d 03 13 00 a0 5f   |..T../...^....._|
00b220  54 69 43 68 75 6e 44 75 4a ba c1 0f 18 00 04 0e   |TiChunDuJ.......|
00b230  06 a2 0f 58 00 0f 42 50 69 47 65 40 a5 0a 12 00   |...X..BPiGe@....|
00b240  21 5f 43 f4 01 00 6f 9d 5f 4c 65 61 72 6e ef 00   |!_C...o._Learn..|
00b250  0b 1f 6b ef 00 08 01 de 14 1f 62 c2 2c 0f 93 46   |..k.......b.,..F|
00b260  6f 72 6d 75 6c 61 2f 53 4a a5 04 90 00 10 53 3a   |ormula/SJ.....S:|
00b270  a5 20 57 69 0a 00 03 c7 94 0f 1a 00 03 23 5f 43   |. Wi.........#_C|
00b280  68 d4 f2 02 66 66 4d 61 70 43 6f 6d 70 6c 65 74   |h...ffMapComplet|
00b290  65 52 65 6e 57 e6 80 0c d6 09 2e 60 0e d6 09 0f   |eRenW......`....|
00b2a0  cd 72 09 13 01 40 02 00 dc ce 01 79 8d 62 30 31   |.r...@.....y.b01|
00b2b0  5f 4d 61 69 90 0a 01 67 00 01 4c 0f 0f 22 01 04   |_Mai...g..L.."..|
00b2c0  2f f9 0d 22 01 07 10 25 22 01 1f 58 b9 01 01 01   |/.."...%"..X....|
00b2d0  57 00 10 2f 53 00 00 53 cf 91 31 5f 53 75 72 76   |W../S..S..1_Surv|
00b2e0  69 76 61 55 82 10 54 8d a0 60 53 74 61 67 65 32   |ivaU..T..`Stage2|
00b2f0  7c a2 21 55 73 e5 2d 0e 16 00 00 16 02 1f 5c 5d   ||.!Us.-.......\]|
00b300  00 27 15 31 27 d6 1f 2e 18 00 04 00 61 00 1f 5a   |.'.1'.......a..Z|
00b310  61 00 29 21 57 51 4c 00 1f 2e 17 00 03 00 5f 00   |a.)!WQL......._.|
00b320  1f 60 c0 00 2d 11 5f 12 d7 1f 2e 1a 00 06 0a a0   |.`..-._.........|
00b330  d2 0f 82 01 20 00 3c 0c 23 59 69 99 a0 1f 2e 1d   |.... .<.#Yi.....|
00b340  00 09 00 6b 00 1f 54 6b 00 29 6e 42 6f 61 74 2e   |...k..Tk.)nBoat.|
00b350  42 14 00 2f 5f 43 46 02 2c 7f 47 6f 75 48 75 6f   |B../_CF.,.GouHuo|
00b360  2e 16 00 02 0f e5 01 2c 01 8d 02 5f 43 75 42 75   |.......,..._CuBu|
00b370  2e 17 00 03 0f 15 01 2e 5e 44 69 54 75 2e 14 00   |........^DiTu...|
00b380  0f 59 00 2f 00 0a 0b 1e 2e 14 00 01 c7 01 1f 64   |.Y./...........d|
00b390  59 00 29 01 48 da 07 0c a1 0f 1c 00 05 0f d7 01   |Y.).H...........|
00b3a0  2e 11 5a 18 85 1f 2e 16 00 02 0f d7 01 2d 00 b3   |..Z..........-..|
00b3b0  b0 2c 5a 68 bc 03 05 17 00 0f 36 02 2f 02 d1 a2   |.,Zh......6./...|
00b3c0  1f 2e 17 00 03 0f 5f 00 2e 0f 7f 01 04 07 7a 01   |......_.......z.|
00b3d0  1f 5e 5f 00 29 af 4d 6f 72 65 5f 54 65 63 68 2e   |.^_.).More_Tech.|
00b3e0  19 00 05 0f 80 01 2f 3d 61 6f 44 3c 05 05 17 00   |....../=aoD<....|
00b3f0  0f c2 00 2e 01 63 07 0e c2 00 07 19 00 0f 63 00   |.....c........c.|
00b400  33 5f 57 6f 6f 64 2e 19 00 05 0f 25 01 2e 00 c9   |3_Wood.....%....|
00b410  10 0e da 04 04 17 00 00 5f 00 1f 62 84 01 2f 00   |........_..b../.|
00b420  05 a2 0d 98 05 07 1b 00 0a ba d7 0f 29 01 29 7f   |............).).|
00b430  65 6e 44 65 63 6b 2e 1f 00 0b 0f 37 04 2d 00 33   |enDeck.....7.-.3|
00b440  11 2d 48 6f 37 04 02 16 00 0a f3 d8 0f cc 00 25   |.-Ho7..........%|
00b450  00 a4 09 4d 6f 6e 65 6e 36 01 0a 1e 00 0f 9c 07   |...Monen6.......|
00b460  2c 11 35 4f 00 00 ee 0c 4b 64 53 6c 65 66 02 0b   |,.5O....KdSlef..|
00b470  1d 00 00 6b 00 1f 56 6b 00 27 6b 33 5f 51 69 4d   |...k..Vk.'k3_QiM|
00b480  69 8d 03 03 15 00 0f 90 01 2c 01 a9 00 1c 54 5b   |i........,....T[|
00b490  08 04 16 00 0f 24 09 2c bb 35 5f 45 6e 67 69 6e   |.....$.,.5_Engin|
00b4a0  65 43 6f 72 6b 05 08 1a 00 0f 1d 01 2c 11 34 13   |eCork.......,.4.|
00b4b0  0e 01 c1 0b 0d 15 00 0f 4d 07 2c 12 36 c6 01 6b   |........M.,.6..k|
00b4c0  41 64 76 61 6e 63 c2 00 0a 1c 00 0f 0d 0b 2c 03   |Advanc........,.|
00b4d0  2f 02 4f 46 6c 79 2e 18 00 04 0f 25 01 2c 11 36   |/.OFly.....%.,.6|
00b4e0  10 01 01 e2 0d 0d 15 00 0f 5b 00 2e 00 a4 00 1f   |.........[......|
00b4f0  32 1e 01 01 0f 5b 00 2d 11 37 a1 00 01 83 91 0d   |2....[.-.7......|
00b500  15 00 0f 5b 00 2c 11 38 46 00 01 a1 0e 0d 15 00   |...[.,.8F.......|
00b510  0f 5b 00 2c 11 39 46 00 01 e5 96 0d 15 00 0f d6   |.[.,.9F.........|
00b520  06 2c 30 31 30 5f 32 03 00 4b 00 1f 2e 19 00 05   |.,010_2..K......|
00b530  0b bc ac 00 ae 8e 00 f1 10 46 58 69 6e 67 b5 0e   |.........FXing..|
00b540  0e 49 0e 1f fc e3 8f 0c 0f 4b 00 06 1e 0f 31 00   |.I.......K....1.|
00b550  26 99 01 7b 8e 01 29 00 30 4a 69 6e 35 00 01 7c   |&..{..).0Jin5..||
00b560  1e 0f c7 1b 03 19 0b ed 0e 0f cf 0e 01 05 00 e4   |................|
00b570  0f ee 06 0e 81 43 72 65 61 74 69 76 65 4a 01 00   |.....CreativeJ..|
00b580  41 01 01 1c 00 10 5f 58 01 00 b9 0e 01 6e af 04   |A....._X.....n..|
00b590  24 00 1f 2e 1f 00 0a 00 d8 03 14 10 f2 8f 02 f9   |$...............|
00b5a0  0f 0f fd 1c 04 2f b4 00 3f 01 0b 0e 46 00 0e fc   |...../..?...F...|
00b5b0  1c 07 50 e6 14 1b 0f 01 20 54 69 4f 0b 61 4d 75   |..P..... TiO.aMu|
00b5c0  42 69 61 6f 75 90 0e 3f 01 05 2c 1d 24 75 62 5f   |Biaou..?..,.$ub_|
00b5d0  00 02 9f 90 0e a6 00 1f 08 ad e7 05 1c 01 34 1c   |..............4.|
00b5e0  05 09 00 03 9e 12 04 5a 00 1f 64 44 02 09 2f 9f   |.......Z..dD../.|
00b5f0  14 1e 6c 0b 0e 4c 00 0f 45 02 08 2f 3b 14 45 02   |..l..L..E../;.E.|
00b600  40 04 51 12 0f 96 0f 59 0f 41 02 13 2f 56 01 3e   |@.Q....Y.A../V.>|
00b610  1f 0b 0f 41 02 14 1f f3 41 02 68 09 8c 2c 0f 51   |...A....A.h..,.Q|
00b620  00 31 1f 08 51 00 3d 1f 01 e3 02 02 0f 37 02 0f   |.1..Q.=......7..|
00b630  15 5d 37 02 0f 4f 13 49 0f 6a 04 d6 0f 87 01 6d   |.]7..O.I.j.....m|
00b640  0f b9 10 0b 0f 87 01 ff 0f 15 5f 87 01 0f e3 11   |.........._.....|
00b650  4b 0f 89 01 ff 0f 15 63 89 01 0f 8d 11 4f 0f 8d   |K......c.....O..|
00b660  01 ff 5b 0f b7 12 0d 0f 8d 01 fe 0f 2d 0c 27 0f   |..[.........-.'.|
00b670  1b 13 3b 0f ec 09 d6 1e 33 9b 09 0f 3d 0a 7c 1f   |..;.....3...=.|.|
00b680  02 de 06 6b 0f 1c 16 0e 0f c4 03 fe 0f ac 0d 42   |...k...........B|
00b690  0f a6 15 1c 0f 95 01 13 1f 05 c0 03 08 1f 02 95   |................|
00b6a0  01 17 1f a2 ac 0d b9 0f d4 0b 6a 0f c6 16 0e 0f   |..........j.....|
00b6b0  6d 03 ff 0f 05 28 2d 0f f0 17 52 0f 8f 01 ff 0f   |m....(-...R.....|
00b6c0  15 69 8f 01 0f bf 18 55 0f 93 01 ec 10 19 0d 30   |.i.....U.......0|
00b6d0  f0 00 61 73 54 72 69 67 67 65 72 45 78 70 65 72   |..asTriggerExper|
00b6e0  69 8f 27 0f ea 14 04 2f e5 09 77 25 07 00 d5 00   |i.'..../..w%....|
00b6f0  0e 38 ce 06 b7 01 06 5d 00 05 af 01 be 45 78 70   |.8.....].....Exp|
00b700  5f 50 6f 72 74 61 6c 2e 13 00 0e 0d c6 0f 4f 00   |_Portal.......O.|
00b710  11 01 b6 29 02 d4 27 0c 14 00 0f 51 00 29 01 57   |...)..'....Q.).W|
00b720  a8 0c 14 00 0e fe 1a 0f 51 00 11 01 94 a8 78 54   |........Q.....xT|
00b730  72 69 62 65 45 76 ad 1d 0e 1c 00 01 ab 1d 1f 4e   |ribeEv.........N|
00b740  61 00 1d 00 c3 27 28 64 6d 9f 25 08 15 00 0f 05   |a....'(dm.%.....|
00b750  01 29 01 3a b1 0c 14 00 0a 20 f8 0f 51 00 15 a6   |.).:..... ..Q...|
00b760  46 69 6e 64 52 65 6c 69 63 5f c9 fc 03 b6 bb 0f   |FindRelic_......|
00b770  24 00 0d 0e dd 1c 0f 67 02 17 20 5f 43 72 2b 00   |$......g.. _Cr+.|
00b780  94 03 00 c4 d3 0f 20 00 0c 2f 5f 43 d0 02 21 06   |...... ../_C..!.|
00b790  f2 c7 0b 13 00 0f 7a 01 29 06 b1 1b 07 14 00 0f   |......z.).......|
00b7a0  51 00 29 1e 35 51 00 02 36 ca 1f 5a d0 02 28 36   |Q.).5Q..6..Z..(6|
00b7b0  4d 61 72 a0 1b 0e 1b 00 0e 60 1c 0f ce 02 12 02   |Mar......`......|
00b7c0  f1 cf 28 47 75 73 18 0c 19 00 0f 85 02 38 1f 35   |..(Gus.......8.5|
00b7d0  85 02 10 02 23 b8 1f 4e 7c 01 24 02 3b b1 0d 15   |....#..N|.$.;...|
00b7e0  00 0f 1f 01 23 01 3a cf 01 07 31 07 a8 0f 0c 19   |....#.:...1.....|
00b7f0  00 0e 2d 21 0f 5b 00 17 02 60 01 0a 51 05 09 1a   |..-!.[...`..Q...|
00b800  00 0e dc 1d 0f 5d 00 17 06 69 31 1f 2e 1d 00 09   |.....]...i1.....|
00b810  0f 99 02 23 03 21 02 01 4c 39 16 47 f8 16 0e 1b   |...#.!..L9.G....|
00b820  00 0f 3e 02 38 1f 36 3e 02 10 1f 36 eb 01 2b 01   |..>.8.6>...6..+.|
00b830  81 30 1f 2e 19 00 05 0e de 23 0f c4 03 16 9b 50   |.0.......#.....P|
00b840  79 72 61 6d 69 64 5f 31 5a 22 0f 21 00 05 0f 6b   |yramid_1Z".!...k|
00b850  00 36 2f 32 2e 21 00 0d 0f 6a 07 23 03 18 01 03   |.6/2.!...j.#....|
00b860  e5 01 0e c3 02 07 1c 00 0f 62 02 23 09 64 03 0e   |.........b.#.d..|
00b870  60 00 06 1b 00 0e 14 27 0f 24 03 21 0e 63 00 0b   |`......'.$.!.c..|
00b880  1f 00 0f c6 00 2a 02 3f 02 0e c6 00 06 1b 00 03   |.....*.?........|
00b890  c5 30 02 20 b0 33 4b 65 4c 91 1e 0f 2c 0a 04 3f   |.0. .3KeL...,..?|
00b8a0  76 0d 01 5a 21 0e 0e 4b 00 0f 15 1f 03 35 18 0d   |v..Z!..K.....5..|
00b8b0  01 09 0b 0c 34 00 0e 2f 0b 15 0a 26 00 2f 55 49   |....4../...&./UI|
00b8c0  a5 d4 34 10 09 45 00 7f 65 72 76 65 72 49 44 6f   |..4..E..erverIDo|
00b8d0  40 0f 30 62 43 68 95 e6 42 42 6f 64 79 3d 33 3a   |@.0bCh..BBody=3:|
00b8e0  6f 6f 6c fe 30 05 2b 00 02 a8 00 0f 11 0d 06 15   |ool.0.+.........|
00b8f0  85 11 0d 1f 80 f3 31 0f f1 04 4e 50 43 2f 48 75   |......1...NPC/Hu|
00b900  6d 61 6e 2f 53 61 76 61 67 65 48 6f 72 f8 b1 50   |man/SavageHor..P|
00b910  45 67 79 70 74 68 31 01 8b 07 26 46 5f 1e 00 8f   |Egypth1...&F_...|
00b920  5f 42 65 61 75 74 79 2e 25 00 11 21 5f 43 e5 01   |_Beauty.%..!_C..|
00b930  02 79 01 3f 42 69 6e 2b 0d 04 23 81 c2 a7 f9 0c   |.y.?Bin+..#.....|
00b940  35 34 33 00 7d c2 1e 01 03 10 2c 00 0f 3b 0f 1e   |543.}.....,..;..|
00b950  01 06 11 01 ce 0c 01 e9 01 2f 44 75 21 3d 0b 20   |........./Du!=. |
00b960  fa 43 1f 00 03 c4 2c 3f 5a 68 65 d7 a5 26 f0 01   |.C....,?Zhe..&..|
00b970  73 a9 43 c8 30 4a 2d aa 29 d5 cf a5 28 b0 cd a4   |s.C.0J-.)...(...|
00b980  45 00 00 a1 d4 74 57 65 69 4c 65 69 58 b0 00 4d   |E....tWeiLeiX..M|
00b990  45 6e 75 6d 48 3e 01 c6 d6 3b 48 41 49 30 00 01   |EnumH>...;HAI0..|
00b9a0  fb 36 0e 18 00 51 3a 3a 4d 41 58 d6 00 8f 4d 4a   |.6...Q::MAX...MJ|
00b9b0  47 5a 53 68 75 4a 5c 22 05 2f c1 09 34 17 0b 0e   |GZShuJ\"./..4...|
00b9c0  44 00 1e 0f 2a 00 26 64 09 b9 44 02 eb c0 32 47   |D...*.&d..D...2G|
00b9d0  61 69 85 d5 40 43 75 6e 44 8e 35 0f 15 b3 02 20   |ai..@CunD.5.... |
00b9e0  42 43 5b 00 02 d9 3e 0d fa 00 26 20 00 e9 01 12   |BC[...>...& ....|
00b9f0  45 56 00 02 2a 00 2b 00 1c 12 00 22 3a 3a 0d 00   |EV..*.+...."::..|
00ba00  01 67 c1 25 42 75 b4 00 4f 4e 6f 64 65 fa 02 06   |.g.%Bu..ONode...|
00ba10  15 59 fa 02 1f 54 af 61 10 00 77 d4 05 d4 00 00   |.Y...T.a..w.....|
00ba20  b6 61 00 60 00 03 d7 c1 03 71 09 09 12 00 00 83   |.a.`.....q......|
00ba30  07 13 0f 87 00 10 43 78 33 0f 80 01 05 2f 9b 02   |......Cx3..../..|
00ba40  f4 14 0b 0e 45 00 0f 2b 00 01 13 3a 46 00 1d 1a   |....E..+...:F...|
00ba50  81 01 00 92 37 21 53 65 be 01 0f f8 0f 04 51 65   |....7!Se......Qe|
00ba60  6c 65 63 74 26 00 5f 49 6e 64 65 78 7e 04 07 13   |lect&._Index~...|
00ba70  08 b6 01 01 2c 00 02 90 00 0f 8c 00 01 17 96 e1   |....,...........|
00ba80  01 08 2b 00 0e 63 42 01 02 02 01 23 00 0f 50 03   |..+..cB....#..P.|
00ba90  09 00 48 00 9f 4c 69 6e 65 61 72 43 6f 6c 2a 40   |..H..LinearCol*@|
00baa0  01 c0 73 9d c6 3c a5 bb 3b 3e d0 44 58 3c cf 40   |..s..<..;>.DX<.@|
00bab0  00 07 12 02 74 00 00 ef bf 0e 9b 41 18 0c 81 00   |....t......A....|
00bac0  01 54 00 2e 30 32 bb 10 0f 1d 01 1c 1f 00 1d 01   |.T..02..........|
00bad0  84 cf 8e e6 48 3d e8 bb bb 3d e9 45 2d 3d 1d 01   |....H=...=.E-=..|
00bae0  24 2e 31 00 1d 01 11 08 08 01 2f 55 73 64 05 10   |$.1......./Usd..|
00baf0  21 4d 4a 7f 37 0f 50 4d 0b 11 06 29 00 3f 45 78   |!MJ.7.PM...).?Ex|
00bb00  70 8b 05 0b 07 63 12 0f 40 04 41 6f 47 75 61 53   |p....c..@.AoGuaS|
00bb10  68 69 40 04 57 02 70 00 08 40 04 05 12 00 0f 40   |hi@.W.p..@.....@|
00bb20  04 15 1f 7e 60 2a 0c 0f 40 04 13 2f 1d 01 40 04   |...~`*..@../..@.|
00bb30  ff 2c 1f 33 23 03 a3 1f 23 23 03 06 1f 1f 23 03   |.,.3#...##....#.|
00bb40  05 23 53 68 18 02 0f 26 03 13 04 92 16 0f 4a 12   |.#Sh...&......J.|
00bb50  04 02 55 00 0e 1a 03 06 67 00 02 15 14 0c 14 00   |..U.....g.......|
00bb60  0f 1e 03 15 1f 61 58 17 08 1f 00 1e 03 16 2f 00   |.....aX......./.|
00bb70  00 1e 03 22 0f 01 02 6f 01 bb 02 20 69 65 e3 de   |..."...o... ie..|
00bb80  02 a4 00 1e 0f dd 00 23 0d 02 46 b7 0b 2c 00 0f   |.......#..F..,..|
00bb90  b9 09 06 11 0a 56 02 20 58 69 a5 0b 0f 1b 4d 08   |.....V. Xi....M.|
00bba0  04 c0 be 00 51 00 00 2d 00 55 4d 6f 72 70 68 21   |....Q..-.UMorph!|
00bbb0  4d 09 51 03 18 0d ab 4b 20 4d 5f 25 0c 47 30 38   |M.Q....K M_%.G08|
00bbc0  00 0d 3d 00 3f 42 69 4c 6c 4c 0a 50 c2 a3 7f 3e   |..=.?BiLlL.P...>|
00bbd0  09 1f 00 3f 75 53 65 2c 00 0d 00 05 58 11 0e c4   |...?uSe,....X...|
00bbe0  00 20 46 61 5c 00 0f b6 04 0c 13 c8 01 2d 2f 46   |. Fa\........-/F|
00bbf0  61 b5 04 09 17 61 ee 49 03 46 01 07 bc 04 0e 21   |a....a.I.F.....!|
00bc00  02 0f c1 04 3a c0 26 e6 a3 3b ac 77 44 3b a6 ed   |....:.&..;.wD;..|
00bc10  81 3a c1 04 05 00 02 13 09 6d 41 0f 13 01 0d 53   |.:.......mA....S|
00bc20  c6 fb 1e 3e 0a 19 4f 1f 69 2d 00 0d 49 f4 1a 11   |...>..O.i-..I...|
00bc30  3e 62 02 23 49 73 b4 0d 0e 8f 0e 09 e9 02 15 10   |>b.#Is..........|
00bc40  de 0d 20 4d 61 97 42 0f 48 0d 36 15 0d e8 0e 6f   |.. Ma.B.H.6....o|
00bc50  48 65 69 67 68 74 9a 57 0a 31 34 83 3f 6d c0 30   |Height.W.14.?m.0|
00bc60  6c 61 6e 89 4b 0e 15 05 17 1b e8 02 15 45 27 00   |lan.K........E'.|
00bc70  28 00 17 0f 00 e4 3a 3a 43 4c 41 4e 5f 54 59 50   |(.....::CLAN_TYP|
00bc80  45 5f 45 00 50 00 4f 41 72 65 61 49 02 07 12 7d   |E_E.P.OAreaI...}|
00bc90  54 00 00 2a 00 00 63 4f 2e 59 65 c3 0e 17 17 71   |T..*..cO.Ye....q|
00bca0  2f 16 45 28 00 01 fd 0d 52 5a 48 49 59 45 72 00   |/.E(....RZHIYEr.|
00bcb0  82 53 48 4f 55 4c 49 45 00 a9 06 00 b4 01 0f ff   |.SHOULIE........|
00bcc0  04 04 1f b3 11 25 0c 0b 41 00 1e 0f 27 00 17 5f   |.....%..A...'.._|
00bcd0  35 4e 04 8d 03 4f 53 61 76 65 19 11 03 08 b3 03   |5N...OSave......|
00bce0  0f 3c 07 03 18 15 3b 08 b2 42 61 73 65 44 65 73   |.<....;..BaseDes|
00bcf0  61 74 75 72 2b 4c 1c 11 30 04 3f 56 61 6c 4f 90   |atur+L..0.?ValO.|
00bd00  0a 2a 99 99 8b 02 0f 7d 00 0b 09 1c 4e 10 70 dd   |.*.....}....N.p.|
00bd10  04 0f 71 00 1d 0d 5e 05 0f 71 00 18 4f 73 68 6f   |..q...^..q..Osho|
00bd20  75 71 00 2b 10 0c 17 02 52 79 65 4d 61 74 09 04   |uq.+....RyeMat..|
00bd30  0f 34 04 29 d3 3d d6 9d 3a fe f1 1d 3c b6 b9 88   |.4.).=..:...<...|
00bd40  3d 00 2e 13 01 d3 06 00 8a 34 00 fe 50 04 62 10   |=........4..P.b.|
00bd50  0e 56 02 18 4b 36 08 08 3a 03 01 b1 0e 01 3a 08   |.V..K6..:.....:.|
00bd60  07 41 00 ff 05 3a 3a 57 55 51 49 5f 4c 45 49 58   |.A...::WUQI_LEIX|
00bd70  49 4e 47 5f 4d 41 4f 00 20 23 00 0b 4a 47 4f 4e   |ING_MAO. #..JGON|
00bd80  47 90 00 44 4a 69 4e 65 a9 05 0e 90 00 2f 54 1f   |G..DJiNe...../T.|
00bd90  e6 02 07 1c 2c db 00 08 4b 00 1e 0f 31 00 26 f0   |....,...K...1.&.|
00bda0  1e ca 10 0b 34 00 0f 11 07 06 01 1e 12 18 4a 59   |....4.........JY|
00bdb0  00 0f 04 04 06 14 c7 c1 44 20 68 75 06 02 2f 44   |........D hu../D|
00bdc0  75 bd 52 09 50 ff ff ff ff 07 d0 12 0f 43 08 0c   |u.R.P........C..|
00bdd0  02 57 04 3f 62 43 61 6c 08 0f 05 4b 02 0f b4 00   |.W.?bCal...K....|
00bde0  18 2f 2b 01 b4 00 9f 1f 8f b4 00 a0 1f f3 b4 00   |./+.............|
00bdf0  a0 2f 57 02 b4 00 40 1f 01 b4 00 4b 2f bb 02 68   |./W...@....K/..h|
00be00  01 9f 2f 1f 03 b4 00 9f 2f 83 03 1c 02 9f 1f e7   |../...../.......|
00be10  68 01 a0 1f c9 54 06 19 04 76 55 0f b4 00 6c 2f   |h....T...vU...l/|
00be20  2e 01 b4 00 9f 1f 66 68 01 19 1f 1e b4 00 73 1f   |......fh......s.|
00be30  67 b4 00 19 00 cf 4f 0f 84 03 70 1f 65 b4 00 19   |g.....O...p.e...|
00be40  1f 5a 68 01 73 1f c6 b4 00 19 1f 78 b4 00 73 2f   |.Zh.s......x..s/|
00be50  1d 03 d0 02 9f 2f c2 02 d0 02 40 0f b4 00 4c 2f   |...../....@...L/|
00be60  1e 03 d0 02 9f 2f c3 02 d0 02 40 0f 38 04 4c 1f   |...../....@.8.L.|
00be70  cb a0 05 41 0f b4 00 4c 2f cc 00 d0 02 9f 2f 29   |...A...L/...../)|
00be80  01 d0 02 9f 1f ca a0 05 6a 1f 00 b4 00 22 2f f2   |........j...."/.|
00be90  01 a0 05 9f 2f 94 01 70 08 9f 1f f1 d0 02 a0 2f   |..../..p......./|
00bea0  5b 02 ec 04 9f 1f b9 bc 07 6a 0f 84 03 23 2f ba   |[........j...#/.|
00beb0  02 1c 02 69 0f b4 00 23 2f 59 02 ec 04 9f 1f 31   |...i...#/Y.....1|
00bec0  ec 04 a0 2f 8c 01 bc 07 9f 1f 2d ec 04 a0 2f 2f   |.../......-...//|
00bed0  01 8c 0a 9f 1f 25 5c 0d a0 2f 82 03 d0 02 9f 1f   |.....%\../......|
00bee0  81 5c 0d a0 1f f7 ec 04 a0 1f 55 78 0f a0 1f f9   |.\........Ux....|
00bef0  ec 04 a0 2f 85 03 d8 09 9f 1f 86 38 04 a0 1f 8b   |.../.......8....|
00bf00  38 04 a0 2f 87 03 64 14 74 00 75 00 01 99 22 02   |8../..d.t.u...".|
00bf10  b7 00 1e 00 92 1f 1f af 95 2a 0c 0c 42 00 1e 0f   |.........*..B...|
00bf20  28 00 23 4e 01 a6 14 00 41 3e 53 53 75 70 65 72   |(.#N....A>SSuper|
00bf30  45 6f 45 53 65 74 5f 9a 1f 2f 47 41 56 25 03 03   |EoESet_../GAV%..|
00bf40  2c 00 0f d7 e4 20 41 47 41 53 2f 63 62 17 2f a1   |,.... AGAS/cb./.|
00bf50  00 41 2f 47 41 5f 0f 00 01 61 66 30 48 75 5f 4a   |.A/GA_...af0Hu_J|
00bf60  4d 00 58 5b 3f 30 31 2e 1b 00 06 00 c0 36 16 0d   |M.X[?01......6..|
00bf70  8c 00 0f e1 27 10 11 09 1d 00 5f 70 75 74 54 61   |....'....._putTa|
00bf80  14 01 02 17 42 dd 21 00 b8 00 40 70 6c 61 79 2b   |....B.!...@play+|
00bf90  00 0f bd 71 03 2f 61 67 6e 27 03 27 13 00 15 29   |...q./agn'.'...)|
00bfa0  04 9a 70 00 8e 21 3e 2e 47 00 c6 2a 11 0a fb 26   |..p..!>.G..*...&|
00bfb0  5f 73 68 69 6f 6e 9a 34 09 31 b5 34 03 7c 22 02   |_shion.4.1.4.|".|
00bfc0  8b 3c 0f 31 00 10 31 e7 93 04 99 21 c0 4c 61 73   |.<.1..1....!.Las|
00bfd0  74 4d 61 6f 43 65 50 61 69 e0 63 05 84 70 6c 44   |tMaoCePai.c..plD|
00bfe0  6f 75 62 6c 65 7c 40 00 5a b9 70 16 47 62 78 3c   |ouble|@.Z.p.Gbx<|
00bff0  41 0c f5 54 5e 61 69 58 69 65 35 e6 0d 5a 01 12   |A..T^aiXie5..Z..|
00c000  0b cf 21 5f 52 65 6e 47 75 76 26 35 01 86 01 10   |..!_RenGuv&5....|
00c010  6f 77 48 1f 69 55 00 27 f0 02 f3 8f 17 ae c5 46   |owH.iU.'.......F|
00c020  45 fe d2 3c 15 be 22 df 66 fa 16 9a e7 00 98 6b   |E..<..".f......k|
00c030  af 63 74 65 72 4c 69 66 65 53 70 14 01 10 92 c0   |.cterLifeSp.....|
00c040  38 23 3b 04 6f 3c 41 08 90 2d 3f 66 55 69 97 36   |8#;.o<A..-?fUi.6|
00c050  34 11 0d 78 42 50 73 74 6f 6d 4d 23 56 1e 69 0b   |4..xBPstomM#V.i.|
00c060  75 27 1e 00 7b e8 14 ff 75 67 12 5b 4b 75 91 5d   |u'..{...ug.[Ku.]|
00c070  20 54 72 61 69 6e 65 72 7b 00 bf 4f 77 6e 65 72   | Trainer{..Owner|
00c080  50 6c 61 79 65 72 8c 75 16 07 65 01 0f 34 00 02   |Player.u..e..4..|
00c090  18 0f a4 56 a1 53 70 61 63 65 45 6c 76 65 73 de   |...V.SpaceElves.|
00c0a0  56 b1 4c 65 69 4a 69 4e 6f 58 69 75 4d d5 2a 10   |V.LeiJiNoXiuM.*.|
00c0b0  69 42 56 0f 5c 02 0b 80 00 e0 f8 62 55 27 40 13   |iBV.\......bU'@.|
00c0c0  51 28 cf 75 6c 74 69 42 6f 6e 65 53 63 61 6c b0   |Q(.ultiBoneScal.|
00c0d0  42 05 1f ff 61 27 0c 0e 49 00 0f 69 27 05 26 a6   |B...a'..I..i'.&.|
00c0e0  01 4d 24 05 2d 00 0f 66 27 03 13 09 23 00 0f 4d   |.M$.-..f'...#..M|
00c0f0  2b 10 a8 4c 5f 62 72 65 61 73 74 00 0a 57 00 0f   |+..L_breast..W..|
00c100  93 73 25 44 84 d1 96 3f 04 00 09 64 2a 0f 8e 00   |.s%D...?...d*...|
00c110  14 1f 52 8e 00 6d 09 90 27 4f 48 65 61 64 8a 00   |..R..m..'OHead..|
00c120  33 00 74 2b 04 04 00 09 3f 34 70 48 42 69 6e 64   |3.t+....?4pHBind|
00c130  42 47 58 45 11 41 3b 00 1e 0f 90 06 15 c4 a8 04   |BGXE.A;.........|
00c140  00 02 02 1f 77 4c 32 04 57 4d 61 70 73 2f cb 6a   |....wL2.WMaps/.j|
00c150  1c 2f d7 6a 1c 2e 11 00 b1 3a 50 65 72 73 69 73   |./.j.....:Persis|
00c160  74 65 6e 74 17 00 00 47 2f 0b 8f 00 ff 00 5f 43   |tent...G/....._C|
00c170  5f 32 31 34 32 33 32 33 33 36 34 00 40 8b 6c 02   |_2142323364.@.l.|
00c180  01 af 03 1e 2f 3c 00 0f 4f 00 02 23 00 17 bf 04   |..../<..O..#....|
00c190  00 31 65 af 6e 44 61 6f 4a 75 49 6e 69 74 af 46   |.1e.nDaoJuInit.F|
00c1a0  05 14 56 8a 1c 08 f5 04 6a 42 61 6f 47 75 6f 3c   |..V.....jBaoGuo<|
00c1b0  00 0d 01 00 10 1b 42 28 f1 06 78 74 72 61 44 69   |......B(..xtraDi|
00c1c0  61 6f 4c 75 6f 42 61 6f 41 66 74 65 72 53 69 fb   |aoLuoBaoAfterSi.|
00c1d0  6d 0d f9 01 03 f4 5a 02 49 47 01 c3 3a 60 5f 4e   |m.....Z.IG..:`_N|
00c1e0  6f 72 6d 61 8e f9 06 ec 06 02 af 2e 00 d9 71 02   |orma..........q.|
00c1f0  e6 2f 0f 34 2f 06 26 4f 40 34 2f 08 31 00 00 9e   |./.4/.&O@4/.1...|
00c200  72 3e 43 75 6e a3 e6 01 29 00 30 58 4d 4a 2c 31   |r>Cun...).0XMJ,1|
00c210  21 58 69 e2 00 0f 52 04 04 2f 72 00 10 38 0b 0f   |!Xi...R../r..8..|
00c220  4a 00 05 1e 0f 30 00 17 12 7d 00 02 a0 00 03 31   |J....0...}.....1|
00c230  00 20 50 65 f3 2b 0e a6 00 0e fe 07 11 1d 6e 00   |. Pe.+........n.|
00c240  71 41 6c 72 65 61 64 79 59 6e 60 65 64 4d 4a 58   |qAlreadyYn`edMJX|
00c250  46 7e 00 0f c1 00 04 2f 3f 3f c1 00 07 3f 55 00   |F~...../??...?U.|
00c260  00 53 00 0f 1e 0f 39 00 26 d7 3e 05 3b 04 ca 00   |.S....9.&.>.;...|
00c270  2f 75 46 a3 30 07 00 fb 3d 00 54 00 03 21 00 0f   |/uF.0...=.T..!..|
00c280  a2 32 0a 15 5b a2 04 1f 56 c8 35 14 01 7c 00 01   |.2..[...V.5..|..|
00c290  aa 32 00 c7 3e 01 0e 00 52 30 32 5f 30 36 09 ff   |.2..>...R02_06..|
00c2a0  0d 15 00 21 5f 43 9d 06 00 85 00 0f 51 71 0d 09   |...!_C......Qq..|
00c2b0  44 49 0f c5 00 64 02 8c 36 0c 15 00 0f c5 00 9c   |DI...d..6.......|
00c2c0  01 5d 42 0d 15 00 0f c5 00 9c 01 2b 41 0d 15 00   |.]B........+A...|
00c2d0  0f c5 00 9c 01 66 64 0d 15 00 0f c5 00 9c 01 1f   |.....fd.........|
00c2e0  49 0d 15 00 0f c5 00 9c 01 93 49 0d 15 00 0f c5   |I.........I.....|
00c2f0  00 9c 01 e0 f5 0d 15 00 0f c5 00 18 1f 02 c5 00   |................|
00c300  25 0f ca 38 13 02 96 00 1b 31 bb 00 10 31 e6 f4   |%..8.....1...1..|
00c310  2e 30 2e 15 00 0f 59 05 53 0f bb 00 2d 1c 31 4f   |.0....Y.S...-.1O|
00c320  05 02 15 00 0f bb 00 92 1f 35 bb 00 01 0f f6 02   |.........5......|
00c330  19 1f 03 bb 00 66 0c 76 04 02 15 00 0f 76 01 92   |.....f.v.....v..|
00c340  0c bb 06 02 15 00 0f 76 01 92 1f 37 bb 00 01 0f   |.......v...7....|
00c350  62 04 19 1f 05 bb 00 66 0c 80 0a 02 15 00 0f 1d   |b......f........|
00c360  05 92 0e 62 04 00 15 00 0f 31 02 7d 1b 33 bb 00   |...b.....1.}.3..|
00c370  1f 33 d8 05 01 1f 33 d8 05 82 0e bb 00 2d 34 30   |.3....3......-40|
00c380  d8 08 02 15 00 0f ec 02 7d 0e bb 00 1e 32 31 02   |........}....21.|
00c390  02 15 00 0f bb 00 92 0e 31 02 00 15 00 0f bb 00   |........1.......|
00c3a0  92 0c d8 05 02 15 00 0f bb 00 8f 1f 34 76 01 01   |............4v..|
00c3b0  1f 34 76 01 95 0c 44 0d 02 15 00 0f 76 01 92 0e   |.4v...D.....v...|
00c3c0  a7 03 00 15 00 0f 4e 07 92 02 79 44 0c 15 00 0f   |......N...yD....|
00c3d0  7f 09 92 01 4e 5a 0d 15 00 0f bb 00 91 1f 32 f5   |....NZ........2.|
00c3e0  0a 01 1f 32 f5 0a 92 0d 4e 07 02 15 00 0f f5 0a   |...2....N.......|
00c3f0  91 1e 32 9c 0e 00 15 00 0f 76 01 92 0e a7 03 00   |..2......v......|
00c400  15 00 0f 76 01 91 0d cd 10 02 15 00 0f 31 02 92   |...v.........1..|
00c410  0e e1 0d 00 15 00 0f 31 02 92 0c 4e 07 02 15 00   |.......1...N....|
00c420  0f 31 02 92 1f 32 bb 00 01 0f 57 0f 92 0d 7e 14   |.1...2....W...~.|
00c430  02 15 00 0f bb 00 92 0e 57 0f 00 15 00 0f bb 00   |........W.......|
00c440  92 0e 09 08 00 15 00 0f 62 04 92 1f 33 62 04 01   |........b...3b..|
00c450  0f a7 03 19 1f 09 f5 0a 63 1e 33 ec 02 02 15 00   |........c.3.....|
00c460  0f b0 0b 8f 1e 33 26 0d 02 15 00 0f 6b 0c 92 1e   |.....3&.....k...|
00c470  35 6b 0c 0f 76 01 95 1e 31 76 01 0f cd 10 92 1e   |5k..v...1v......|
00c480  33 1d 05 02 15 00 0f bb 00 92 1f 37 bb 00 01 0f   |3..........7....|
00c490  ea 15 92 1e 32 93 06 00 15 00 0f 7f 09 7d 1e 32   |....2........}.2|
00c4a0  c2 1b 0e ec 02 02 15 00 0f bb 00 90 1f 32 1b 21   |.............2.!|
00c4b0  01 1f 32 ea 15 53 15 55 bb 00 1f 50 31 02 23 2e   |..2..S.U...P1.#.|
00c4c0  39 5f 62 17 02 17 00 0f 1f 18 7d 0f 7a 01 02 1f   |9_b.......}.z...|
00c4d0  31 7a 01 01 0f 35 02 93 0e 01 21 00 15 00 0f bb   |1z...5....!.....|
00c4e0  00 92 0e 81 22 00 15 00 0f bb 00 92 0e b2 21 00   |....".........!.|
00c4f0  15 00 0f 02 13 92 1f 39 a9 03 03 0f 66 04 91 1f   |.......9....f...|
00c500  32 66 04 03 1f 32 66 04 94 0e 22 23 00 15 00 0f   |2f...2f..."#....|
00c510  f0 02 92 1f 36 bb 00 01 0f 11 08 91 1e 33 56 07   |....6........3V.|
00c520  01 15 00 0f bb 00 92 0e dc 05 00 15 00 0f bb 00   |................|
00c530  92 0e dc 05 00 15 00 0f bb 00 92 1f 31 bb 00 01   |............1...|
00c540  0f 8e 24 92 1f 33 68 17 01 1f 33 5d 2b 9b 1e 38   |..$..3h...3]+..8|
00c550  6c 04 01 15 00 0f c5 00 9c 1f 30 c5 00 01 0f 8a   |l.........0.....|
00c560  01 9d 1f 31 c5 00 01 0f 17 0b 90 1f 31 b1 06 01   |...1........1...|
00c570  1f 31 b1 06 93 1f 31 3b 02 01 1f 31 b1 06 94 0e   |.1....1;...1....|
00c580  17 0b 00 15 00 0f bb 00 92 0e 9d 09 00 15 00 0f   |................|
00c590  bb 00 92 0e 31 05 00 15 00 0f a7 03 92 0e ec 02   |....1...........|
00c5a0  00 15 00 0f bb 00 92 1e 32 bb 00 0f be 0e 92 1e   |........2.......|
00c5b0  31 34 10 02 15 00 0f be 0e 92 0f 01 0e 02 0f 7a   |14.............z|
00c5c0  33 9b 1e 37 b1 03 01 15 00 0f c5 00 9c 0e a7 06   |3..7............|
00c5d0  00 15 00 0f c5 00 9c 1f 31 c5 00 01 0f 4f 02 9d   |........1....O..|
00c5e0  0e 27 0e 00 15 00 0f c5 00 9c 0e 31 0e 00 15 00   |.'.........1....|
00c5f0  0f c5 00 9c 0e 00 09 00 15 00 0f c5 00 9c 0e 0a   |................|
00c600  09 00 15 00 0f 21 14 92 2f 31 5f 20 06 04 0f 21   |.....!../1_ ...!|
00c610  14 90 1e 31 87 18 02 15 00 0f 53 08 92 0e fa 02   |...1......S.....|
00c620  00 15 00 0f bb 00 92 0e f0 02 00 15 00 0f bb 00   |................|
00c630  92 1f 37 bb 00 01 0f af 38 26 09 c4 00 00 39 47   |..7.....8&....9G|
00c640  53 42 65 67 69 6e e0 44 0f 25 46 0f 30 66 a2 4f   |SBegin.D.%F.0f.O|
00c650  39 47 00 1d 41 03 22 7b 4e 4d 6f 53 68 17 72 05   |9G..A."{NMoSh.r.|
00c660  d4 45 13 11 5c 7a 09 2e 00 01 06 71 0c 16 00 31   |.E..\z.....q...1|
00c670  3a 3a 54 43 9c 02 4d 00 00 03 49 3f 44 6f 75 5e   |::TC..M...I?Dou^|
00c680  00 04 1b 24 5e 00 00 2e 00 10 64 2e 00 10 73 5e   |...$^.....d...s^|
00c690  00 1d 20 16 00 00 5e 00 70 42 65 69 64 6f 6e 67   |.. ...^.pBeidong|
00c6a0  0a 46 41 6a 69 00 18 c5 41 33 6f 64 6f b6 9c 3f   |.FAji...A3odo..?|
00c6b0  78 69 6e 6e fa 2e c3 58 18 48 00 51 47 c8 d2 c7   |xinn...X.H.QG...|
00c6c0  e4 46 0c ee 7b 00 54 90 0f 8a 49 04 1f 4e 8a 49   |.F..{.T...I..N.I|
00c6d0  32 18 1f cf 42 04 72 00 12 2e ca 6e 16 2e 20 7d   |2...B.r....n.. }|
00c6e0  06 f8 01 00 ca 41 01 e4 81 10 5a 58 80 05 72 a5   |.....A....ZX..r.|
00c6f0  0f 8e dc 02 14 45 c2 25 1f 9d 53 44 4a 0f d7 7d   |.....E.%..SDJ..}|
00c700  10 05 65 44 3f 38 36 2e be 00 01 10 20 a1 00 be   |..eD?86..... ...|
00c710  53 63 72 69 70 74 2f 57 53 2e 48 24 00 02 f8 c0   |Script/WS.H$....|
00c720  0f 42 4b 0c 13 32 4b dc 0f 21 73 0d 40 4c 0e 44   |.BK..2K..!s.@L.D|
00c730  19 b6 42 01 f6 03 60 41 74 74 72 5a 69 0b b3 00   |..B...`AttrZi...|
00c740  f8 a7 0f d3 42 04 1f bb a4 7b 08 00 9c 01 0f 4f   |....B....{.....O|
00c750  00 0a 0f 2d 72 01 16 02 a2 26 00 32 00 00 2c 00   |...-r....&.2..,.|
00c760  0e e7 47 04 1e 00 0f a6 70 03 18 17 a6 70 05 27   |..G.....p....p.'|
00c770  00 28 00 13 0f 00 60 3a 3a 4c 69 4c 69 22 43 11   |.(....`::LiLi"C.|
00c780  05 6a b1 0f 9c b3 09 18 11 69 04 0f 7b 00 0b 1f   |.j.......i..{...|
00c790  15 7b 00 03 1a 11 7b 00 01 4c 72 0f 79 00 10 1f   |.{....{..Lr.y...|
00c7a0  0a 79 00 17 1f 16 79 00 03 1a 12 79 00 5f 5a 68   |.y....y....y._Zh|
00c7b0  69 48 75 7a 00 11 1f 0b f3 00 3d 4f 4e 61 69 4c   |iHuz......=ONaiL|
00c7c0  79 00 11 1f 08 f3 00 3d 6f 4d 69 6e 4a 69 65 7a   |y......=oMinJiez|
00c7d0  00 1d 19 1b b7 02 00 bf 4e 0f 08 03 0c 1f bd 08   |........N.......|
00c7e0  03 0c 0e 51 00 0f 0a 03 51 0f 9c 01 3b 1f 06 9c   |...Q....Q...;...|
00c7f0  01 66 1f 0c 09 03 66 1e 0d 7a 00 0f 77 04 55 1f   |.f....f..z..w.U.|
00c800  08 77 04 65 09 e8 01 0a c1 05 af 55 6e 61 73 73   |.w.e.......Unass|
00c810  69 67 6e 65 64 43 00 0b 14 04 85 b9 05 3a 00 5f   |ignedC.......:._|
00c820  54 6f 74 61 6c 35 00 0b 13 31 79 04 9f 4c 76 6c   |Total5...1y..Lvl|
00c830  53 65 74 46 6c 61 74 53 0a 11 19 84 03 50 63 68   |SetFlatS.....Pch|
00c840  69 76 65 60 00 51 69 62 75 74 65 31 c2 0e f8 c0   |ive`.Qibute1....|
00c850  06 4a 4c 0d 3a 01 0e 0e 07 05 10 09 0b 33 02 ca   |.JL.:........3..|
00c860  48 65 61 6c 74 68 00 f9 d9 3f 45 10 1a 00 9b 46   |Health...?E....F|
00c870  6f 6f 64 00 73 4e 9f 42 70 01 ab 57 61 74 65 72   |ood.sN.Bp..Water|
00c880  00 1f cd a0 42 04 02 51 58 69 6e 51 69 9d 49 3b   |....B..QXinQi.I;|
00c890  20 43 10 66 00 30 75 58 69 5a 79 2a 42 1a 18 00   | C.f.0uXiZy*B...|
00c8a0  60 43 75 72 4d 61 78 d8 53 00 a8 b6 6a 00 dd 92   |`CurMax.S...j...|
00c8b0  c9 42 14 22 00 05 1c 00 4f 25 d9 76 42 af c6 11   |.B."....O%.vB...|
00c8c0  04 03 7f 00 43 00 02 2c 00 5e 43 6f 65 66 00 dc   |....C..,.^Coef..|
00c8d0  04 2f 45 05 dc 04 07 1f 0a 45 00 03 1e 0f 2b 00   |./E......E....+.|
00c8e0  13 ef 79 00 0e 2e 00 0f d6 04 1d 1f 19 ee 02 03   |..y.............|
00c8f0  1b 15 5d 04 23 61 78 b3 01 00 bf 00 05 db 00 0f   |..].#ax.........|
00c900  fb 08 04 4f 9e f1 83 3f 62 04 3a 6f 41 74 74 61   |...O...?b.:oAtta|
00c910  63 6b 7c 00 12 4f 23 62 85 3f 64 04 3a 7f 44 65   |ck|..O#b.?d.:.De|
00c920  66 65 6e 73 65 7d 00 12 3f 22 40 88 7d 00 15 1f   |fense}..?"@.}...|
00c930  18 7d 00 03 1d 14 78 01 02 f9 02 0f 7e 00 11 2f   |.}....x.....~../|
00c940  36 76 7e 00 16 1f 1a 7e 00 03 1d 16 7e 00 12 46   |6v~....~....~..F|
00c950  71 ca 0f 80 00 12 3f 4c cd 8a 7b 01 3b 00 80 00   |q.....?L..{.;...|
00c960  00 0f 04 0f 7d 00 11 3f 25 87 8b 7d 00 3e 14 54   |....}..?%..}.>.T|
00c970  cb 07 0f 7d 00 0d 2f 51 a0 7d 00 3f 01 bd 04 0f   |...}../Q.}.?....|
00c980  7d 00 11 2f 3f 6c 7d 00 16 1f 1b 7d 00 03 1e 17   |}../?l}....}....|
00c990  fa 00 40 65 6e 61 63 d9 58 0f 81 00 11 3f eb 0a   |..@enac.X....?..|
00c9a0  81 81 00 3e 05 81 05 0f 81 00 11 27 d5 01 81 00   |...>.......'....|
00c9b0  11 0d a5 ac 2f 6f 66 d2 8d 08 2f 11 32 84 05 07   |..../of.../.2...|
00c9c0  00 8b 00 0d 43 00 1e 0f 29 00 26 bc 31 e9 51 00   |....C...).&.1.Q.|
00c9d0  2c 00 20 69 63 91 8e 1f 79 4a 55 07 00 25 00 05   |,. ic...yJU..%..|
00c9e0  15 01 0e 8e 7d 04 50 07 07 4c 00 03 16 02 07 12   |....}.P..L......|
00c9f0  00 83 3a 3a 46 61 4d 75 00 08 4f 00 2f 4c 76 a7   |..::FaMu..O./Lv.|
00ca00  0e 08 13 19 01 08 00 29 00 3f 4d 61 78 2c 00 0a   |.......).?Max,..|
00ca10  17 63 c9 00 02 2c 00 10 5f 14 53 0f 31 00 0b 04   |.c...,.._.S.1...|
00ca20  86 00 0f 29 82 10 10 12 db 5f cf 6e 6c 6f 63 6b   |...)....._.nlock|
00ca30  42 65 6e 65 66 69 74 99 01 04 1f 63 47 83 0c 0e   |Benefit....cG...|
00ca40  48 00 0f 4a 83 0c 15 19 31 00 07 46 01 03 3c 00   |H..J....1..F..<.|
00ca50  0f 98 52 08 0f b0 01 0b 1f 1b b0 01 06 1d 17 b0   |..R.............|
00ca60  01 41 43 61 69 4b c6 84 0f b4 01 3e 1f 5b b4 01   |.ACaiK.....>.[..|
00ca70  1d 1f 5b b4 01 ff 16 22 5a 68 72 14 0f b4 01 13   |..[...."Zhr.....|
00ca80  1f 18 b4 01 18 1f 5a b4 01 1d 1f 5a b4 01 e9 1f   |......Z....Z....|
00ca90  1a b4 01 06 1f 16 68 03 01 00 08 10 0f b3 01 13   |......h.........|
00caa0  1f 11 b3 01 18 1f 5d b3 01 1d 1f 5d b3 01 e9 1f   |......]....]....|
00cab0  18 b3 01 06 1d 14 b3 01 3f 50 61 6f cc 06 15 1f   |........?Pao....|
00cac0  14 b1 01 18 1f 4e b1 01 1d 1f 4e 18 05 ff 16 40   |.....N....N....@|
00cad0  52 6f 6e 67 70 11 0f b4 01 13 1f 16 b4 01 18 1f   |Rongp...........|
00cae0  58 b4 01 1d 1f 58 65 03 ff 16 5f 52 6f 75 50 69   |X....Xe..._RouPi|
00caf0  7d 08 3f 1f 52 b1 01 1d 1f 52 c9 06 ff 16 2f 46   |}.?.R....R..../F|
00cb00  61 7c 08 18 1f 12 b3 01 18 1f 53 b3 01 1d 1f 53   |a|........S....S|
00cb10  b3 01 e9 1f 19 b3 01 06 1e 15 30 0a 00 a6 aa 1f   |..........0.....|
00cb20  6f b2 01 13 1f 1a b2 01 18 1f 4c b2 01 1d 1f 4c   |o.........L....L|
00cb30  b2 01 e9 0f 46 0f 19 3f 51 69 4a 46 0f 40 1f 60   |....F..?QiJF.@.`|
00cb40  b0 01 1d 1f 60 b0 01 ff 16 00 36 6a 0f b0 01 13   |....`.....6j....|
00cb50  1f 13 b0 01 18 1f 61 b0 01 1d 1f 61 c5 06 ff 16   |......a....a....|
00cb60  4f 4a 69 61 5a 8e 0d 16 1f 1a 29 0a fe 0f b3 01   |OJiaZ.....).....|
00cb70  61 21 4c 69 ea 6e 0f dc 0b 3f 0f 16 05 fe 0f b3   |a!Li.n...?......|
00cb80  01 36 21 50 65 c8 c5 0f b3 01 3f 0f 5b 14 ff 1c   |.6!Pe.....?.[...|
00cb90  1f 16 b3 01 06 1d 12 b3 01 1f 44 28 0a 15 1f 79   |..........D(...y|
00cba0  af 01 18 1f 79 af 01 1d 1f 79 af 01 17 4f d8 ce   |....y....y...O..|
00cbb0  ab 43 af 01 15 1f df a5 6e 08 1f 04 af 01 19 2f   |.C......n....../|
00cbc0  7c 01 af 01 21 0f 58 01 12 13 1e 01 23 02 57 00   ||...!.X.....#.W.|
00cbd0  0f 6c a1 10 09 67 9d 0f 5f 00 0e 1f 3c 5f 00 4b   |.l...g.._...<_.K|
00cbe0  1f 5a 5f 00 4b 1f 78 5f 00 26 0f 2b 03 14 1f 1c   |.Z_.K.x_.&.+....|
00cbf0  2b 03 06 1d 18 2b 03 11 53 f8 9c 0f 31 03 16 1f   |+....+..S...1...|
00cc00  7c 31 03 18 1f 7c 31 03 1d 1f 7c e0 04 18 3f fe   ||1...|1...|...?.|
00cc10  2e 41 31 03 ff ff 39 0f 5c 06 19 1f 4d 2b 03 15   |.A1...9.\...M+..|
00cc20  1f 5d 2b 03 74 3f ec e2 9b 5c 06 16 1f 80 01 75   |.]+.t?...\.....u|
00cc30  0c 0f 2b 03 16 1f 1d 2b 03 ff 40 0f f1 0f 40 3f   |..+....+..@...@?|
00cc40  43 68 75 f1 0f 14 1f 64 cd 02 18 1f 64 cd 02 1d   |Chu....d....d...|
00cc50  1f 64 f8 05 18 3f 75 ee 40 cd 02 ff d9 0f a8 0d   |.d...?u.@.......|
00cc60  19 4f 51 75 61 6e 21 16 16 1f 33 d0 02 18 1f 78   |.OQuan!...3....x|
00cc70  d0 02 1d 1f 78 d0 02 17 3f e2 ed d1 9d 05 16 1f   |....x...?.......|
00cc80  c2 56 be 0c 0f d0 02 16 2f 5f 00 d0 02 80 0f df   |.V....../_......|
00cc90  04 40 2f 47 6f 12 24 15 1f 7d 0f 02 18 1f 7d 0f   |.@/Go.$..}....}.|
00cca0  02 1d 1f 7d df 04 18 3f fd 97 42 d7 0a ff ff 39   |...}...?..B....9|
00ccb0  0f 5e 1b 19 21 44 61 4f 7f 0f 0d 08 9a 3f a8 f4   |.^..!DaO.....?..|
00ccc0  60 da 0a ff da 0f cf 02 1a 4f 75 6e 50 61 dc 0a   |`........OunPa..|
00ccd0  9c 3f 4c 3a a3 a9 0d ff ff 07 00 4b 87 0f a1 13   |.?L:.......K....|
00cce0  9b 3f 80 cf be a1 13 ff ff 1c 11 10 b8 8c 23 75   |.?............#u|
00ccf0  72 6c 00 01 88 02 0f 4a 39 08 11 0b 49 88 4f 6f   |rl.....J9...I.Oo|
00cd00  64 4e 47 54 02 04 1f 28 dd ca 05 01 48 66 f5 15   |dNGT...(....Hf..|
00cd10  fc 01 00 2f 98 02 00 29 99 02 00 87 9a 02 00 2d   |.../...).......-|
00cd20  6b 06 00 6d ae 0a 00 9c 36 0c 00 54 a1 07 00 4f   |k..m....6..T...O|
00cd30  98 02 00 11 62 00 6f 42 61 63 6b 75 70 68 00 04   |....b.oBackuph..|
00cd40  2f 07 03 bc 02 07 00 95 3a 0e 47 00 0f bb 02 03   |/.......:.G.....|
00cd50  26 ac 02 6d 1b 11 4e 43 af 52 6c 47 69 66 74 35   |&..m..NC.RlGift5|
00cd60  00 0e b4 02 12 04 74 3a 0f 88 3f 0b 01 a2 42 0e   |......t:..?...B.|
00cd70  bf 00 0f 04 cc 16 27 05 fc 27 8e 0f 72 00 0e 1f   |......'..'..r...|
00cd80  14 72 00 30 00 95 01 0f 72 00 17 1f 1e 72 00 30   |.r.0....r....r.0|
00cd90  2f 29 99 72 00 19 1f 28 72 00 30 2f 87 9a 72 00   |/).r...(r.0/..r.|
00cda0  19 1f 32 72 00 30 1f 4f 56 01 1a 1f 3c 72 00 30   |..2r.0.OV...<r.0|
00cdb0  18 19 e4 00 11 0a 1c b2 0e ab 03 0f 4a 00 12 3d   |............J..=|
00cdc0  a0 bd 0d 44 03 0f 1d 04 0d 14 0e 71 00 00 29 00   |...D.......q..).|
00cdd0  0f 94 3d 0d 05 a7 00 09 98 04 04 bc 8b 02 be 45   |..=............E|
00cde0  01 4f 8a 2f 33 44 8e 46 25 44 61 34 83 3f 04 00   |.O./3D.F%Da4.?..|
00cdf0  10 0c 2e 23 02 c0 8c 0f 48 89 05 26 db 41 0b 04   |...#....H..&.A..|
00ce00  02 80 00 08 31 00 0e cf e3 05 27 00 05 97 46 0f   |....1.....'...F.|
00ce10  d3 8d 03 1f 02 d3 8d 0a 06 76 b5 21 42 65 28 fd   |.........v.!Be(.|
00ce20  0d 49 00 19 09 49 00 04 3a 07 04 3a b8 0f af 0b   |.I...I..:..:....|
00ce30  0b 03 26 00 06 f6 3c a0 43 48 41 52 41 43 54 45   |..&...<.CHARACTE|
00ce40  52 5f 25 b2 67 42 49 45 5f 4e 56 e2 c4 0f 1d 46   |R_%.gBIE_NV....F|
00ce50  10 0f 30 3e 15 0f 1f b6 3d 04 f5 b5 24 44 69 85   |..0>....=...$Di.|
00ce60  bb 09 f7 00 1c 13 f5 b5 02 28 00 01 e9 01 01 47   |.........(.....G|
00ce70  00 9f 44 49 57 45 49 5f 4c 4f 57 3f b6 3c 01 dd   |..DIWEI_LOW?.<..|
00ce80  8f 03 40 f9 0e 0a 02 09 c1 01 14 00 c1 01 0f 47   |..@............G|
00ce90  07 4f 0f fd 03 2e 0f 69 3a ff ff ff fe 0f b5 38   |.O.....i:......8|
00cea0  fe 0f 1c 3c ff fe 0f 53 35 ff ff fe 0f ce 3d ff   |...<...S5.....=.|
00ceb0  fe 0f 1a 3c fe 0f 7f 3f ff ff 88 0f 69 3a fe 0f   |...<...?....i:..|
00cec0  06 37 ff ff ff f5 0f cf 3d ff ff ff 53 0f 0d 34   |.7......=...S..4|
00ced0  ff ff bb 0f 35 3d ff ff fe 0f 5e 2c ff ff ff 07   |....5=....^,....|
00cee0  0f 28 35 ff fe 0f 30 43 ff ff ff fe 0f 97 3d ff   |.(5...0C......=.|
00cef0  fe 0f 6b 3a ff fe 0f 45 45 ff fe 0f 69 3a ff ff   |..k:...EE...i:..|
00cf00  ff ff 90 0f 5e ea 1d 00 5f 00 0f 5a ec 16 0f 6a   |....^..._..Z...j|
00cf10  c2 ff ff 33 0f 07 ec ff ff 3b 16 0f c0 f0 04 5e   |...3.....;.....^|
00cf20  c1 1e 0f 5f 00 2f 32 07 34 f2 47 11 10 2b 00 04   |..._./2.4.G..+..|
00cf30  1d 01 0f b2 05 10 0f 65 f2 d7 2f 8a 01 65 f2 78   |.......e../..e.x|
00cf40  0f 26 f7 0d 18 0e fc 01 33 48 61 69 58 00 15 0e   |.&......3HaiX...|
00cf50  37 00 00 3c 84 0f 2f 03 0f 05 11 3e 05 35 00 0f   |7..<../....>.5..|
00cf60  77 01 0b 22 80 3f b2 cc 0f 8e f8 0e 00 be e7 11   |w..".?..........|
00cf70  0d 35 ca 6f 65 63 75 6c 61 72 c8 05 10 05 b2 cf   |.5.oecular......|
00cf80  04 34 00 01 8b 7b 0f 90 00 0c 19 3e b8 03 00 3c   |.4...{.....>...<|
00cf90  75 3e 47 61 6f 3f 02 0e c8 00 11 09 e1 cc 2f 6e   |u>Gao?......../n|
00cfa0  67 6b 02 10 0f e9 f3 1a 10 0b 11 02 01 1e 07 0f   |gk..............|
00cfb0  86 00 11 0f 17 f4 1a 10 11 2d 00 70 6f 75 42 75   |.........-.pouBu|
00cfc0  53 75 6f de 33 0f 61 00 11 04 82 03 3f 4d 61 74   |Suo.3.a.....?Mat|
00cfd0  ed 03 10 11 0e bb cc 01 10 12 01 2e 00 1f 31 2f   |..............1/|
00cfe0  00 1b 1f 32 2f 00 1b 1f 33 2f 00 0b 01 4a 01 9f   |...2/...3/...J..|
00cff0  65 61 72 64 49 6e 66 6f 31 5e 03 01 17 c1 eb 13   |eardInfo1^......|
00d000  01 2a 00 01 05 03 00 2f 00 0e 97 3f 07 4e 00 0f   |.*...../...?.N..|
00d010  b9 02 0e 1b 10 50 00 0f 31 00 0e 05 5d 00 0f 33   |.....P..1...]..3|
00d020  06 2f 0f 26 25 06 09 0f 01 1f 32 0f 01 ee 10 12   |./.&%.....2.....|
00d030  55 00 05 d5 08 40 50 65 72 63 c9 86 0f e5 07 19   |U....@Perc......|
00d040  03 43 7f 01 a5 0f 0f 86 80 0a 09 29 05 00 94 09   |.C.........)....|
00d050  5e 53 74 61 74 65 bc 40 18 21 7b 89 02 8b f7 06   |^State.@.!{.....|
00d060  2e 00 2e 00 1d 16 00 01 46 82 00 fc f2 00 8e 87   |........F.......|
00d070  03 7f 40 3e 6f 6e 65 1a 41 08 71 ff 16 0c 48 00   |..@>one.A.q...H.|
00d080  02 1c 41 1a 1c 11 00 08 54 00 01 21 00 12 0a 05   |..A.....T..!....|
00d090  d5 11 4e b6 0a 1e 00 c0 0a 1f 59 07 28 0c 0a 40   |..N.......Y.(..@|
00d0a0  00 0f ff 27 08 0f d6 f3 19 0e e6 d4 0f 5d fc 1d   |...'.........]..|
00d0b0  0f e6 d4 10 2f 00 00 e6 d4 25 10 20 89 08 00 0f   |..../....%. ....|
00d0c0  07 0f c2 85 1a 0f b3 00 0d 0f 56 00 11 0f c7 00   |..........V.....|
00d0d0  08 0f c7 85 0b 1e 1e 5d 00 0f 6b 83 15 0e 3f 00   |.......]..k...?.|
00d0e0  0f ba 89 13 1f 5f f0 00 0c 0f 54 00 0f 0f ee 00   |....._....T.....|
00d0f0  26 14 19 5b 00 0f 1f 84 1a 04 ad 00 01 3a 00 02   |&..[.........:..|
00d100  76 10 0f 50 2b 10 14 16 32 00 0f 80 4a 10 1f 60   |v..P+...2...J..`|
00d110  13 01 0c 0f 4c 00 07 0f 0b 01 08 0f 85 4a 14 15   |....L........J..|
00d120  1b 14 01 00 e1 43 6f 52 65 6d 6f 76 65 ad 00 0a   |.....CoRemove...|
00d130  1f 6b ad 00 0c 0f 51 00 0c 0f b2 00 08 1a 18 b2   |.k....Q.........|
00d140  00 08 3b 00 0e b8 00 0f 42 84 12 1f 56 ac 00 0c   |..;.....B...V...|
00d150  0f 42 84 13 0f 73 00 08 0f 79 f8 02 01 b7 d9 04   |.B...s...y......|
00d160  c6 45 0f 09 8e 01 1a 01 58 02 cf 61 63 65 43 6f   |.E......X..aceCo|
00d170  70 79 4d 61 6e 55 49 25 d6 24 0e f2 06 07 f3 d2   |pyManUI%.$......|
00d180  10 43 89 0c 16 69 46 06 0f 82 12 02 16 41 87 06   |.C...iF......A..|
00d190  02 e4 02 07 30 00 0e 3c 0e 05 26 00 0f b2 00 26   |....0..<..&....&|
00d1a0  f1 02 f8 2e c9 f1 da 4b da 3d 39 0e f2 82 d7 40   |.......K.=9....@|
00d1b0  55 df 0c 3c 4e 01 aa 00 0f b5 fe 0d 06 62 48 0f   |U..<N........bH.|
00d1c0  26 92 06 15 62 11 04 1f 5d db 95 0f 41 4e 50 43   |&...b...]...ANPC|
00d1d0  2f 81 d2 18 2f 3d 8f 02 67 d3 00 09 11 3f 5f 46   |/.../=..g....?_F|
00d1e0  2e 19 00 05 3f 5f 43 00 0d 4a 10 2f 3f 40 0d 4a   |....?_C..J./?@.J|
00d1f0  3a 1d 14 0d 4a 07 9e d7 0f 03 4a 18 1f 12 03 4a   |:...J.....J....J|
00d200  96 00 e9 00 0f b3 49 37 0f 31 49 0e 1e 1c d0 48   |......I7.1I....H|
00d210  06 0d 50 ff 08 43 87 01 00 39 87 01 00 2f 87 01   |..P..C...9.../..|
00d220  00 25 87 01 00 1b 87 01 00 11 87 01 e4 48 11 2f   |.%...........H./|
00d230  01 38 e4 48 2f 2f ac 37 e4 48 8c 1f 2f 54 1a 18   |.8.H//.7.H../T..|
00d240  1f 3c 54 1a 1d 1f 32 d5 32 19 1f bd ff 21 e7 0e   |.<T...2.2....!..|
00d250  a4 96 0f 43 49 69 1f 3c 13 02 76 1f 80 34 1f 16   |...CIi.<..v..4..|
00d260  2f 21 01 f5 d7 0b 0f 13 02 16 1f be 13 02 81 0f   |/!..............|
00d270  67 1c 3f 0e 72 02 0f 01 4a 68 1f 30 71 02 76 2f   |g.?.r...Jh.0q.v/|
00d280  94 42 84 04 fe 0f 60 4a 63 0f 13 02 76 2f 40 96   |.B....`Jc...v/@.|
00d290  97 06 fe 0f bf 4a 63 0f 96 06 77 1f 08 25 04 e7   |.....Jc...w..%..|
00d2a0  09 08 a0 0f 1e 4b 6c 1f 1c 11 02 76 2f a0 42 1e   |.....Kl....v/.B.|
00d2b0  4b fe 0f c2 03 8b 2f 90 41 58 0a e6 1f 01 58 0a   |K...../.AX....X.|
00d2c0  4b 0e 21 04 0f dc 4b 66 1f 31 6f 02 76 2f 64 43   |K.!...Kf.1o.v/dC|
00d2d0  31 06 fe 0f 3b 4c 63 0f ed 10 77 1f 92 13 02 fe   |1...;Lc...w.....|
00d2e0  0f 9a 4c 60 1f 23 0f 02 76 1f 35 0f 02 fe 0f f9   |..L`.#..v.5.....|
00d2f0  4c 63 0f a3 08 77 1f 00 fb 12 ba 0f 44 08 27 0f   |Lc...w......D.'.|
00d300  71 02 9f 0f b7 4d 1a 1f 3c c5 0c a0 0f 14 0b ff   |q....M..<.......|
00d310  52 0f 75 4e 43 1f 3b 6e 02 76 1f f2 f1 06 fe 0f   |R.uNC.;n.v......|
00d320  d4 4e 63 0f 80 04 77 1f 50 80 04 ff 7b 0f 92 4f   |.Nc...w.P...{..O|
00d330  42 1f 5a 35 62 49 0f 6d 02 19 3f c4 90 41 92 4f   |B.Z5bI.m..?..A.O|
00d340  ff ff 2f 0f cc 02 75 4f 80 fb 3f 42 91 7b ff ff   |../...uO..?B.{..|
00d350  32 0f cf 02 75 4f 40 5e 91 42 33 4f ff ff 30 0f   |2...uO@^.B3O..0.|
00d360  68 08 76 2f 66 41 f5 43 ff da 0f d4 4e 48 0f 6e   |h.v/fA.C....NH.n|
00d370  08 76 3f cb 07 41 0c 8c ff ff 33 0f d0 02 75 3f   |.v?..A....3...u?|
00d380  c0 2e 5b 3e 0b ff fe 0e 33 4f 0f cf 02 97 3f 78   |..[>....3O....?x|
00d390  b4 92 33 4f ff ff 31 0f cd 02 75 4f 30 33 d8 42   |..3O..1...uO03.B|
00d3a0  33 4f ff ff 30 0f 0b 0e 76 2f fc 31 0b 0e ff bc   |3O..0...v/.1....|
00d3b0  0f d4 4e 19 00 a5 45 0f d4 4e 16 3f dd 00 00 a0   |..N...E..N.?....|
00d3c0  4a 3a 0e 8a 3d 0f a0 4a 11 2f 03 05 a0 4a 74 1f   |J:..=..J./...Jt.|
00d3d0  05 a0 4a 2d 0f 70 4a 15 4f 74 c8 ac 3f 70 4a 18   |..J-.pJ.Ot..?pJ.|
00d3e0  1f dd 70 4a 12 1f 35 70 4a 69 00 77 02 44 94 fb   |..pJ..5pJi.w.D..|
00d3f0  1d 3f 0c 00 0f 39 4a 10 0a 43 01 7f 65 74 61 6c   |.?...9J..C..etal|
00d400  6c 69 63 3d 4a 17 4f 33 33 33 3f 12 4a 0f 18 12   |lic=J.O333?.J...|
00d410  7e 3f 00 d8 4a 14 5f 30 00 0f 1b 4a 1d 1a 00 c3   |~?..J._0...J....|
00d420  4f 0f 94 49 13 3f 9a 99 59 94 49 17 3f 42 d7 9b   |O..I.?..Y.I.?B..|
00d430  60 49 18 1f da d3 48 12 1f 90 c4 47 40 09 2c 00   |`I....H....G@.,.|
00d440  0f 35 04 2f cd d4 44 1f 3c 2c ba f5 3b 9e 62 d5   |.5./..D.<,..;.b.|
00d450  3b 2a 51 0e a2 48 0f de 00 b5 0f 71 48 1e 4f 42   |;*Q..H.....qH.OB|
00d460  cc 20 3d 71 48 1f 1f 03 52 06 02 00 e7 08 90 4a   |. =qH...R......J|
00d470  69 65 53 75 6f 57 65 6e e6 4c 0f cd 47 05 2f fc   |ieSuoWen.L..G./.|
00d480  19 20 08 07 3e 22 00 00 49 00 0f d6 47 06 17 a2   |. ..>"..I...G...|
00d490  4a 00 20 43 61 ec ca 0f 93 52 07 06 24 00 0f 08   |J. Ca....R..$...|
00d4a0  03 0f 22 4d 27 b0 01 01 c4 04 0f 4d 4a 10 15 0c   |.."M'......MJ...|
00d4b0  5c 00 0f dd 01 2f c0 fb 80 00 3d 9a 99 19 3e 3f   |\..../....=...>?|
00d4c0  11 d9 3c 08 00 05 60 01 0f c1 00 19 2f 5d 4e c1   |..<...`...../]N.|
00d4d0  00 ac 1f 4a c1 00 68 31 e6 0d 11 c1 00 2f 64 75   |...J..h1...../du|
00d4e0  c1 00 28 2f 3a 27 c1 00 ac 1f 69 82 01 68 31 d8   |..(/:'....i..h1.|
00d4f0  59 23 c1 00 3f 87 5f e2 c1 00 27 2f 59 27 c1 00   |Y#..?._...'/Y'..|
00d500  ac 1f 74 82 01 68 31 48 32 16 c1 00 3f 27 d9 e0   |..t..h1H2...?'..|
00d510  c1 00 27 2f 64 27 c1 00 ac 1f 5e 82 01 68 32 1a   |..'/d'....^..h2.|
00d520  d7 31 c5 03 2f 3c df c1 00 27 2f 4e 27 c1 00 ac   |.1../<...'/N'...|
00d530  1f 9b 82 01 68 32 dc 9c 38 43 02 2f 4f da c1 00   |....h2..8C./O...|
00d540  27 2f 8b 27 c1 00 ac 1f 7e 82 01 68 31 a8 b2 0c   |'/.'....~..h1...|
00d550  c1 00 2f 4d b6 c9 06 28 2f 6e 27 c1 00 ac 1f 7d   |../M...(/n'....}|
00d560  82 01 68 31 3b a5 2f c1 00 3f 4a 69 dd c1 00 27   |..h1;./..?Ji...'|
00d570  2f 6d 27 c1 00 ac 1f 71 82 01 68 31 33 3b 32 c1   |/m'....q..h13;2.|
00d580  00 3f 8a c9 dc c1 00 27 2f 61 27 c1 00 ac 1f 54   |.?.....'/a'....T|
00d590  82 01 68 31 2b a2 30 c1 00 2f af 6d c9 06 28 2f   |..h1+.0../.m..(/|
00d5a0  44 27 c1 00 ac 1f 4c 82 01 68 31 09 fe 3a c1 00   |D'....L..h1..:..|
00d5b0  2f df e5 c1 00 28 2f 3c 27 c1 00 ac 1f 53 82 01   |/....(/<'....S..|
00d5c0  68 31 2a 89 2d c1 00 2f ad 8c c5 03 28 2f 43 27   |h1*.-../....(/C'|
00d5d0  c1 00 ac 1f 72 82 01 68 31 b7 f3 04 c1 00 2f c1   |....r..h1...../.|
00d5e0  f2 43 02 28 2f 62 27 c1 00 ac 1f 39 c1 00 68 31   |.C.(/b'....9..h1|
00d5f0  85 d8 35 c1 00 3f 97 0b e1 c1 00 27 2f 49 4e c1   |..5..?.....'/IN.|
00d600  00 ac 1f 94 82 01 68 31 fc 03 27 c1 00 2f 89 8b   |......h1..'../..|
00d610  c5 03 28 2f a4 4e c1 00 ac 1f 3b 82 01 68 31 a1   |..(/.N....;..h1.|
00d620  66 2b c1 00 2f bf 9b 4f 0b 28 2f 4b 4e c1 00 ac   |f+../..O.(/KN...|
00d630  1f 99 c1 00 68 31 8c ef 3e c1 00 2f 01 37 c1 00   |....h1..>../.7..|
00d640  28 2f 89 27 c1 00 80 15 0d f8 19 02 c2 1e 1e 00   |(/.'............|
00d650  3b 1a 2f 25 0d 3b 1a 07 00 4c 5c 0d 43 00 1e 0f   |;./%.;...L\.C...|
00d660  29 00 2f d1 0c 35 1a 43 2f d7 00 54 01 67 0c 2b   |)./..5.C/..T.g.+|
00d670  1f 0f 15 02 22 1f 73 c1 00 68 cf 02 ea 7c 3c 15   |....".s..h...|<.|
00d680  e3 c0 3b 1a cc 6c 3b c1 00 26 1f dd c1 00 68 cf   |..;..l;..&....h.|
00d690  86 f1 84 3e b7 09 31 3e a7 b5 54 3d c1 00 26 1f   |...>..1>..T=..&.|
00d6a0  d3 c1 00 68 bf 7d 43 27 3c 6d 46 8f 3b 6e 88 20   |...h.}C'<mF.;n. |
00d6b0  82 01 27 1f d4 c1 00 68 cf 6b 67 ae 3b c4 af f8   |..'....h.kg.;...|
00d6c0  3b 6a e3 20 3c c1 00 26 1f df c1 00 68 bf 8d 7e   |;j. <..&....h..~|
00d6d0  eb 3b d6 ee 30 3c 31 22 60 c1 00 27 2f 70 00 e2   |.;..0<1"`..'/p..|
00d6e0  0b 68 af dc e6 3b ae 09 2e 3c 07 39 66 c1 00 27   |.h...;...<.9f..'|
00d6f0  1f 6f c1 00 68 bf 65 c5 8e 3b 4f f2 cb 3b c0 09   |.o..h.e..;O..;..|
00d700  f0 04 03 27 1f de c1 00 68 bf e9 e5 03 3c f2 d2   |...'....h....<..|
00d710  29 3c 4b bd 70 82 01 27 1f d8 c1 00 68 bf 6d fc   |)<K.p..'....h.m.|
00d720  f2 3b 2c c9 36 3c 49 a8 71 c1 00 27 1f c8 c1 00   |.;,.6<I.q..'....|
00d730  68 bf 78 9d bc 3b 05 a5 07 3c ba d4 2a c1 00 27   |h.x..;...<..*..'|
00d740  1f 7e c1 00 68 bf af 88 2b 3d b1 12 88 3c 36 f5   |.~..h...+=...<6.|
00d750  36 c1 00 27 1f d5 c1 00 68 bf c1 fc 46 3d 9b dd   |6..'....h...F=..|
00d760  90 3c 38 8b 32 c1 00 27 1f 7c c1 00 68 bf f2 2c   |.<8.2..'.|..h..,|
00d770  7f 3b 84 c8 aa 3b b4 f2 d6 86 04 27 1f 72 c1 00   |.;...;.....'.r..|
00d780  68 bf d7 c5 32 3b 33 07 93 3b 06 ff b0 c1 00 27   |h...2;3..;.....'|
00d790  1f 64 c1 00 68 bf 84 50 e1 3b a0 ba 0d 3c 45 52   |.d..h..P.;...<ER|
00d7a0  40 43 02 27 1f 71 c1 00 68 ba 0a dc 28 3b 3a 94   |@C.'.q..h...(;:.|
00d7b0  61 3b 38 a9 a4 82 01 15 0e 36 2e 21 65 64 8e 28   |a;8......6.!ed.(|
00d7c0  1e 00 65 0d 2f db 04 a0 b6 0b 0e 44 00 1e 0f 2a   |..e./......D...*|
00d7d0  00 2f 86 04 66 0d 43 2f ee 03 56 01 67 bf 1f 26   |./..f.C/..V.g..&|
00d7e0  d0 3b 37 42 15 3c bb 65 43 17 02 27 2f ec 03 62   |.;7B.<.eC..'/..b|
00d7f0  0a 68 af 6d b8 3b 24 a3 f4 3b 95 97 1f c1 00 27   |.h.m.;$..;.....'|
00d800  1f 65 d8 02 68 bf 07 41 cd 3b 39 2a 0b 3c c0 1a   |.e..h..A.;9*.<..|
00d810  48 c1 00 27 2f ea 03 c1 00 ac 1f 66 82 01 68 bf   |H..'/......f..h.|
00d820  4f 04 e3 3b a3 fc 20 3c ab 88 47 c1 00 27 2f 67   |O..;.. <..G..'/g|
00d830  00 97 24 68 b9 63 e2 3b 48 e6 30 3b ac e8 eb 3a   |..$h.c.;H.0;...:|
00d840  c1 00 17 10 d7 04 40 46 61 73 68 88 7e 0e 1d 05   |......@Fash.~...|
00d850  2f 82 09 1d 05 07 00 8e 2c 0e 46 00 0f 92 fe 02   |/.......,.F.....|
00d860  26 2e 09 af 00 03 27 00 0f 4a 7f 07 03 21 00 0f   |&.....'..J...!..|
00d870  29 01 0c 31 e7 93 04 7b 31 12 62 01 13 0f c1 b8   |)..1...{1.b.....|
00d880  12 0f 5e 00 17 3f ba ad 01 5e 00 13 1f 00 5e 00   |..^..?...^....^.|
00d890  21 3f 5a 34 03 bc 00 48 3f 85 a1 07 5e 00 48 1f   |!?Z4...H?...^.H.|
00d8a0  e9 5e 00 4a 2f 1e 87 78 01 49 3f be 0d 03 5e 00   |.^.J/..x.I?...^.|
00d8b0  48 1f 05 bc 00 4a 2f a5 0d 34 02 49 1f ea d6 01   |H....J/..4.I....|
00d8c0  4a 1f 1d 1a 01 4a 1f bd d6 01 4a 1f 10 bc 00 4a   |J....J....J....J|
00d8d0  1f b0 bc 00 4a 1f 19 bc 00 4a 1f b9 bc 00 4a 1f   |....J....J....J.|
00d8e0  1b bc 00 4a 1f bb bc 00 4a 2f b2 a2 4e 03 49 1f   |...J....J/..N.I.|
00d8f0  1a 1a 01 4a 1f ba 1a 01 4a 3f a6 a4 07 fa 06 49   |...J....J?.....I|
00d900  2f 1a 06 bc 00 48 1f 13 78 01 4a 1f b3 78 01 20   |/....H..x.J..x. |
00d910  00 3b 36 10 57 30 5f 00 fd 44 00 5a 63 0e 64 00   |.;6.W0_..D.Zc.d.|
00d920  0d f3 c4 15 13 5d 0a 0f 34 00 13 04 a3 57 84 50   |.....]..4....W.P|
00d930  53 47 6c 69 64 65 72 ce 00 1f 44 9b 09 0b 02 d6   |SGlider...D.....|
00d940  36 20 63 68 5e 5d 20 6f 75 d7 36 0f c0 77 05 35   |6 ch^] ou.6..w.5|
00d950  e8 81 01 4d 69 9f 43 68 61 72 61 63 74 65 72 6c   |...Mi.Characterl|
00d960  89 0b 05 27 00 2f 55 69 21 79 34 18 0f 56 00 0f   |...'./Ui!y4..V..|
00d970  f9 78 71 11 08 b1 3e 11 70 93 3b 12 0c e2 00 0f   |.xq...>.p.;.....|
00d980  4d 8a 03 00 3c 00 01 09 78 98 30 31 5f 4d 61 69   |M...<...x.01_Mai|
00d990  6e 00 13 cb 00 9f 54 72 61 6e 73 66 6f 72 6d 27   |n.....Transform'|
00d9a0  01 01 17 ae 17 02 06 29 00 0f e8 76 02 32 52 6f   |.......)...v.2Ro|
00d9b0  74 ab 8a 0f 6e 01 0c 3e 51 75 61 a4 40 06 0c 1f   |t...n..>Qua.@...|
00d9c0  84 7b 6c 3f d8 14 c4 3e 0c 71 00 1e 6c 55 00 0f   |.{l?...>.q..lU..|
00d9d0  1d 8c 18 cb 90 e6 02 48 fe d1 c7 47 e4 3d d1 46   |.......H...G.=.F|
00d9e0  94 7b 03 ff 00 22 42 69 77 02 0e d9 0c 26 3b b9   |.{..."Biw....&;.|
00d9f0  4f 02 09 d9 42 32 00 37 b9 a8 0c 22 62 4b 02 71   |O...B2.7..."bK.q|
00da00  2f 69 6e 1e c5 0a 10 0d 06 03 1f 73 5c 7b 13 00   |/in........s\{..|
00da10  d5 01 01 fd 7b 2f 44 75 2a 3d 0b 21 fa 43 5b c5   |....{/Du*=.!.C[.|
00da20  31 4a 47 5a 75 3e 0f 7a 42 04 2f 9e 06 5a 5b 0b   |1JGZu>.zB./..Z[.|
00da30  0e 44 00 1e 0f 2a 00 26 41 06 2b 82 10 4d 7d 63   |.D...*.&A.+..M}c|
00da40  41 75 47 61 69 8a 81 0f 2b 82 0b 20 42 43 5b 00   |AuGai...+.. BC[.|
00da50  24 42 75 30 7a 0e 1a 83 04 1e 44 02 56 00 02 2a   |$Bu0z.....D.V..*|
00da60  00 2b 00 1c 12 00 22 3a 3a 0d 00 10 5f 07 00 25   |.+...."::..._..%|
00da70  42 75 b4 00 4f 4e 6f 64 65 88 03 06 15 59 9b 02   |Bu..ONode....Y..|
00da80  1f 54 88 03 0f 55 4d 61 73 6b 2f d4 00 00 8d 03   |.T...UMask/.....|
00da90  00 60 00 13 5f 77 00 3d 31 31 2e 12 00 43 5f 43   |.`.._w.=11...C_C|
00daa0  00 0f 87 00 02 48 3f 0f 80 01 04 2f 9b 02 80 01   |.....H?..../....|
00dab0  0b 0e 45 00 0f 2b 00 01 26 3a 02 b0 ac 0b 81 01   |..E..+..&:......|
00dac0  01 31 10 0e 77 40 05 fc 03 6f 53 65 6c 65 63 74   |.1..w@...oSelect|
00dad0  57 10 11 13 04 b6 01 07 cf 40 0f 8c 00 01 17 96   |W........@......|
00dae0  e1 01 08 2b 00 0f f5 40 48 00 87 40 6f b3 3e cd   |...+...@H..@o.>.|
00daf0  cc cc 3d 65 8b 11 18 0c 81 00 01 54 00 2e 30 32   |..=e.......T..02|
00db00  9d 3d 0f 1d 01 1c 1f 03 1d 01 84 40 cd cc 4c 3e   |.=.........@..L>|
00db10  36 41 00 37 24 0f 1d 01 24 2e 31 00 1d 01 11 08   |6A.7$...$.1.....|
00db20  08 01 01 48 81 0f ad 04 0d 2e 4d 4a 64 7e 0d 21   |...H......MJd~.!|
00db30  44 11 06 29 00 0f b6 83 10 09 7b 3f 0f 40 04 0a   |D..)......{?.@..|
00db40  1f 23 40 04 06 1f 1f 40 04 05 23 53 68 35 03 0f   |.#@....@..#Sh5..|
00db50  43 04 13 15 51 43 04 15 4c 43 04 00 35 04 13 70   |C...QC..LC..5..p|
00db60  35 04 01 55 00 0e 37 04 06 67 00 4e 5f 39 2e 42   |5..U..7..g.N_9.B|
00db70  14 00 0e 3b 04 0f 98 86 23 0f 3b 04 13 2f 00 00   |...;....#.;../..|
00db80  3b 04 22 0f 01 02 6f 1b 0d a8 46 0f d4 46 ff ff   |;."...o...F..F..|
00db90  ff ff ff 3a 0f e7 4c 1d 1e 15 20 8e 02 08 01 0e   |...:..L... .....|
00dba0  b2 06 1f b4 c7 46 08 4f 24 00 00 00 4b 00 06 1e   |.....F.O$...K...|
00dbb0  0f 31 00 2f 50 19 9f 8e 1f 12 0e f4 8e 07 59 00   |.1./P.........Y.|
00dbc0  0f ac 01 06 13 c7 82 01 01 3a 07 6f 61 6e 44 75   |.........:.oanDu|
00dbd0  4c 76 71 1b 0b 10 07 ef 0d 0f 10 07 0c 02 60 06   |Lvq...........`.|
00dbe0  3f 62 43 61 39 07 0f 09 7f 20 0f b4 00 14 2f 2b   |?bCa9.... ..../+|
00dbf0  01 b4 00 40 1f 01 b4 00 4b 2f 8f 01 68 01 9f 1f   |...@....K/..h...|
00dc00  f3 68 01 a0 2f 57 02 b4 00 9f 2f bb 02 1c 02 9f   |.h../W..../.....|
00dc10  2f 1f 03 b4 00 9f 2f 83 03 1c 02 9f 1f e7 68 01   |/...../.......h.|
00dc20  a0 1f 66 54 06 19 00 6f 55 0f b4 00 70 1f 67 b4   |..fT...oU...p.g.|
00dc30  00 19 1f 3c b4 00 73 1f 69 b4 00 19 00 19 56 0f   |...<..s.i.....V.|
00dc40  d0 02 70 2f 2d 01 1c 02 9f 2f bf 02 b4 00 9f 2f   |..p/-..../...../|
00dc50  c0 02 d0 02 9f 2f 30 01 b4 00 9f 2f be 02 84 03   |...../0..../....|
00dc60  9f 1f 91 84 03 a0 1f 92 1c 02 a0 2f 94 01 1c 02   |.........../....|
00dc70  40 0f b4 00 4c 2f 2e 01 d0 02 9f 1f f9 d0 02 a0   |@...L/..........|
00dc80  1f c9 24 09 a0 1f cb 24 09 a0 1f 2a 84 03 a0 1f   |..$....$...*....|
00dc90  f5 ec 04 a0 1f fa 68 01 a0 2f 24 03 84 03 9f 2f   |......h../$..../|
00dca0  21 03 1c 02 9f 2f 23 03 1c 02 9f 1f 59 f4 0b a0   |!..../#.....Y...|
00dcb0  1f 5c f4 0b a0 1f 5b 40 0b a0 1f 86 38 04 a0 1f   |.\....[@....8...|
00dcc0  87 38 04 a0 2f 88 03 1c 02 74 00 ab 1a 0f d2 29   |.8../....t.....)|
00dcd0  1a 10 15 d4 1a b0 61 73 74 4d 61 6f 43 65 50 61   |......astMaoCePa|
00dce0  69 d6 69 32 54 69 6d 21 1e 6d 44 6f 75 62 6c 65   |i.i2Tim!.mDouble|
00dcf0  b4 e8 a2 00 f0 8d 0a 8b 77 fc 3d 41 0b ea 19 5f   |........w.=A..._|
00dd00  52 65 6e 47 75 b4 29 25 f0 01 73 a9 43 c8 30 4a   |RenGu.)%..s.C.0J|
00dd10  2d aa 29 d5 cf a5 28 b0 cd a4 ae 00 00 66 78 3f   |-.)...(......fx?|
00dd20  48 75 69 55 00 27 f8 02 f3 8f 17 ae c5 46 45 fe   |HuiU.'.......FE.|
00dd30  d2 3c 15 be 22 df 66 fa 16 3f 28 6f 4c 69 66 65   |.<..".f..?(oLife|
00dd40  53 70 e7 00 10 92 c0 bd 22 62 60 19 3f 41 08 78   |Sp......"b`.?A.x|
00dd50  24 1f 66 98 2a 36 01 ee 2a 50 75 73 74 6f 6d 2e   |$.f.*6..*Pustom.|
00dd60  1f 2f 5a 69 b0 a2 1c 10 10 f9 22 42 77 6e 65 72   |./Zi......"Bwner|
00dd70  5e 2a 0f 4e 2a 02 15 0b ad 37 06 38 00 07 5b 01   |^*.N*....7.8..[.|
00dd80  0f 34 00 02 18 0f 13 1d af 53 70 61 63 65 45 6c   |.4.......SpaceEl|
00dd90  76 65 73 de b7 aa 0f c2 b6 59 0f 68 b8 66 00 7a   |ves......Y.h.f.z|
00dda0  20 04 04 00 0f 68 b8 6f 0e 8e 00 03 bc 27 c1 48   | ....h.o.....'.H|
00ddb0  42 69 6e 64 42 47 43 6f 6d 70 41 3b 00 1e 0f c2   |BindBGCompA;....|
00ddc0  25 15 c4 d5 04 00 02 02 1f 77 09 2a 04 57 4d 61   |%........w.*.WMa|
00ddd0  70 73 2f 24 2d 1c 2f 30 2d 1c 2e 11 00 b1 3a 50   |ps/$-./0-.....:P|
00dde0  65 72 73 69 73 74 65 6e 74 17 00 00 e7 25 0b 8f   |ersistent....%..|
00ddf0  00 e0 5f 43 5f 32 31 34 32 31 33 30 36 33 36 00   |.._C_2142130636.|
00de00  80 a6 0d 41 26 02 71 03 1e 2f 3c 00 0f 4f 00 02   |...A&.q../<..O..|
00de10  03 60 24 00 b9 a6 02 c8 25 0f 16 25 06 26 14 41   |.`$.....%..%.&.A|
00de20  16 25 08 31 00 21 48 75 21 6c 0e 64 01 01 29 00   |.%.1.!Hu!l.d..).|
00de30  30 58 4d 4a 0e 27 7f 58 69 61 6f 47 75 6f 94 03   |0XMJ.'.XiaoGuo..|
00de40  04 2f 72 00 cf 2a 0b 0f 4a 00 05 0e 30 00 05 60   |./r..*..J...0..`|
00de50  23 15 14 99 26 03 31 00 20 50 65 f3 22 0e eb 98   |#...&.1. Pe."...|
00de60  0e a6 28 11 1d 6e 00 f0 03 41 6c 72 65 61 64 79   |..(..n...Already|
00de70  4c 65 61 72 6e 65 64 4d 4a 58 46 7e 00 0f c1 00   |LearnedMJXF~....|
00de80  04 2f 04 40 c1 00 07 00 ad aa 0f 53 00 0e 1e 0f   |./.@.......S....|
00de90  39 00 26 9c 3f 01 da 04 ca 00 2f 75 46 85 26 07   |9.&.?...../uF.&.|
00dea0  00 26 07 00 54 00 03 21 00 0f 84 28 0a 15 5b 5a   |.&..T..!...(..[Z|
00deb0  03 1f 56 c7 2c 14 01 7c 00 00 8c 28 00 0e 00 11   |..V.,..|...(....|
00dec0  5f 0e 00 8f 30 32 5f 30 36 30 36 2e 15 00 01 21   |_...02_0606....!|
00ded0  5f 43 a1 05 00 85 00 20 44 65 62 21 0f 76 88 14   |_C..... Deb!.v..|
00dee0  0f c5 00 64 2f 30 2e 15 00 01 0f c5 00 9c 02 50   |...d/0.........P|
00def0  2e 0c 15 00 0f c5 00 9c 2f 32 2e 15 00 01 0f c5   |......../2......|
00df00  00 9c 2f 33 2e 15 00 01 0f c5 00 9c 2f 34 2e 15   |../3......../4..|
00df10  00 01 0f c5 00 9c 2f 35 2e 15 00 01 0f c5 00 9c   |....../5........|
00df20  2f 37 2e 15 00 01 0f c5 00 18 1f 02 c5 00 25 0f   |/7............%.|
00df30  ac 2e 13 02 96 00 1b 31 bb 00 4d 31 5f 31 30 59   |.......1..M1_10Y|
00df40  05 02 15 00 0f 80 01 51 0f bb 00 2d 03 9f 33 0c   |.......Q...-..3.|
00df50  15 00 0f bb 00 92 1f 35 bb 00 01 0f f6 02 19 1f   |.......5........|
00df60  03 bb 00 66 0c 76 04 02 15 00 0f 76 01 92 0c bb   |...f.v.....v....|
00df70  06 02 15 00 0f 76 01 92 1f 37 bb 00 01 0f 62 04   |.....v...7....b.|
00df80  19 1f 05 bb 00 66 0c 80 0a 02 15 00 0f 1d 05 92   |.....f..........|
00df90  0e 62 04 00 15 00 0f 31 02 7d 1b 33 bb 00 1f 33   |.b.....1.}.3...3|
00dfa0  d8 05 01 1f 33 d8 05 82 0e bb 00 2d 34 30 d8 08   |....3......-40..|
00dfb0  02 15 00 0f ec 02 7d 0e bb 00 1e 32 31 02 02 15   |......}....21...|
00dfc0  00 0f bb 00 92 0e 31 02 00 15 00 0f bb 00 92 0c   |......1.........|
00dfd0  d8 05 02 15 00 0f bb 00 8f 1f 34 76 01 01 1f 34   |..........4v...4|
00dfe0  76 01 95 0c 44 0d 02 15 00 0f 76 01 92 0e a7 03   |v...D.....v.....|
00dff0  00 15 00 0f 4e 07 92 02 5b 3a 0c 15 00 0f 7f 09   |....N...[:......|
00e000  92 2f 38 2e 15 00 01 0f bb 00 91 1f 32 f5 0a 01   |./8.........2...|
00e010  1f 32 f5 0a 92 0d 4e 07 02 15 00 0f f5 0a 91 1e   |.2....N.........|
00e020  32 9c 0e 00 15 00 0f 76 01 92 0e a7 03 00 15 00   |2......v........|
00e030  0f 76 01 91 0d cd 10 02 15 00 0f 31 02 92 0e e1   |.v.........1....|
00e040  0d 00 15 00 0f 31 02 92 0c 4e 07 02 15 00 0f 31   |.....1...N.....1|
00e050  02 92 1f 32 bb 00 01 0f 57 0f 92 0d 7e 14 02 15   |...2....W...~...|
00e060  00 0f bb 00 92 0e 57 0f 00 15 00 0f bb 00 92 0e   |......W.........|
00e070  09 08 00 15 00 0f 62 04 92 1f 33 62 04 01 0f a7   |......b...3b....|
00e080  03 19 1f 09 f5 0a 63 1e 33 ec 02 02 15 00 0f b0   |......c.3.......|
00e090  0b 8f 1e 33 26 0d 02 15 00 0f 6b 0c 92 1e 35 6b   |...3&.....k...5k|
00e0a0  0c 0f 76 01 95 1e 31 76 01 0f cd 10 92 1e 33 1d   |..v...1v......3.|
00e0b0  05 02 15 00 0f bb 00 92 1f 37 bb 00 01 0f ea 15   |.........7......|
00e0c0  92 1e 32 93 06 00 15 00 0f 7f 09 7d 1e 32 c2 1b   |..2........}.2..|
00e0d0  0e ec 02 02 15 00 0f bb 00 90 1f 32 1b 21 01 1f   |...........2.!..|
00e0e0  32 ea 15 53 15 55 bb 00 1f 50 31 02 23 2e 39 5f   |2..S.U...P1.#.9_|
00e0f0  62 17 02 17 00 0f 1f 18 7d 0f 7a 01 02 1f 31 7a   |b.......}.z...1z|
00e100  01 01 0f 35 02 93 0e 01 21 00 15 00 0f bb 00 92   |...5....!.......|
00e110  0e 81 22 00 15 00 0f bb 00 92 0e b2 21 00 15 00   |..".........!...|
00e120  0f 02 13 92 1f 39 a9 03 03 0f 66 04 91 1f 32 66   |.....9....f...2f|
00e130  04 03 1f 32 66 04 94 0e 22 23 00 15 00 0f f0 02   |...2f..."#......|
00e140  92 1f 36 bb 00 01 0f 11 08 91 1e 33 56 07 01 15   |..6........3V...|
00e150  00 0f bb 00 92 0e dc 05 00 15 00 0f bb 00 92 0e   |................|
00e160  dc 05 00 15 00 0f bb 00 92 1f 31 bb 00 01 0f 8e   |..........1.....|
00e170  24 92 1f 33 68 17 01 1f 33 5d 2b 9b 1e 38 6c 04   |$..3h...3]+..8l.|
00e180  01 15 00 0f c5 00 9c 1f 30 c5 00 01 0f 8a 01 9d   |........0.......|
00e190  1f 31 c5 00 01 0f 17 0b 90 1f 31 b1 06 01 1f 31   |.1........1....1|
00e1a0  b1 06 93 1f 31 3b 02 01 1f 31 b1 06 94 0e 17 0b   |....1;...1......|
00e1b0  00 15 00 0f bb 00 92 0e 9d 09 00 15 00 0f bb 00   |................|
00e1c0  92 0e 31 05 00 15 00 0f a7 03 92 0e ec 02 00 15   |..1.............|
00e1d0  00 0f bb 00 92 1e 32 bb 00 0f be 0e 92 1e 31 34   |......2.......14|
00e1e0  10 02 15 00 0f be 0e 92 0f 01 0e 02 0f 7a 33 9b   |.............z3.|
00e1f0  1e 37 b1 03 01 15 00 0f c5 00 9c 0e a7 06 00 15   |.7..............|
00e200  00 0f c5 00 9c 1f 31 c5 00 01 0f 4f 02 9d 0e 27   |......1....O...'|
00e210  0e 00 15 00 0f c5 00 9c 0e 31 0e 00 15 00 0f c5   |.........1......|
00e220  00 9c 0e 00 09 00 15 00 0f c5 00 9c 0e 0a 09 00   |................|
00e230  15 00 0f 21 14 92 2f 31 5f 20 06 04 0f 21 14 90   |...!../1_ ...!..|
00e240  1e 31 87 18 02 15 00 0f 53 08 92 0e fa 02 00 15   |.1......S.......|
00e250  00 0f bb 00 92 0e f0 02 00 15 00 0f bb 00 92 1f   |................|
00e260  37 bb 00 01 0f af 38 52 0f 70 04 38 1f 37 70 04   |7.....8R.p.8.7p.|
00e270  01 0f c5 00 26 05 09 00 00 97 40 01 43 ea 10 5a   |....&.....@.C..Z|
00e280  93 ef 00 88 41 20 6f 6e 67 61 1e 0f cd 00 24 d4   |....A onga....$.|
00e290  4a 8f 24 1f 91 62 42 4a 0f 08 70 04 05 68 42 3f   |J.$..bBJ..p..hB?|
00e2a0  35 39 2e b2 00 01 10 20 95 00 bf 53 63 72 69 70   |59..... ...Scrip|
00e2b0  74 2f 57 53 2e 48 24 00 01 00 9f 67 0f 2b e8 10   |t/WS.H$....g.+..|
00e2c0  00 0d 00 0f ef c1 0d 30 d7 25 44 bb 61 0f 91 ee   |.......0.%D.a...|
00e2d0  18 1f bb 24 6d 08 13 05 ed b0 0f 8c ee 19 2f 61   |...$m........./a|
00e2e0  02 8c ee 11 04 1e 00 0f b8 f1 03 17 15 e9 49 15   |..............I.|
00e2f0  45 27 00 28 00 11 0f 00 40 3a 3a 4e 61 99 65 00   |E'.(....@::Na.e.|
00e300  a4 00 0f c2 ee 0b 1c 0c aa db 0e 79 00 0c db c6   |...........y....|
00e310  0b 79 00 1a 12 79 00 6f 4d 69 6e 4a 69 65 7a 00   |.y...y.oMinJiez.|
00e320  10 1f 0b 7a 00 3d 20 5a 68 18 74 0f 7a 00 10 1f   |...z.= Zh.t.z...|
00e330  0f 7a 00 17 1f 17 7a 00 03 1a 13 7a 00 30 4c 69   |.z....z....z.0Li|
00e340  4c 8e 74 0f 7b 00 10 1e 07 7b 00 0f e8 01 2b 01   |L.t.{....{....+.|
00e350  85 67 0f 79 00 10 09 78 f4 00 f5 d8 0f 89 f2 1a   |.g.y...x........|
00e360  1f bd 08 03 0c 0e 51 00 0f 0a 03 77 0f 22 01 15   |......Q....w."..|
00e370  1f 5b 0a 03 66 1e 54 15 02 0f fd 03 53 1f 2b 09   |.[..f.T.....S.+.|
00e380  03 67 1f 12 fe 03 66 09 df 2a 00 4c 07 0f f2 f3   |.g....f..*.L....|
00e390  1a 14 31 f6 05 60 72 63 68 69 76 65 36 00 51 69   |..1..`rchive6.Qi|
00e3a0  62 75 74 65 6d 6b 33 4d 61 70 e1 ee 15 70 3a 00   |butemk3Map...p:.|
00e3b0  18 91 0d 70 08 d7 00 0e aa 06 09 b0 6d 07 db 00   |...p........m...|
00e3c0  ca 48 65 61 6c 74 68 00 96 a5 6f 45 10 1a 00 9b   |.Health...oE....|
00e3d0  46 6f 6f 64 00 a8 63 a9 42 01 02 ba 57 61 74 65   |Food..c.B...Wate|
00e3e0  72 00 dd 95 b3 42 1a 19 00 60 43 75 72 4d 61 78   |r....B...`CurMax|
00e3f0  b1 68 00 d5 78 00 77 a6 2a 42 14 22 00 09 1c 00   |.h..x.w.*B."....|
00e400  0f 81 ef 15 0f 72 f3 12 2f 45 05 45 04 07 1f 0a   |.....r../E.E....|
00e410  72 f3 16 2f ef 04 72 f3 17 0f 58 02 0b 1f 19 58   |r../..r...X....X|
00e420  02 03 1b 15 c6 03 23 61 78 80 01 00 bf 00 05 db   |......#ax.......|
00e430  00 0e 64 08 03 f5 72 2f 8c 3f d7 02 3a 6f 41 74   |..d...r/.?..:oAt|
00e440  74 61 63 6b 7c 00 3d 0f ce 03 13 7f 44 65 66 65   |tack|.=.....Defe|
00e450  6e 73 65 7d 00 3d 1f 18 7d 00 03 1d 14 78 01 02   |nse}.=..}....x..|
00e460  c6 02 0f 7e 00 3c 1f 1a 7e 00 03 1d 16 7e 00 21   |...~.<..~....~.!|
00e470  46 75 46 ea 0f 7b 01 63 00 80 00 00 dc 03 0f 7d   |FuF..{.c.......}|
00e480  00 65 14 54 41 06 0f 7d 00 61 3f 48 75 58 7d 00   |.e.TA..}.a?HuX}.|
00e490  3e 1f 1b 7d 00 03 1e 17 fa 00 7f 65 6e 61 63 69   |>..}.......enaci|
00e4a0  74 79 81 00 66 05 81 05 0f 81 00 1e 10 12 47 55   |ty..f.........GU|
00e4b0  62 42 61 69 42 61 6e 16 05 01 52 be 0f fe 7b 0c   |bBaiBan...R...{.|
00e4c0  0f 98 f4 ff ff ff ff fe 0f 86 f2 ff fe 0f ab f6   |................|
00e4d0  ff fe 0f d4 f0 ff ff 85 0f c4 ee ff fe 0f e7 f2   |................|
00e4e0  ff ff 02 0f 2a fb ff ff ff b4 0f 98 f4 ff fd 0f   |....*...........|
00e4f0  b6 ef ff ff ff ff 71 0f 18 f9 ff ff ff ff d2 0f   |......q.........|
00e500  cc f1 ff ff bc 0f 30 ec ff ff c1 0f 36 fa ff fe   |......0.....6...|
00e510  0f 5d e9 ff ff fe 0f c9 f1 ff ff fe 0f 38 fa ff   |.]...........8..|
00e520  fe 0f 96 f4 ff ff ff b7 0f cf 02 1a 4f 75 6e 50   |............OunP|
00e530  61 3b 0b 9c 3f 40 5e 91 98 f4 ff ff ff ff 8c 11   |a;..?@^.........|
00e540  10 b8 8d 23 75 72 6c 00 0f 6f 38 0d 11 0b 98 8b   |...#url..o8.....|
00e550  4e 6f 64 4e 47 f5 01 09 a5 16 0c 87 00 01 05 46   |NodNG..........F|
00e560  f1 00 43 87 01 00 39 87 01 00 2f 87 01 00 25 87   |..C...9.../...%.|
00e570  01 63 bb 10 11 04 00 05 56 00 6f 42 61 63 6b 75   |.c......V.oBacku|
00e580  70 5c 00 04 2f 79 03 51 02 07 00 e7 3e 0e 47 00   |p\../y.Q....>.G.|
00e590  0f 50 02 03 26 1e 03 14 26 11 4e eb a8 52 6c 47   |.P..&...&.N..RlG|
00e5a0  69 66 74 35 00 0e 49 02 00 42 01 0f e6 01 0e 01   |ift5..I..B......|
00e5b0  b6 8a 0f bf 00 0b 1e 08 1b 01 06 e1 22 27 4d 87   |............"'M.|
00e5c0  1b 8f 0f 72 00 0e 1f 32 72 00 30 1f 43 72 00 1a   |...r...2r.0.Cr..|
00e5d0  1f 28 72 00 30 1f 39 72 00 1a 1f 1e 72 00 30 1f   |.(r.0.9r....r.0.|
00e5e0  2f 72 00 1a 1f 14 72 00 30 1f 25 72 00 1a 1f 0a   |/r....r.0.%r....|
00e5f0  72 00 30 1f 1b 72 00 1a 1f 00 72 00 30 18 11 72   |r.0..r....r.0..r|
00e600  00 0c 75 03 0f 42 04 0d 05 39 00 04 5f 00 00 d9   |..u..B...9.._...|
00e610  26 0e 00 c6 0f 89 00 12 00 0b c4 09 50 00 01 84   |&...........P...|
00e620  8f 01 e8 8b 0f 79 b9 07 2f 05 c6 79 b9 05 23 01   |.....y../..y..#.|
00e630  c6 99 b1 01 42 00 0f 96 4b 0a 24 39 45 96 4b 1f   |....B...K.$9E.K.|
00e640  87 f8 8d 66 1c 2e a8 00 1b 1c 8c 4b 0c 20 00 06   |...f.......K. ..|
00e650  dc 00 3f 44 61 6f 91 b9 07 26 fb 43 ec 3d 0c 2f   |..?Dao...&.C.=./|
00e660  00 0f 0e bd 02 01 1f 00 8e 45 6e 74 72 69 65 73   |.........Entries|
00e670  00 71 01 2f b3 43 9b 2b 08 1e 01 43 00 0f 29 00   |.q./.C.+...C..).|
00e680  01 26 63 43 72 4a 05 2c 00 1e 79 8f 00 14 06 20   |.&cCrJ.,..y.... |
00e690  00 0f b5 01 01 24 0b 02 b5 01 1f 99 b5 01 68 21   |.....$........h!|
00e6a0  50 5f a1 00 20 5f 4a bf 94 62 6f 75 5f 34 5f 32   |P_.. _J..bou_4_2|
00e6b0  22 00 9f 35 31 38 33 38 37 37 00 60 70 4f 01 01   |"..5183877.`pO..|
00e6c0  34 00 02 06 00 00 31 03 10 2f a6 12 13 2f 43 00   |4.....1../.../C.|
00e6d0  51 2f 43 75 69 44 bf 4e 0d 5a 00 0f 6f 00 04 01   |Q/CuiD.N.Z..o...|
00e6e0  8c 0a 00 48 4f 10 51 d7 fb 00 3e 00 0f 3d 08 0c   |...HO.Q...>..=..|
00e6f0  13 08 08 07 0f 58 94 26 f1 01 5e ed 5f b0 27 4f   |.....X.&..^._.'O|
00e700  8b 1e 54 52 d4 bc 08 8d 13 69 ec 93 4f 6d 6f 75   |..TR.....i..Omou|
00e710  6e 98 0a 08 23 26 02 09 b4 1f 47 1c b1 14 7f 62   |n...#&....G....b|
00e720  49 73 53 75 6f 44 82 96 15 09 12 09 0f 3a 02 0a   |IsSuoD.......:..|
00e730  2f d1 01 3a 02 81 32 52 6f 74 22 00 9f 33 31 33   |/..:..2Rot"..313|
00e740  33 36 39 32 00 5a 3a 02 1e 0f 54 00 01 0f 69 00   |3692.Z:...T...i.|
00e750  04 0f 00 02 2b ff 01 d7 ea e2 4c ce 49 a9 81 01   |....+.....L.I...|
00e760  57 1f a5 77 24 e7 a4 00 02 11 1f 58 00 02 15 1f   |W..w$......X....|
00e770  01 00 02 f2 1f 33 00 02 89 ff 01 fa 3f c5 28 8e   |.....3......?.(.|
00e780  47 5a 1e 12 41 34 bb c4 b3 7b d4 00 02 11 2f c6   |GZ..A4...{..../.|
00e790  00 00 02 14 1f 02 00 02 4d 15 cb 00 02 1f 97 3a   |........M......:|
00e7a0  06 7a 01 20 00 9f 34 33 34 31 30 37 39 00 56 fe   |.z. ..4341079.V.|
00e7b0  01 2f 1f 34 65 00 02 0f fa 01 2b ff 01 4e 45 2d   |./.4e.....+..NE-|
00e7c0  dd a0 41 be 00 dd 28 1f a3 9b 1c 19 a7 fa 03 3a   |..A...(........:|
00e7d0  1f 03 fa 01 4d 15 db fa 01 1f 9e fa 01 67 02 92   |....M........g..|
00e7e0  01 50 49 74 65 6d 5f db 01 51 4c 6f 74 75 73 5a   |.PItem_..QLotusZ|
00e7f0  4b 04 27 00 00 3d 08 3f 34 00 5f ee 56 0f 00 44   |K.'..=.?4._.V..D|
00e800  00 10 2f 97 4a 1f 2f 54 00 06 0f 6e 00 09 0f 0a   |../.J./T...n....|
00e810  02 2b ff 01 9a 6d c0 a8 b8 4c 2f 25 34 af 3a b5   |.+...m...L/%4.:.|
00e820  df 1b 96 ce 0a 02 11 1f 3c 04 04 15 1f 04 0a 02   |........<.......|
00e830  4d 15 d8 0a 02 1f 9f 0a 02 72 61 53 68 75 59 69   |M........raShuYi|
00e840  54 09 99 10 54 fb bf 02 0a 06 8f 35 30 33 36 32   |T...T......50362|
00e850  37 00 5b 0c 04 0c 7f 59 61 6f 50 69 6e 2f 4f 00   |7.[....YaoPin/O.|
00e860  07 0f 6a 00 0a 0f 07 02 2b ff 01 57 78 1c 2c f0   |..j.....+..Wx.,.|
00e870  45 9a 8a eb 65 ee 80 c6 14 8f f9 07 02 11 1f 10   |E...e...........|
00e880  07 02 15 1f 05 07 02 4d 15 cc 07 02 1f 9b 07 02   |.......M........|
00e890  72 10 4b e8 29 00 d0 01 23 4a 69 24 00 8f 38 33   |r.K.)...#Ji$..83|
00e8a0  33 34 37 36 00 53 03 02 1e 07 4b 00 0f 62 00 06   |3476.S....K..b..|
00e8b0  0f fb 01 2b ff 01 41 1a 78 06 3e 4b e5 ee a1 f8   |...+..A.x.>K....|
00e8c0  3a 99 67 73 32 e3 fb 01 11 1f b3 fb 01 15 1f 06   |:.gs2...........|
00e8d0  fb 01 4d 15 e5 fb 01 1f a0 fb 01 72 f3 01 43 72   |..M........r..Cr|
00e8e0  79 73 74 61 6c 5f 54 69 74 61 6e 69 75 6d 29 00   |ystal_Titanium).|
00e8f0  8f 34 34 34 38 30 31 00 67 00 02 0a 40 6a 75 43   |.444801.g...@juC|
00e900  61 ea 55 21 6f 2f 52 4b 4f 73 68 69 2f 5a 00 08   |a.U!o/RKOshi/Z..|
00e910  0f 76 00 0b 0f 14 02 2b ff 01 ce 23 d2 9e d4 49   |.v.....+...#...I|
00e920  7f 2f 46 eb 19 8b 47 67 fe d9 14 02 11 2f 0d 01   |./F...Gg...../..|
00e930  14 02 14 1f 07 14 02 4d 15 eb 14 02 1f 94 14 02   |.......M........|
00e940  6d 10 44 cc 0f 43 68 69 5f 33 1d 00 8f 39 33 32   |m.D..Chi_3...932|
00e950  35 33 31 00 4a 08 04 0c 00 12 0a 8b 4a 75 2f 51   |531.J.......Ju/Q|
00e960  69 74 61 2f 49 00 0e 59 00 0f eb 01 2b ff 01 a2   |ita/I..Y....+...|
00e970  1b 33 ff 6e 48 97 ed 34 30 df a1 ce c9 f1 82 c3   |.3.nH..40.......|
00e980  01 12 13 08 52 50 8f 4e 61 69 4a 69 75 44 75 2a   |....RP.NaiJiuDu*|
00e990  00 07 33 11 9b 00 bc 57 1f 78 2d 00 0f 2f 50 c3   |..3....W.x-../P.|
00e9a0  1a 02 4c 15 a6 6e 12 1f 93 34 0c 6a 00 f7 0b 12   |..L..n...4.j....|
00e9b0  5f 69 a7 03 24 08 8f 34 39 31 34 31 39 00 41 30   |_i..$..491419.A0|
00e9c0  0c 11 0a 41 00 0d 50 00 03 c0 c4 7f 73 58 69 75   |...A..P.....sXiu|
00e9d0  4c 69 43 b5 03 0b 1f 01 44 12 2d ff 01 8a d7 43   |LiC.....D.-....C|
00e9e0  ff 2c 43 92 fa 88 b0 96 91 49 d2 d0 af 3f 02 12   |.,C......I...?..|
00e9f0  00 3b 02 07 04 59 0d f6 15 18 1f b0 1d 01 f8 00   |.;...Y..........|
00ea00  03 2a 00 2b 00 1b 12 00 72 3a 3a 45 44 4a 50 5a   |.*.+....r::EDJPZ|
00ea10  91 01 1f 32 94 02 14 2f 52 0d 94 02 18 22 10 0e   |...2.../R...."..|
00ea20  26 15 01 75 00 33 4d 61 6b 31 a7 0f 73 a7 1b 0f   |&..u.3Mak1..s...|
00ea30  d5 02 4a 04 ee 04 0f 30 00 ff ff ff ff ff ff ff   |..J....0........|
00ea40  ff ff ff ff ff ff ff ff ff ff ff ff ff ff ff ff   |................|
00ea50  ff ff ff ff ff ff ff ff ff ff ff ff ff ff ff ff   |................|
00ea60  ff ff ff ff ff ff ff 16 09 3b 4a 02 20 44 04 92   |.........;J. D..|
00ea70  76 1f 67 a3 41 08 17 01 43 00 04 6d 47 20 4b 75   |v.g.A...C..mG Ku|
00ea80  13 2f 4f 65 4c 61 6e 6d 45 0a 24 af 2a 4a 31 1f   |./OeLanmE.$.*J1.|
00ea90  8b 4a 31 67 0e ac 00 0f 71 45 36 2f 9e 29 71 45   |.J1g....qE6/.)qE|
00eaa0  3b 2f 56 29 a6 89 0b 0f 71 45 11 2f 06 29 71 45   |;/V)....qE./.)qE|
00eab0  30 24 60 05 b9 01 1f 92 03 33 6e 00 d7 3e 23 5f   |0$`......3n..>#_|
00eac0  35 6a 45 8f 35 31 39 34 31 38 00 43 02 33 10 00   |5jE.519418.C.3..|
00ead0  0a 00 19 2f 44 00 0c 52 00 01 03 49 03 98 94 51   |.../D..R...I...Q|
00eae0  53 68 75 58 69 12 94 0e 97 01 2f b7 02 10 4f 0b   |ShuXi...../...O.|
00eaf0  0f 47 00 02 0f e3 6e 01 08 48 00 02 29 00 0f 0e   |.G....n..H..)...|
00eb00  d4 06 16 0c 24 00 0e 48 d9 0c 88 f8 00 d5 00 b6   |....$..H........|
00eb10  44 61 6d 61 67 65 44 65 63 00 0d 3b 00 0f 87 f8   |DamageDec..;....|
00eb20  12 11 09 22 f9 6f 6f 5a 75 6f 46 75 ab 45 0b 11   |...".ooZuoFu.E..|
00eb30  08 c9 db 5f 69 59 75 61 6e af 4e 14 0f c7 00 0d   |..._iYuan.N.....|
00eb40  04 c5 33 01 b4 33 10 42 0d 4f 64 57 65 61 6b 65   |..3..3.B.OdWeake|
00eb50  6e 0a 88 04 07 8b 0f d4 00 1b 1f 80 d4 00 6a 09   |n.............j.|
00eb60  e3 da 06 9b 01 0f c4 00 1a 4f 34 33 e9 42 c4 00   |.........O43.B..|
00eb70  49 0f fe 35 59 ff 01 9d 49 a3 f5 16 45 17 14 71   |I..5Y...I...E..q|
00eb80  98 97 9e 44 b7 fa ab 1a 48 16 0f fe 35 40 1f 33   |...D....H...5@.3|
00eb90  fe 35 14 2f 68 10 fe 35 18 2f 68 10 92 38 4c 1f   |.5./h..5./h..8L.|
00eba0  b4 8f 05 7a 47 75 6e 5f 35 bf 46 2f 31 30 8f 05   |...zGun_5.F/10..|
00ebb0  14 39 75 6e 2f 44 00 0c 52 00 0f 8f 05 15 1f c1   |.9un/D..R.......|
00ebc0  8f 05 34 1f 69 8f 05 38 15 15 cb 3a 04 f4 03 2f   |..4.i..8...:.../|
00ebd0  75 6e 92 05 23 3f 33 33 73 92 05 ff 3f 18 16 fa   |un..#?33s...?...|
00ebe0  94 00 5f 8f 10 57 d2 00 13 4a 03 dd 0f 9f 01 1c   |.._..W...J......|
00ebf0  2f 93 3e 99 05 b5 ff 01 c0 37 c7 bd 9d 4b 6e 92   |/.>......7...Kn.|
00ec00  9f 43 ea 90 b5 34 a8 17 b3 4b 16 0f 99 05 40 1f   |.C...4...K....@.|
00ec10  34 99 05 14 2f b9 14 99 05 18 2f f0 15 97 3b 13   |4.../...../...;.|
00ec20  1d 1d 97 3b 10 10 95 98 02 98 3b 8f 5d 20 54 6f   |...;......;.] To|
00ec30  72 76 65 6e e3 05 4b 24 13 06 e3 05 1f 95 72 0b   |rven..K$......r.|
00ec40  71 00 1c 03 04 e6 05 9f 32 32 39 31 38 31 36 00   |q.......2291816.|
00ec50  4c 75 0b 13 00 3b 00 1c 2f 4a 00 0e 5b 00 0f ef   |Lu...;../J..[...|
00ec60  05 16 1f 88 3d 58 08 1f 04 ef 05 18 2f 30 03 7e   |....=X....../0.~|
00ec70  0b ff d3 14 1c 32 00 19 18 9b 01 cf 49 6e 63 41   |.....2......IncA|
00ec80  67 61 69 6e 73 74 44 75 f2 05 1b 4f cd cc cc 3d   |gainstDu...O...=|
00ec90  4f 0c ad 4f 00 40 26 43 b6 06 b5 ff 01 1b 18 a1   |O..O.@&C........|
00eca0  c3 d8 44 65 b3 15 37 1f ba 4d 91 13 ee 69 50 16   |..De..7..M...iP.|
00ecb0  0f b6 06 40 1f 36 b6 06 14 2f fc 15 b6 06 18 3f   |...@.6.../.....?|
00ecc0  70 17 00 42 06 21 24 93 04 42 06 1f 98 42 06 6f   |p..B.!$..B...B.o|
00ecd0  50 53 75 53 68 65 a1 46 28 5f 32 45 06 3f 31 00   |PSuShe.F(_2E.?1.|
00ece0  50 ec 50 16 1e 42 4b 00 0f 5f 00 03 21 00 16 02   |P.P..BK.._..!...|
00ecf0  06 41 72 55 73 65 43 00 5f 5a 69 44 61 6e 64 a6   |.ArUseC._ZiDand.|
00ed00  06 15 65 60 44 0f af 57 51 0f e4 06 14 2f 1c 01   |..e`D..WQ..../..|
00ed10  46 81 0b 0f e4 06 15 2f c4 00 e4 06 37 0f 78 04   |F....../....7.x.|
00ed20  31 3f cc cc 73 c7 10 75 1f 02 78 04 2d ff 01 5f   |1?..s..u..x.-.._|
00ed30  49 86 44 39 4a 41 28 94 ba 5d ba 4a 79 96 9a e7   |I.D9JA(..].Jy...|
00ed40  52 16 0f 2e 0b 68 1f ad 2e 0b 19 2f 80 16 2e 0b   |R....h...../....|
00ed50  39 0f c2 04 20 2f 0b 06 79 49 78 00 eb 73 24 5f   |9... /..yIx..s$_|
00ed60  36 9a 4f 7f 37 35 33 38 38 00 46 32 04 11 00 39   |6.O.75388.F2...9|
00ed70  00 1a 2f 46 00 0d 55 00 0f fc 0a ff ff ff 5d 3f   |../F..U.......]?|
00ed80  00 30 43 84 06 b5 ff 01 f0 5b 0f 8e de 40 a0 a5   |.0C......[...@..|
00ed90  ae 4f ef be 4f 69 8b 01 61 57 16 0f 4b 17 68 2f   |.O..Oi..aW..K.h/|
00eda0  6a 0d 4b 17 1c 0f 3a 06 20 24 e8 03 3a 06 1f 96   |j.K...:. $..:...|
00edb0  3a 06 6a 02 93 51 65 5f 47 61 6f 5a 69 25 17 8f   |:.j..Qe_GaoZi%..|
00edc0  37 38 34 32 35 36 00 49 cf 51 13 0d 46 00 0e 58   |784256.I.Q..F..X|
00edd0  00 0f 58 0a ee 00 d5 02 0f 58 0a 4a 0f a5 03 2a   |..X......X.J...*|
00ede0  ff 01 bd 90 44 3d 19 49 45 b3 60 0c 3b a8 80 99   |....D=.IE.`.;...|
00edf0  84 15 ff 58 16 0f a5 03 68 1f 8a a1 0e 19 2f 58   |...X....h...../X|
00ee00  1b 29 0a 13 1d 1b 29 0a 18 0e 29 0a 3f 42 72 79   |.)....)...).?Bry|
00ee10  55 15 4c 2f 0a 04 e4 55 70 06 bf 03 00 77 20 05   |U.L/...Up....w .|
00ee20  fb 5f 7f 32 31 30 35 33 00 45 15 04 1d 01 44 00   |._.21053.E....D.|
00ee30  0e 54 00 0f 11 04 ed 4f ff ff d1 41 e5 07 74 1f   |.T.....O...A..t.|
00ee40  04 e5 07 2d ff 01 fa 85 30 65 e5 49 2e 0b 42 98   |...-....0e.I..B.|
00ee50  ea 9f 49 0f 43 61 44 5b 16 0f 2e 55 68 2f b3 0e   |..I.CaD[...Uh/..|
00ee60  40 04 18 2f c0 12 2e 55 8d 2e b1 01 bc b7 0f 8a   |@../...U........|
00ee70  0e 66 44 48 6f 6f 6b 1a 00 7f 39 37 33 31 37 00   |.fDHook...97317.|
00ee80  3d 01 58 19 00 3f 00 0b 4c 00 0f a0 02 2b ff 01   |=.X..?..L....+..|
00ee90  51 ab cb b8 00 48 60 56 ed eb 8c ac e5 b7 cf f2   |Q....H`V........|
00eea0  d0 5b 16 0f 4b 02 13 2f da 02 4b 02 18 3f 20 03   |.[..K../..K..? .|
00eeb0  00 0e 57 51 1f c7 47 68 71 08 df 63 10 65 24 8a   |..WQ..Ghq..c.e$.|
00eec0  05 32 5c 7f 34 39 32 36 39 39 38 5d 15 0e 31 4a   |.2\.4926998]..1J|
00eed0  69 61 d0 14 0f 4a 00 01 0e 5f 00 0f 38 5c 30 ff   |ia...J..._..8\0.|
00eee0  01 73 e4 47 e2 55 4b 43 60 c4 65 d4 a1 35 95 37   |.s.G.UKC`.e..5.7|
00eef0  e1 23 5e 11 1f 2c 23 5e 15 1f 09 23 5e 30 0e 09   |.#^..,#^...#^0..|
00ef00  00 22 00 00 2c 83 11 5a 89 8b 3f 42 65 69 e5 2a   |."..,..Z..?Bei.*|
00ef10  0d 24 46 3a 1c 02 1f 8d 1c 02 67 0e ae 00 0f e7   |.$F:......g.....|
00ef20  2a 38 2f 33 39 e7 2a 3b 2f eb 38 0f 76 0b 0f e7   |*8/39.*;/.8.v...|
00ef30  2a 11 2f 9b 38 e7 2a 30 0f 07 04 1d 2f 3c 0b 4e   |*./.8.*0..../<.N|
00ef40  6c 73 f7 02 5a 42 5f 59 69 46 75 5f 44 4c 43 42   |ls..ZB_YiFu_DLCB|
00ef50  6f 73 73 5f 32 20 5e 4f 32 38 00 66 4f 68 0f 00   |oss_2 ^O28.fOh..|
00ef60  d3 00 70 2f 45 71 75 69 70 2f 42 00 01 a7 00 02   |..p/Equip/B.....|
00ef70  4b 00 1f 2f 60 00 01 0f 75 00 04 01 dc 01 63 47   |K../`...u.....cG|
00ef80  61 69 5a 61 6f a9 09 1e 00 ee 01 1f 61 73 0a 0c   |aiZao.......as..|
00ef90  0e 44 00 1e 0f 2a 00 26 09 01 c1 23 00 2d 00 01   |.D...*.&...#.-..|
00efa0  ef 02 00 bb b1 4e 49 6e 66 6f f6 01 01 ee 78 19   |.....NInfo....x.|
00efb0  5a 11 b2 09 0e 09 17 2e 10 24 15 45 50 00 04 80   |Z........$.EP...|
00efc0  00 2f 00 2a 17 00 01 01 bb 99 00 59 bb 24 5a 68   |./.*.......Y.$Zh|
00efd0  36 2f 55 58 69 53 68 75 7c b2 14 4d 82 04 09 c5   |6/UXiShu|..M....|
00efe0  08 19 3d 99 00 01 c7 00 10 21 53 77 f0 08 34 32   |..=......!Sw..42|
00eff0  42 31 36 31 33 34 46 37 42 44 45 35 43 41 46 46   |B16134F7BDE5CAFF|
00f000  36 45 39 41 43 0a 00 f2 02 32 33 45 39 00 fb ff   |6E9AC....23E9...|
00f010  ff ff c5 88 07 59 cd 91 cf 91 11 07 02 d1 00 0f   |.....Y..........|
00f020  59 15 11 19 40 e5 75 0f 17 0c 10 2f ab 05 a1 79   |Y...@.u..../...y|
00f030  0f 0f 17 0c 11 2f 53 05 17 0c 37 18 0e 6c 77 06   |...../S...7..lw.|
00f040  0a b8 0f 27 10 1a 3f c0 da 43 bf 14 69 18 0c 5b   |...'..?..C..i..[|
00f050  00 0f 51 16 23 2f e6 41 c1 00 69 09 ec 17 10 53   |..Q.#/.A..i....S|
00f060  22 c2 8f 59 69 6e 52 61 74 69 6f 47 16 1c 1f 4c   |"..YinRatioG...L|
00f070  35 27 4a 0f 4b 02 50 3f cc cc 4c 0a 17 14 1f 01   |5'J.K.P?..L.....|
00f080  4b 02 83 0f c1 00 ad 00 fe 16 0f 0c 03 3d 1f 01   |K............=..|
00f090  45 02 26 8f 53 70 65 65 64 52 61 74 c3 00 1b 4f   |E.&.SpeedRat...O|
00f0a0  0a d7 a3 bc c3 00 49 17 0f 1d 78 02 53 07 1e 00   |......I...x.S...|
00f0b0  ec 05 17 59 bb 11 0b e0 08 2e 00 01 27 cb 0e 46   |...Y........'..F|
00f0c0  0c 05 6c 0a 15 2f 23 07 01 a1 12 20 5a 5f be a8   |..l../#.... Z_..|
00f0d0  5a 59 75 5f 33 2e 0f 00 03 29 08 00 ea 0f 51 50   |ZYu_3....)....QP|
00f0e0  72 65 43 61 15 c2 0d a5 b9 17 22 42 2d 15 45 64   |reCa......"B-.Ed|
00f0f0  00 03 2e 00 2d 00 1e 16 00 00 aa 10 af 5a 42 43   |....-........ZBC|
00f100  5a 5f 48 65 69 54 69 84 24 5b ff 01 e0 b5 31 95   |Z_HeiTi.$[....1.|
00f110  58 45 56 84 fc 38 5f b4 b3 1f 98 d5 3a 2b 69 0f   |XEV..8_.....:+i.|
00f120  84 24 15 1f 72 88 19 19 2f e4 1b 0c 20 6c 0f 6b   |.$..r.../... l.k|
00f130  0b 78 4f 4b 75 5a 69 6b 0b 03 1f 37 6b 0b 32 0a   |.xOKuZik...7k.2.|
00f140  60 00 0e 75 00 0f 6b 0b ff ff 96 1f a8 6b 0b ff   |`..u..k......k..|
00f150  ff ff ff ff ff 49 ff 01 b6 7c 41 e0 88 4f a1 7c   |.....I...|A..O.||
00f160  07 06 40 a0 41 d2 fe fc ef 2f 91 1f c8 6b 0b 9a   |..@.A..../...k..|
00f170  24 1d 08 6b 0b 1f 9c 6b 0b 6d 00 a0 bf 3f 54 61   |$..k...k.m...?Ta|
00f180  6f 6e 0b 03 3f 36 00 6c 6e 0b 30 0d 63 00 0f 7b   |on..?6.ln.0.c..{|
00f190  00 07 0f d3 09 15 2f 22 04 a2 d1 0b 0f d3 09 15   |....../"........|
00f1a0  2f ca 03 d3 09 7b 2f 80 09 d3 09 6a 18 0b 3c 1e   |/....{/....j..<.|
00f1b0  03 8c cd 0f d2 09 99 0f 0b 09 b0 0f 83 01 2d 0f   |..............-.|
00f1c0  c0 00 6d 0a 5b 24 8f 65 6e 44 75 53 61 6e 52 0d   |..m.[$.enDuSanR.|
00f1d0  09 1d 2f 20 41 4a 08 6e 1f 5b 4a 08 0d 1f 52 4a   |../ AJ.n.[J...RJ|
00f1e0  08 26 54 59 61 6e 4b 61 5e 35 08 10 00 0f 4c 08   |.&TYanKa^5....L.|
00f1f0  bf ff 01 3f e7 a5 97 0c 4b 0a d3 d3 64 b6 b1 1a   |...?....K...d...|
00f200  5a 07 28 c3 33 69 0f 4c 08 15 1f 5c 4c 08 9a 15   |Z.(.3i.L...\L...|
00f210  3f b7 13 1f 9a 4c 08 6d 3f 58 69 65 b8 13 05 3f   |?....L.m?Xie...?|
00f220  30 00 68 4a 08 30 0b 61 00 0e 77 00 0f ba 13 ff   |0.hJ.0.a..w.....|
00f230  ff 96 2f 80 09 ba 13 ff 75 1f cc ba 13 ff ff ff   |../.....u.......|
00f240  ff bf ff 01 ad 3f dd 6f b6 4b bf 8e f5 d8 12 86   |.....?.o.K......|
00f250  1d 07 bd e4 ad 38 69 0f a9 43 16 0f 6e 0b 9a 2f   |.....8i..C..n../|
00f260  ba 06 d3 8e 70 02 f7 0a 5f 4a 69 65 5a 68 6f 0b   |....p..._JieZho.|
00f270  04 3f 31 00 6a 6f 0b 30 0c 62 00 0e 79 00 0f b7   |.?1.jo.0.b..y...|
00f280  13 1c 1f 5e 5d 3f 34 1f 06 b7 13 7d 1f 3b b7 13   |...^]?4....}.;..|
00f290  ff ff 8f 0f e9 06 bc ff 01 b2 f4 54 c6 87 43 ca   |...........T..C.|
00f2a0  be 1c 0a ef a5 3f ef 21 af f1 3b 69 0f e9 06 15   |.....?.!..;i....|
00f2b0  2f df 0c e9 06 99 2f c3 06 cd 99 70 04 e0 11 12   |/...../....p....|
00f2c0  61 d9 10 0f ec 06 01 00 9c 5c 1f 70 5b 12 32 0d   |a........\.p[.2.|
00f2d0  65 00 0e 7f 00 0f f2 06 ff ff ff ff 6c ff 01 bf   |e...........l...|
00f2e0  18 fb 82 3e 49 24 eb 88 fe 7c af 42 9f d6 55 a3   |...>I$...|.B..U.|
00f2f0  3e 69 0f f2 06 15 1f f0 db 0d 7d 0e 7c 3a 04 5f   |>i........}.|:._|
00f300  65 30 52 61 6e e2 99 0e 7a 3a 0e bf 38 06 34 02   |e0Ran...z:..8.4.|
00f310  4f 50 65 69 46 94 f6 0d 24 ab 19 48 07 1f 88 48   |OPeiF...$..H...H|
00f320  07 67 0d a9 00 1b 1d a7 3a 0d 21 00 16 12 df 00   |.g......:.!.....|
00f330  6f 4d 61 6b 69 6e 67 aa 3a 05 26 98 18 b3 18 0e   |oMaking.:.&.....|
00f340  31 00 0d 01 00 1c 15 27 00 0f b4 3a 07 2f 48 18   |1......'...:./H.|
00f350  75 5e 0b 0e 4b 00 0f bc 3a 07 13 e5 6b b4 1c 16   |u^..K...:...k...|
00f360  34 00 3f 52 65 70 c7 3a 04 1f 13 5f 00 01 1f 79   |4.?Rep.:..._...y|
00f370  5d 00 01 2f 94 07 32 00 0a 0d 01 00 14 11 9a 04   |]../..2.........|
00f380  03 75 01 0e 38 53 0c 6d 02 04 cc 04 00 54 01 0e   |.u..8S.m.....T..|
00f390  f3 03 0b 97 43 30 ff ff 0c d1 02 af 65 71 75 65   |....C0......eque|
00f3a0  73 74 65 72 49 44 71 04 23 0c 01 00 02 aa 06 0f   |sterIDq.#.......|
00f3b0  97 03 06 18 09 2c 00 14 ff b8 01 00 31 00 01 67   |.....,......1..g|
00f3c0  f2 0f 1f 05 0c 04 9c 01 7f 53 61 74 69 73 66 79   |.........Satisfy|
00f3d0  37 00 19 10 15 34 04 5f 75 69 4c 69 65 36 00 19   |7....4._uiLie6..|
00f3e0  14 09 9d 00 2f 69 6d b6 1a 0d 05 7e 01 51 53 74   |..../im....~.QSt|
00f3f0  61 72 74 31 00 01 a8 04 5d 6f 75 62 6c 65 7d af   |art1....]ouble}.|
00f400  09 96 3d 01 e6 01 3f 61 73 73 35 00 16 10 07 5d   |..=...?ass5....]|
00f410  3f 5e 52 65 61 64 79 59 3f 09 5b 00 00 83 3f 42   |?^ReadyY?.[...?B|
00f420  52 65 6e 57 13 3e 0e 2c 00 09 bd 00 10 62 88 00   |RenW.>.,.....b..|
00f430  20 42 79 95 a2 2e 44 69 2d 00 0a 3a 0a bf 62 4e   | By...Di-..:..bN|
00f440  65 65 64 57 6f 72 6b 65 72 2b 00 09 13 10 df 00   |eedWorker+......|
00f450  62 45 66 66 65 63 74 7c 19 1e 0f 68 02 2f 0c 01   |bEffect|...h./..|
00f460  2f 00 07 0d 01 00 17 0e 95 01 02 23 00 0f 9a 01   |/..........#....|
00f470  0c 04 4a 03 00 da 00 3f 48 61 6f 34 00 12 13 13   |..J....?Hao4....|
00f480  34 00 41 43 68 61 6e 2e 1d 0f 36 00 12 04 c0 00   |4.AChan...6.....|
00f490  02 0e 07 0f 33 00 12 13 12 33 00 04 fb 06 0f 35   |....3....3.....5|
00f4a0  00 12 09 bf 08 21 50 72 d4 02 0f be 07 3c 36 31   |.....!Pr.....<61|
00f4b0  00 10 5c 00 0f 98 07 0f 06 cb ee 05 7a 00 0f 09   |..\.........z...|
00f4c0  b3 04 1f 57 58 dc 0c 0e 46 00 0f 56 dc 0a 0f eb   |...WX...F..V....|
00f4d0  0c 11 16 14 ca 00 03 04 02 0f 7a 40 10 12 08 3f   |..........z@...?|
00f4e0  03 4f 4c 6f 6f 70 3a 03 0d 00 24 00 00 a8 00 24   |.OLoop:...$....$|
00f4f0  53 74 54 19 09 41 0a 17 25 54 02 10 45 2c 00 04   |StT..A..%T..E,..|
00f500  a5 05 02 30 00 01 52 1f 0e 18 00 e5 3a 3a 45 4c   |...0..R.....::EL|
00f510  4d 4c 53 5f 4e 6f 72 6d 61 6c dd 05 00 28 00 0f   |MLS_Normal...(..|
00f520  ba 04 10 17 0d 2f 00 0f 58 04 16 00 8c 02 01 bf   |...../..X.......|
00f530  04 8f 43 6f 6f 6c 64 6f 77 6e 3a 00 16 13 15 6f   |..Cooldown:....o|
00f540  00 bf 46 69 6e 69 73 68 65 64 4c 6f 67 a5 00 10   |..FinishedLog...|
00f550  10 0f b2 6e 21 65 65 f8 00 0f 7e 44 0d 04 a0 00   |...n!ee...~D....|
00f560  61 41 72 6f 75 6e 64 c1 05 0f 33 00 11 11 1d 12   |aAround...3.....|
00f570  0c 71 73 74 43 68 65 63 6b 36 00 00 49 45 02 3a   |.qstCheck6..IE.:|
00f580  00 0f de 00 16 0d 11 0a 0f f7 07 ff ff ff ff ff   |................|
00f590  ff ff ff ff ff ff ff ff ff ff eb 0e 11 1a 04 a0   |................|
00f5a0  00 01 d5 1b 0f 0f 1a 17 10 14 ca 1c 1f 68 a3 7f   |.............h..|
00f5b0  12 0a 35 00 01 be 2e 1f 4a 6a 00 18 10 16 46 1c   |..5.....Jj....F.|
00f5c0  70 70 63 6f 6d 69 6e 67 04 01 5f 44 65 63 61 79   |ppcoming.._Decay|
00f5d0  03 01 14 33 f0 bf 18 48 01 52 55 70 64 61 74 bd   |...3...H.RUpdat.|
00f5e0  6b 00 93 1a 0f 40 00 0e 8f c0 cb 97 82 9b 19 3f   |k....@.........?|
00f5f0  41 58 1b 03 01 e7 04 81 75 43 68 6f 75 53 68 69   |AX......uChouShi|
00f600  46 d3 0f 4c 00 09 80 30 30 bc f8 e8 1a 3c 41 34   |F..L...00....<A4|
00f610  01 00 f5 00 60 6c 65 74 65 64 59 85 c6 1f 6f 6c   |....`letedY...ol|
00f620  04 04 1f 40 da c6 05 00 67 00 f0 1a d3 00 00 00   |...@....g.......|
00f630  f4 00 00 00 fb 00 00 00 ec 00 00 00 d8 00 00 00   |................|
00f640  d9 00 00 00 d5 00 00 00 f6 00 00 00 f7 00 00 00   |................|
00f650  e8 00 00 00 eb 06 c7 00 ee 58 00 63 c1 43 00 00   |.........X.c.C..|
00f660  00 db 57 02 05 83 00 ff 00 5f 4e 65 77 54 75 74   |..W......_NewTut|
00f670  6f 72 69 61 6c 5f 49 44 8c 00 04 1f e0 8c 00 05   |orial_ID........|
00f680  10 37 2a fa f1 cd bf 20 0d 0d c0 20 0d 92 bf 20   |.7*.... ... ... |
00f690  0d e8 bf 20 0d eb bf 20 0d 91 bf 20 0d 93 bf 20   |... ... ... ... |
00f6a0  0d 95 bf 20 0d ed bf 20 0d 99 bf 20 0d e4 bf 20   |... ... ... ... |
00f6b0  0d 9a bf 20 0d 00 c0 20 0d 96 bf 20 0d d4 bf 20   |... ... ... ... |
00f6c0  0d e5 bf 20 0d d2 bf 20 0d e3 bf 20 0d 0c c0 20   |... ... ... ... |
00f6d0  0d d5 bf 20 0d d8 bf 20 0d 0b c0 20 0d a2 bf 20   |... ... ... ... |
00f6e0  0d d3 bf 20 0d 94 bf 20 0d c1 bf 20 0d ff bf 20   |... ... ... ... |
00f6f0  0d d6 bf 20 0d 02 c0 20 0d 08 c0 20 0d 9f bf 20   |... ... ... ... |
00f700  0d a3 bf 20 0d da bf 20 0d c9 bf 20 0d db bf 20   |... ... ... ... |
00f710  0d 9e bf 20 0d d9 bf 20 0d d7 bf 20 0d f4 bf 20   |... ... ... ... |
00f720  0d f1 bf 20 0d c8 bf 20 0d c2 bf 20 0d a5 bf 20   |... ... ... ... |
00f730  0d b5 bf 20 0d a6 bf 20 0d cd bf 20 0d ce bf 20   |... ... ... ... |
00f740  0d af bf 20 0d dd bf 20 0d f8 bf 20 0d f3 bf 20   |... ... ... ... |
00f750  0d dc bf 20 0d bd bf 20 0d bc bf 20 0d df bf 20   |... ... ... ... |
00f760  0d 15 e5 01 20 6e 63 ba 1c 8f 50 72 6f 67 72 65   |.... nc...Progre|
00f770  73 73 24 01 04 1f 50 af e7 0c 0f 4b 00 06 1e 0f   |ss$...P....K....|
00f780  31 00 17 ee 9b 04 0c 34 00 01 b7 c8 0e 10 57 07   |1......4......W.|
00f790  2a 00 05 bf 0a 00 09 00 0d b4 db 01 4d 03 0c 5e   |*...........M..^|
00f7a0  1d 42 5f 42 6f 72 5f c9 04 67 00 02 cc 20 0f 34   |.B_Bor_..g... .4|
00f7b0  fd 13 0f 7d 00 0f 09 fc 21 32 48 55 44 92 ce 0f   |...}....!2HUD...|
00f7c0  71 00 19 09 7c 03 01 89 1e 70 6c 61 79 65 72 47   |q...|....playerG|
00f7d0  75 69 b4 0f ad 21 0e 00 19 00 33 69 76 65 a1 07   |ui...!....3ive..|
00f7e0  9f 69 7a 65 43 6f 64 65 49 64 cb 01 04 18 31 55   |.izeCodeId....1U|
00f7f0  24 07 52 00 05 4f c0 aa 32 30 32 36 30 33 30 32   |$.R..O..20260302|
00f800  30 31 0f 00 1a 32 0f 00 18 33 c6 84 11 41 1f 01   |01...2...3...A..|
00f810  2f 49 44 19 cf 21 13 23 76 f5 00 fb 0c 00 5c 1f   |/ID..!.#v.....\.|
00f820  13 1a 68 02 00 96 07 00 60 dd 2f 42 75 5e 00 0c   |..h.....`./Bu^..|
00f830  1f 38 5e 00 05 13 0d 2e ce 10 27 81 3c 21 00 00   |.8^.......'.<!..|
00f840  72 09 10 34 aa f3 03 1c 37 13 1b 31 04 13 1c 86   |r..4....7..1....|
00f850  00 53 24 00 00 00 3d 70 02 20 49 73 cd cb 02 7a   |.S$...=p. Is...z|
00f860  00 0f 14 5b 09 01 44 d0 ef 48 69 64 65 43 6f 6e   |...[..D..HideCon|
00f870  66 69 72 6d 42 6f 78 2f 00 09 10 16 90 07 72 75   |firmBox/......ru|
00f880  6c 74 69 4d 61 70 e5 01 00 f3 02 3f 4d 61 70 2a   |ltiMap.....?Map*|
00f890  03 01 13 e1 e7 0d 0f 35 00 07 0f f9 d1 02 04 1d   |.......5........|
00f8a0  00 02 aa 21 15 70 4f 00 2f 90 10 fa 01 03 0f c5   |...!.pO./.......|
00f8b0  09 05 04 cd 62 0c 50 03 25 00 17 77 d1 cf 65 64   |....b.P.%..w..ed|
00f8c0  4d 61 70 51 69 6e 67 42 61 6f f0 03 05 22 89 0a   |MapQingBao..."..|
00f8d0  4f 00 0f 36 00 08 0d 01 00 0f 2c 00 08 0e 00 02   |O..6......,.....|
00f8e0  2f 6a 06 9d 04 07 00 db 01 0f af 00 1b 2f 04 06   |/j.........../..|
00f8f0  83 00 09 3f 55 6e 69 b1 5b 04 00 f8 07 8f 57 65   |...?Uni.[.....We|
00f900  6e 4f 72 64 65 72 ea 03 14 0f 37 00 17 1f 03 37   |nOrder....7....7|
00f910  00 23 1f 02 37 00 5a 1f 00 6e 00 5a 0f 13 01 92   |.#..7.Z..n.Z....|
00f920  0f 4a 01 92 1f 02 4a 01 fe 0f 6e 00 fe 0f 39 03   |.J....J...n...9.|
00f930  ff 11 08 30 06 31 54 61 6e 4f 63 2f 61 6e b3 06   |...0.1TanOc/an..|
00f940  04 2f e8 02 b3 08 04 13 b9 78 07 13 02 e2 04 13   |./.......x......|
00f950  04 63 00 04 f9 29 00 b8 be 62 2b 00 00 00 29 00   |.c...)...b+...).|
00f960  3e 40 71 2c 00 00 00 2d 00 00 69 40 13 42 eb 08   |>@q,...-..i@.B..|
00f970  10 4d 13 0e 00 97 00 00 48 16 03 14 08 13 19 df   |.M......H.......|
00f980  08 13 31 eb 08 10 20 30 28 03 69 d6 10 32 ba 00   |..1... 0(.i..2..|
00f990  21 00 00 44 cb 31 5c 00 00 23 4a 13 90 36 0f 13   |!..D.1\..#J..6..|
00f9a0  1a 7f 08 13 17 12 73 10 4a 60 0d 00 14 08 30 00   |......s.J`....0.|
00f9b0  00 00 03 14 50 6b 00 00 00 6e 63 4c c0 00 00 00   |....Pk...ncL....|
00f9c0  ac 00 00 00 ab 00 00 00 ae 13 09 21 00 00 97 fe   |...........!....|
00f9d0  00 9a 16 13 b8 c9 c4 00 dc 00 00 af f3 40 8f 00   |.............@..|
00f9e0  00 00 e8 63 40 8e 00 00 00 a6 76 10 92 48 0a 03   |...c@.....v..H..|
00f9f0  7b 09 f1 04 47 01 00 00 56 01 00 00 4b 01 00 00   |{...G...V...K...|
00fa00  53 01 00 00 3e 01 00 7d 0c f0 0a 5b 01 00 00 54   |S...>..}...[...T|
00fa10  01 00 00 49 01 00 00 13 01 00 00 07 01 00 00 04   |...I............|
00fa20  01 00 00 ed 05 0f f0 0d 00 00 00 ef 00 00 00 c5   |................|
00fa30  00 00 00 71 00 00 00 89 00 00 00 83 00 00 00 7c   |...q...........||
00fa40  00 00 00 79 54 e1 80 00 00 00 77 00 00 00 6d a5   |...yT.....w...m.|
00fa50  6d 00 fb 0e 40 00 00 00 82 ce 57 f3 05 00 00 00   |m...@.....W.....|
00fa60  75 00 00 00 7a 00 00 00 8c 01 00 00 8b 01 00 00   |u...z...........|
00fa70  26 48 08 13 51 81 0a 13 14 a9 0c 00 1d 13 10 59   |&H..Q..........Y|
00fa80  19 02 00 39 17 21 00 00 4d 46 00 0f cd 00 28 7c   |...9.!..MF....(||
00fa90  00 5e 57 00 ab 43 00 41 38 50 a8 00 00 00 af d0   |.^W..C.A8P......|
00faa0  32 00 48 00 f3 01 01 00 00 10 01 00 00 11 01 00   |2.H.............|
00fab0  00 4f 01 00 00 b0 61 0b 10 1b db c9 f2 1a 01 00   |.O....a.........|
00fac0  00 33 01 00 00 39 01 00 00 3a 01 00 00 67 01 00   |.3...9...:...g..|
00fad0  00 66 01 00 00 71 01 00 00 6d 01 00 00 6c 01 00   |.f...q...m...l..|
00fae0  00 4e 01 00 00 55 01 af 0a 10 45 5b 0c 00 62 f5   |.N...U....E[..b.|
00faf0  00 4a c2 b0 00 00 00 a1 00 00 00 a5 00 00 00 cc   |.J..............|
00fb00  31 10 a4 fa 3e 00 81 2d 00 0c 02 52 01 00 00 2b   |1...>..-...R...+|
00fb10  01 02 66 f0 02 2a 01 00 00 2e 01 00 00 4d 01 00   |..f..*.......M..|
00fb20  00 4c 01 00 00 a6 0c 02 f0 05 01 00 00 1f 01 00   |.L..............|
00fb30  00 1e 01 00 00 58 00 00 00 7d 00 00 00 3e 69 3a   |.....X...}...>i:|
00fb40  03 52 db 00 47 cb 00 6a 38 00 6d 90 00 51 43 d3   |.R..G..j8.m..QC.|
00fb50  62 01 00 00 5e 01 00 00 5c 01 00 00 ce 78 0f 31   |b...^...\....x.1|
00fb60  e7 00 00 b4 fc f0 09 03 01 00 00 02 01 00 00 51   |...............Q|
00fb70  01 00 00 6e 01 00 00 73 01 00 00 bf 00 00 00 16   |...n...s........|
00fb80  d6 50 7e 00 00 00 f3 06 fd 61 00 00 00 d2 00 00   |.P~......a......|
00fb90  33 7c a2 48 01 00 00 52 01 00 00 6f 01 4c 02 03   |3|.H...R...o.L..|
00fba0  65 03 0f 2f 03 10 1f 58 e2 0b 05 00 9b 01 00 88   |e../...X........|
00fbb0  44 00 88 7c 53 b7 00 00 00 b4 f9 13 00 c3 72 10   |D..|S.........r.|
00fbc0  94 28 18 12 01 30 c5 90 28 01 00 00 44 01 00 00   |.(...0..(...D...|
00fbd0  42 7b 00 f3 05 01 00 00 1b 01 00 00 cf 00 00 00   |B{..............|
00fbe0  c7 00 00 00 e3 00 00 00 e1 f6 18 58 01 01 00 00   |...........X....|
00fbf0  45 ae 91 17 13 d6 03 6f 43 68 69 48 6f 75 a3 00   |E......oChiHou..|
00fc00  04 1f 78 a3 00 05 17 1d ce 03 04 45 3d 13 04 d2   |..x........E=...|
00fc10  03 04 df c3 13 0d de 03 13 0c 22 02 13 0f 6f 15   |.........."...o.|
00fc20  13 0e 82 0b 13 12 7e 03 13 0a 92 03 13 1c d2 03   |......~.........|
00fc30  13 1d 4e 02 13 16 ae 02 13 15 b2 02 13 17 24 00   |..N...........$.|
00fc40  00 bf 0c 80 76 65 64 41 72 65 61 43 f8 2e 6f 53   |....vedAreaC..oS|
00fc50  6f 6e 67 4d 65 66 01 05 1f 04 b1 3d 08 04 b1 0f   |ongMef.....=....|
00fc60  03 52 00 9f 54 72 61 6e 73 44 6f 6f 72 4b 00 04   |.R..TransDoorK..|
00fc70  1f f4 d3 fe 0c 0f 4b 00 06 1e 0f 31 00 17 93 5d   |......K....1...]|
00fc80  13 02 34 00 05 33 00 0e 95 45 04 8e 0b 05 23 00   |..4..3...E....#.|
00fc90  0f a0 2f 26 f0 02 d6 56 bf a8 ec 4e c0 db f6 c9   |../&...V...N....|
00fca0  21 90 7d ef 2a 16 15 d6 04 05 57 00 af 50 72 65   |!.}.*.....W..Pre|
00fcb0  66 65 72 65 6e 63 65 31 69 12 10 14 93 05 8f 69   |ference1i......i|
00fcc0  6e 53 68 69 46 75 48 eb 02 0a 2f f2 02 6a 11 0b   |nShiFuH.../..j..|
00fcd0  0f 4a 00 05 1e 0f 30 00 26 92 02 39 01 0b 33 00   |.J....0.&..9..3.|
00fce0  0f c7 0c 03 0f d0 30 2a f3 02 d1 a7 0b f8 52 44   |......0*......RD|
00fcf0  ee 90 d3 ea 08 bd 8d a8 67 c3 05 27 11 0e 6c 1c   |........g..'..l.|
00fd00  1f 45 aa 46 03 f3 25 41 43 42 34 30 33 34 37 34   |.E.F..%ACB403474|
00fd10  45 44 41 44 36 42 41 31 45 34 38 36 46 42 46 39   |EDAD6BA1E486FBF9|
00fd20  42 34 39 32 46 42 30 00 f7 ff ff ff d1 9e f3 77   |B492FB0........w|
00fd30  16 5d 57 90 f9 8f 30 57 ab 5b 31 40 03 41 4c 6f   |.]W...0W.[1@.ALo|
00fd40  63 61 a9 0f 0f c3 1a 01 07 29 11 20 56 65 4b 2f   |ca.......). VeK/|
00fd50  0e bc 00 d1 38 2d 60 48 3c 6d ea c7 37 be f6 46   |....8-`H<m..7..F|
00fd60  13 9a 04 10 69 f1 cd 00 45 15 7f 53 65 63 6f 6e   |....i...E..Secon|
00fd70  64 73 00 15 0a 8f f0 dd d1 7b 67 12 3e 41 fc 74   |ds.......{g.>A.t|
00fd80  33 ff 01 65 c1 7e 21 c8 46 c2 35 f0 9b af 83 f5   |3..e.~!.F.5.....|
00fd90  01 f6 87 49 01 1e fe 12 33 39 39 31 30 45 45 36   |...I....39910EE6|
00fda0  34 37 32 39 31 45 33 46 37 33 39 42 46 34 39 36   |47291E3F739BF496|
00fdb0  34 37 44 30 41 31 42 33 00 49 01 1f 32 49 01 34   |47D0A1B3.I..2I.4|
00fdc0  cf a1 b3 59 48 f0 a3 b1 c7 ba 6e 0f 47 49 01 20   |...YH.....n.GI. |
00fdd0  67 50 35 d0 64 ea 14 49 01 0f d8 1f 03 50 46 69   |gP5.d..I.....PFi|
00fde0  72 73 74 09 11 5f 4d 75 73 69 63 49 03 04 1f 26   |rst.._MusicI...&|
00fdf0  e8 12 05 14 02 00 dd 80 50 5f 53 68 69 70 5f 30   |........P_Ship_0|
00fe00  38 42 09 11 00 00 0f 38 11 0f 49 16 cf 6e 74 72   |8B.....8..I..ntr|
00fe10  6f 6c 6c 65 64 50 61 77 6e ce 01 23 f0 01 f8 2e   |olledPawn..#....|
00fe20  c9 f1 da 4b da 3d 39 0e f2 82 d7 40 55 df 32 00   |...K.=9....@U.2.|
00fe30  01 ef 18 5f 4f 6e 6c 69 6e a8 17 0f 94 62 91 ed   |..._Onlin....b..|
00fe40  7c c4 88 18 41 10 f8 00 55 43 72 65 61 74 f9 1e   ||...A...UCreat..|
00fe50  00 6c 06 2e 36 34 37 00 84 70 37 2a 5f db 9d de   |.l..647..p7*_...|
00fe60  08 38 01 50 00 00 00 00 00                        |.8.P.....|