000000  02 00 00 00 4d f9 08 00 f2 19 02 00 00 00 0b 00   |....M...........|
000010  00 00 5a 68 75 52 65 6e 47 75 69 64 00 0f 00 00   |..ZhuRenGuid....|
000020  00 53 74 72 75 63 74 50 72 6f 70 65 72 74 79 00   |.StructProperty.|
000030  10 00 01 00 41 05 00 00 00 24 00 0d 01 00 f1 17   |....A....$......|
000040  73 a9 43 c8 30 4a 2d aa 29 d5 cf a5 28 b0 cd a4   |s.C.0J-.)...(...|
000050  13 00 00 00 48 4a 53 42 61 6f 47 75 6f 43 6f 6d   |....HJSBaoGuoCom|
000060  70 6f 6e 65 6e 74 5c 00 47 4f 62 6a 65 5c 00 23   |ponent\.GObje\.#|
000070  f9 24 43 00 f4 08 03 68 00 00 00 2f 47 61 6d 65   |.$C....h.../Game|
000080  2f 4d 61 70 73 2f 4c 65 76 65 6c 30 31 08 00 68   |/Maps/Level01..h|
000090  5f 4d 61 69 6e 2e 0d 00 b1 3a 50 65 72 73 69 73   |_Main....:Persis|
0000a0  74 65 6e 74 17 00 fe 0b 2e 48 50 6c 61 79 65 72   |tent.....HPlayer|
0000b0  53 74 61 74 65 5f 32 31 34 37 32 32 37 31 31 36   |State_2147227116|
0000c0  2e 48 89 00 10 1c 6c 00 bc 53 63 72 69 70 74 2f   |.H....l..Script/|
0000d0  57 53 2e 48 20 00 00 f2 00 02 14 00 9f 44 61 6f   |WS.H ........Dao|
0000e0  4a 75 4c 69 73 74 19 01 01 22 da 23 bc 00 0f 2f   |JuList...".#.../|
0000f0  00 01 0d 01 00 41 0d 00 00 00 1f 00 f5 02 45 6e   |.....A........En|
000100  74 72 69 65 73 00 0e 00 00 00 41 72 72 61 79 50   |tries.....ArrayP|
000110  00 13 92 50 00 1e 0f 6b 00 2f 00 54 43 00 01 1e   |...P...k./.TC...|
000120  0f 29 00 13 42 44 00 18 0b 2c 00 1e 79 8f 00 14   |.)..BD...,..y...|
000130  06 20 00 0f 96 01 01 24 39 05 96 01 1f 73 96 01   |. .....$9....s..|
000140  45 f0 03 42 50 5f 48 6f 6e 67 4a 69 6e 67 53 68   |E..BP_HongJingSh|
000150  69 32 30 5f 43 1e 00 95 34 34 35 37 39 35 35 00   |i20_C...4457955.|
000160  53 77 00 b1 42 6c 75 65 70 72 69 6e 74 73 2f af   |Sw..Blueprints/.|
000170  00 02 06 00 77 4d 69 61 6e 4a 75 2f 42 00 1c 2f   |....wMianJu/B../|
000180  51 00 1e 2e 62 00 10 00 98 02 50 43 75 6e 44 61   |Q...b.....PCunDa|
000190  13 00 51 75 58 69 6e 67 ac 01 0e 8a 01 2f a2 02   |..QuXing...../..|
0001a0  8a 01 07 3f 03 00 00 49 00 05 1e 0f 2f 00 18 48   |...?...I..../..H|
0001b0  4a 00 02 2b 00 03 39 00 0e 94 01 16 0c 24 00 62   |J..+..9......$.b|
0001c0  4e 61 6d 65 00 0c 4f 00 05 4c 00 14 12 29 00 11   |Name..O..L...)..|
0001d0  0e 29 00 d6 65 6e 67 59 69 6e 52 61 74 69 6f 00   |.)..engYinRatio.|
0001e0  0d 3b 00 51 56 61 6c 75 65 23 00 46 46 6c 6f 61   |.;.QValue#.FFloa|
0001f0  8a 00 14 04 3e 00 50 fd 1f e7 bd 09 c1 00 71 61   |....>.P.......qa|
000200  6f 5a 75 6f 46 75 68 00 2e 49 6e 2a 00 01 01 00   |oZuoFuh..In*....|
000210  bf 08 00 00 00 4c 61 69 59 75 61 6e 29 00 0b 00   |.....LaiYuan)...|
000220  34 02 4f 4e 6f 6e 65 c7 00 0e 14 0b 32 00 10 07   |4.ONone.....2...|
000230  84 02 20 75 4b 0c 01 0f c0 00 19 4f cf ce 60 3f   |.. uK......O..`?|
000240  c0 00 69 18 0c 5b 00 7f 4d 61 78 54 69 4c 69 c1   |..i..[..MaxTiLi.|
000250  00 1a 4f 41 81 0c 40 c1 00 49 00 9e 02 ff 03 45   |..OA..@..I.....E|
000260  71 75 69 70 65 64 4d 4a 4e 6f 64 65 43 6c 61 73   |quipedMJNodeClas|
000270  73 e9 03 01 14 4b 3c 00 2f 09 46 72 03 01 03 67   |s....K<./.Fr...g|
000280  03 90 47 61 69 5a 68 75 61 6e 67 65 03 52 4d 4a   |..GaiZhuange.RMJ|
000290  47 5a 5f 19 00 3c 5f 31 2e 11 00 21 5f 43 a4 00   |GZ_..<_1...!_C..|
0002a0  bf 42 47 47 72 69 64 49 6e 64 65 78 b4 00 0b 00   |.BGGridIndex....|
0002b0  0d 00 1f 55 77 06 25 f1 02 0f 01 a4 fb 70 44 cb   |...Uw.%......pD.|
0002c0  1e c6 ad e8 9c 19 f0 cf c7 08 7a 00 0f 76 00 10   |..........z..v..|
0002d0  00 79 02 52 50 69 6e 5a 68 b8 01 45 42 79 74 65   |.y.RPinZh..EByte|
0002e0  29 00 17 1f b0 05 11 45 6d 04 03 2a 00 2b 00 1b   |)......Em..*.+..|
0002f0  12 00 81 3a 3a 45 44 4a 50 5a 5f e9 04 16 34 7f   |...::EDJPZ_...4.|
000300  01 09 8c 01 0f 68 05 0a 1f 44 68 05 5d 22 31 38   |.....h...Dh.]"18|
000310  68 05 5f 33 31 31 38 35 68 05 31 2e 31 38 62 00   |h._31185h.1.18b.|
000320  0f 68 05 18 1f ad 68 05 36 1f 53 68 05 38 14 16   |.h....h.6.Sh.8..|
000330  29 00 00 71 05 00 de 03 90 57 61 6b 65 6e 4a 69   |)..q.....WakenJi|
000340  61 6e 10 01 0f eb 03 1a 4f e0 12 41 3d ac 04 69   |an......O..A=..i|
000350  0f 33 06 34 4f e9 8a ab bc 73 05 76 3f 59 61 6e   |.3.4O....s.v?Yan|
000360  34 06 1e 4f a3 6d 56 3f 73 05 f0 1f 02 73 05 2d   |4..O.mV?s....s.-|
000370  ff 01 86 e6 d8 9f 0b 45 c5 25 e8 c3 e9 a4 8c 3a   |.......E.%.....:|
000380  44 2a 73 05 12 1f 01 73 05 78 1f 49 db 0a 64 00   |D*s....s.x.I..d.|
000390  73 05 4f 37 36 37 33 db 0a 6e 1f a4 73 05 36 1f   |s.O7673..n..s.6.|
0003a0  4a db 0a 7f 3f 17 88 cd db 0a 6a 14 0e 32 00 12   |J...?.....j..2..|
0003b0  0a 1b 0a 6f 48 65 61 6c 74 68 c3 00 1a 4f bc 0c   |...oHealth...O..|
0003c0  09 41 9e 0b a9 3f 93 47 5b 6a 05 74 15 59 6a 05   |.A...?.G[j.t.Yj.|
0003d0  15 54 74 03 d1 41 64 64 69 74 69 6f 6e 4d 61 70   |.Tt..AdditionMap|
0003e0  30 31 82 03 13 50 78 05 3f 61 73 6b 76 05 08 2d   |01...Px.?askv..-|
0003f0  30 2e 12 00 0f eb 0a 5a ff 01 e3 a9 15 af 96 4d   |0......Z.......M|
000400  df 56 10 ce ac ae ab 7b 06 ab 78 05 12 1f 02 78   |.V.....{..x....x|
000410  05 78 2f c0 03 eb 0a 5d 17 31 78 05 2f 36 30 eb   |.x/....].1x./60.|
000420  0a 30 1e 31 62 00 0f 78 05 18 2f 1b 01 78 05 07   |.0.1b..x../..x..|
000430  1f 01 78 05 1a 2f c1 00 78 05 37 0f 59 09 2d 00   |..x../..x.7.Y.-.|
000440  01 00 1f 40 ef 03 fe 0f 67 09 2e ff 01 d2 af 83   |...@....g.......|
000450  a4 93 4a 82 48 f9 b4 18 b9 0b 70 39 88 ef 03 12   |..J.H.....p9....|
000460  1f 03 ef 03 43 1f 31 ef 03 21 03 ed 02 0f 30 00   |....C.1..!....0.|
000470  ff ff ff ff ff ff ff ff ff ff ff ff ff ff d7 05   |................|
000480  09 00 06 ff 23 20 52 6f b6 11 00 43 11 0f a5 0f   |....# Ro...C....|
000490  06 00 9c 10 09 50 0f 10 16 2a 12 a1 75 74 6f 43   |.....P...*..utoC|
0004a0  6f 6c 6c 65 63 74 82 00 02 e4 10 0e 44 12 35 87   |ollect......D.5.|
0004b0  60 03 fa 11 0b a1 00 7f 00 d9 08 00 00 09 5b fa   |`.............[.|
0004c0  10 0f d2 49 74 65 6d 2f 4d 61 74 65 72 69 61 6c   |...Item/Material|
0004d0  fb 12 10 5f 14 00 cf 5f 53 68 69 70 46 75 65 6c   |..._..._ShipFuel|
0004e0  5f 31 2e 16 00 02 2f 5f 43 60 00 34 2f 32 2e 16   |_1..../_C`.4/2..|
0004f0  00 02 0f 60 00 36 2f 33 2e 16 00 02 00 60 00 1f   |...`.6/3.....`..|
000500  65 60 00 14 00 36 00 03 5c 00 00 0b 00 40 5f 50   |e`...6..\....@_P|
000510  72 6f 6e 01 bf 69 6c 65 5f 43 61 6e 6e 6f 6e 2e   |ron..ile_Cannon.|
000520  1d 00 09 0e ca 00 0f 6a 00 22 04 88 01 0d 18 00   |.......j."......|
000530  0f 60 00 34 1f 32 60 00 04 01 8a 01 1f 79 60 00   |.`.4.2`......y`.|
000540  2f ff 02 4c 69 67 68 74 53 70 65 61 72 54 75 72   |/..LightSpearTur|
000550  72 65 74 2e 27 00 13 0f a8 01 34 7f 45 6e 65 72   |ret.'.....4.Ener|
000560  67 79 2e 1d 00 09 00 6a 00 1f 61 6a 00 14 31 57   |gy.....j..aj..1W|
000570  75 51 11 16 02 50 00 52 4c 61 73 65 72 ed 01 7f   |uQ...P.RLaser...|
000580  42 75 6c 6c 65 74 2e 1b 00 07 00 66 00 1f 54 7d   |Bullet.....f..T}|
000590  16 0c 01 5e 00 50 47 6f 6e 67 2f 66 20 36 54 6f   |...^.PGong/f 6To|
0005a0  75 6b 00 20 4e 75 13 00 02 f8 1d 0a 12 00 0f 59   |uk. Nu.........Y|
0005b0  00 33 2d 32 2e 12 00 0f 59 00 33 2d 33 2e 12 00   |.3-2....Y.3-3...|
0005c0  0f 59 00 33 2d 34 2e 12 00 00 59 00 1f 5e 59 00   |.Y.3-4....Y..^Y.|
0005d0  29 7c 50 61 6f 44 61 6e 57 69 01 07 17 00 0f 63   |)|PaoDanWi.....c|
0005e0  00 38 09 73 01 07 17 00 0f 63 00 38 09 7d 01 07   |.8.s.....c.8.}..|
0005f0  17 00 0f 63 00 38 1f 34 63 00 03 01 8c 01 1f 72   |...c.8.4c......r|
000600  63 00 0c 10 47 46 19 11 75 65 00 63 5a 75 6f 54   |c...GF..ue.cZuoT|
000610  61 69 c5 03 00 71 00 50 5a 68 75 5f 43 97 17 72   |ai...q.PZhu_C..r|
000620  53 6f 6e 67 4d 65 6e 85 16 1f 2e 21 00 0d 00 77   |SongMen....!...w|
000630  00 1f 56 da 00 11 57 54 6f 75 5a 68 cc 03 df 50   |..V...WTouZh...P|
000640  69 67 6d 65 6e 74 5f 42 61 73 65 2e 16 00 02 0f   |igment_Base.....|
000650  5b 00 2f 2e 6c 75 5b 00 01 16 00 00 5b 00 1f 58   |[./.lu[.....[..X|
000660  5b 00 2a 5f 72 6f 77 6e 2e 17 00 03 0f 5d 00 2e   |[.*_rown.....]..|
000670  4e 47 72 65 65 5d 00 02 17 00 00 5d 00 1f 5a 5d   |NGree].....]..Z]|
000680  00 29 5e 4f 72 61 6e 67 17 01 03 18 00 0f 5f 00   |.)^Orang......_.|
000690  2e 5e 50 75 72 70 6c 5f 00 03 18 00 0e 8a 04 0f   |.^Purpl_........|
0006a0  5f 00 1c 4f 52 65 64 2e 15 00 01 0f b8 00 2e 7f   |_..ORed.........|
0006b0  59 65 6c 6c 6f 77 2e 18 00 04 0f 8b 02 2e 3e 47   |Yellow........>G|
0006c0  6f 6c b9 00 01 16 00 0f 8b 02 2f 5f 6c 61 63 6b   |ol......../_lack|
0006d0  2e 17 00 03 0f b8 00 2e 3e 50 69 6e 5c 00 01 16   |........>Pin\...|
0006e0  00 0f b8 00 2e 4e 57 68 69 74 29 02 02 17 00 00   |.....NWhit).....|
0006f0  5d 00 1f 60 5d 00 29 af 53 61 6e 64 63 6f 6c 6f   |]..`].).Sandcolo|
000700  72 2e 1b 00 07 00 65 00 1f 43 65 00 11 30 4d 61   |r.....e..Ce..0Ma|
000710  6f 62 00 00 0c 00 42 5f 4d 61 6f ac 06 06 0e 00   |ob....B_Mao.....|
000720  00 48 00 1f 4f 48 00 11 57 51 75 61 6e 54 4c 00   |.H..OH..WQuanTL.|
000730  03 10 00 07 50 00 05 12 00 0e b9 01 0f 31 06 1a   |....P........1..|
000740  03 11 00 08 56 07 05 13 00 00 5b 00 1f 4d 7f 09   |....V.....[..M..|
000750  15 00 e9 09 00 9d 00 60 65 61 70 6f 6e 5f 0f 00   |.......`eapon_..|
000760  02 47 07 09 11 00 00 52 00 1f 3d ad 00 11 04 e7   |.G.....R..=.....|
000770  00 58 48 6f 6f 6b 2e 0d 00 00 42 00 1f 50 ef 00   |.XHook....B..P..|
000780  16 04 3a 00 50 43 68 61 6e 67 12 00 07 42 01 07   |..:.PChang...B..|
000790  14 00 0f 98 01 0f b0 6a 75 43 61 69 4c 69 61 6f   |.......juCaiLiao|
0007a0  2f 4b 90 1e 32 73 68 69 16 00 02 c4 0c 34 43 6c   |/K..2shi.....4Cl|
0007b0  61 c9 0a 05 10 00 00 54 00 1f 55 54 00 29 69 6f   |a......T..UT.)io|
0007c0  61 6c 4f 72 65 57 00 02 13 00 00 5a 00 1f 51 5a   |alOreW.....Z..QZ|
0007d0  00 2a 39 6e 63 68 58 00 00 11 00 00 56 00 1f 59   |.*9nchX.....V..Y|
0007e0  56 00 2a 4d 70 70 65 72 b2 00 03 15 00 0f 0e 01   |V.*Mpper........|
0007f0  2e 69 72 79 73 74 61 6c 5c 00 02 13 00 0f 0e 01   |.irystal\.......|
000800  2d 44 46 6c 69 6e fa 0c 06 11 00 0f b0 00 2d 00   |-DFlin........-.|
000810  b0 05 0b 0c 01 03 13 00 00 5a 00 1f 53 5a 00 29   |.........Z..SZ.)|
000820  59 79 70 73 75 6d 59 00 01 12 00 0f c0 01 2d 89   |YypsumY.......-.|
000830  48 75 67 65 53 74 6f 6e b4 00 05 15 00 0a 0b 04   |HugeSton........|
000840  0f 5e 00 1f 29 49 63 58 00 2f 49 63 12 02 2e 4b   |.^..)IcX./Ic...K|
000850  49 72 6f 6e 62 01 03 13 00 00 5a 00 1f 57 5a 00   |Ironb.....Z..WZ.|
000860  28 79 4b 61 6c 6c 61 69 74 5b 00 04 14 00 0a da   |(yKallait[......|
000870  0f 0f 5c 00 1f a8 4d 65 74 65 6f 72 69 74 65 73   |..\...Meteorites|
000880  5e 00 06 16 00 0f ce 02 2d 3a 4e 69 74 14 01 01   |^.......-:Nit...|
000890  11 00 0f 12 01 2d 74 4f 62 73 69 64 69 61 55 11   |.....-tObsidiaU.|
0008a0  09 14 00 0f d0 02 2d 2c 4f 69 e7 04 24 4f 69 e6   |......-,Oi..$Oi.|
0008b0  04 1f 5f 58 00 28 9b 50 68 6f 73 70 68 61 74 65   |.._X.(.Phosphate|
0008c0  5e 00 08 18 00 0f 84 02 2d 4b 53 61 6c 74 5f 00   |^.......-KSalt_.|
0008d0  03 13 00 0f 8e 03 2d 4d 53 69 6c 76 4e 05 05 15   |......-MSilvN...|
0008e0  00 0f 26 02 2d 0d e8 03 05 e4 03 0f b4 00 2a 4d   |..&.-.........*M|
0008f0  75 6c 66 75 b4 00 04 15 00 0f 28 02 2d 2c 54 69   |ulfu......(.-,Ti|
000900  ef 03 24 54 69 ee 03 1f 4c 58 00 14 58 5a 68 69   |..$Ti...LX..XZhi|
000910  57 75 55 00 48 42 61 72 6b 53 00 00 10 00 0e 62   |WuU.HBarkS.....b|
000920  08 0f 51 00 19 2b 72 61 5d 07 02 12 00 00 55 00   |..Q..+ra].....U.|
000930  1f 52 55 00 25 69 4c 6f 63 75 73 74 32 04 03 13   |.RU.%iLocust2...|
000940  00 00 57 00 1f 4e 57 00 25 59 46 69 62 65 72 fa   |..W..NW.%YFiber.|
000950  06 00 11 00 0e 79 0d 0f 53 00 18 89 48 61 72 64   |.....y..S...Hard|
000960  57 6f 6f 64 44 06 03 14 00 0e 07 0c 0f 59 00 20   |WoodD........Y. |
000970  0a 9c 16 06 16 00 0f b6 00 2a 00 e6 06 0d b6 00   |.........*......|
000980  03 14 00 0f 5f 02 2a 2a 4e 75 b6 01 2f 4e 75 b3   |...._.**Nu../Nu.|
000990  01 2c 49 52 65 73 69 86 05 01 11 00 0f b2 02 2a   |.,IResi........*|
0009a0  3b 52 75 62 07 02 02 12 00 0f 55 00 2a 4a 54 68   |;Rub......U.*JTh|
0009b0  61 74 07 03 02 12 00 0f 55 00 2a 4a 56 65 72 6d   |at......U.*JVerm|
0009c0  fe 00 02 12 00 0f a3 01 2a 2a 56 69 0a 05 00 10   |........**Vi....|
0009d0  00 0e 53 0d 0f 51 00 18 89 57 69 6c 64 46 72 75   |..S..Q...WildFru|
0009e0  69 54 0a 05 15 00 0f ac 00 2a 0c a4 02 04 a0 02   |iT.......*......|
0009f0  0f 30 14 0d 03 94 13 21 2f 4d 02 0f 0a a8 13 01   |.0.....!/M......|
000a00  14 00 6f 5f 44 69 4a 69 2e 19 00 05 0e 63 0f 0f   |..o_DiJi.....c..|
000a10  63 00 23 15 42 41 08 1e 4a 1a 00 0f 65 00 33 10   |c.#.BA..J...e.3.|
000a20  51 dc 1b 1f 2e 1a 00 06 0f 83 04 2a a8 41 67 61   |Q..........*.Aga|
000a30  76 65 5f 4c 65 61 66 84 01 06 16 00 0f 36 02 2a   |ve_Leaf......6.*|
000a40  3e 41 6c 6f 5c 00 05 15 00 00 5b 00 1f 5c b8 00   |>Alo\.....[..\..|
000a50  2b 4a 46 6c 6f 77 e7 03 08 18 00 0e 15 13 0f bc   |+JFlow..........|
000a60  00 1d 0e 60 00 07 17 00 0e a5 02 0f 5f 00 18 6e   |...`........_..n|
000a70  43 61 63 74 75 73 61 00 0a 19 00 0f 5a 04 2a 02   |Cactusa.....Z.*.|
000a80  4a 00 0e 5c 00 0f d3 01 1f 01 e5 03 0a 62 08 4a   |J..\.........b.J|
000a90  6e 61 6e 61 64 08 00 12 00 0f d3 01 1f 0c 5b 00   |nanad.........[.|
000aa0  00 5c 13 5a 65 41 70 70 6c df 0a 04 15 00 0f 8f   |.\.ZeAppl.......|
000ab0  02 2a 4d 42 6f 6d 62 c5 04 05 15 00 00 5b 00 1f   |.*MBomb......[..|
000ac0  5d 5b 00 1a 4e 53 65 65 64 94 02 00 16 00 0e 92   |][..NSeed.......|
000ad0  02 00 16 00 0e 67 0d 0f 62 00 1e 2e 6c 6f 61 00   |.....g..b...loa.|
000ae0  05 15 00 0e 5d 0c 0f 60 00 1d 03 25 07 0c 62 00   |....]..`...%..b.|
000af0  07 17 00 0f f3 09 1f 0d e2 01 4a 43 6f 63 6f 4f   |..........JCocoO|
000b00  11 2f 63 6f 4c 03 1f 0e 57 00 5c 61 73 68 65 77   |./coL...W.\ashew|
000b10  9d 08 06 16 00 0e 8c 05 0f 9c 02 1f 8a 6f 6d 65   |.............ome|
000b20  67 72 61 6e 61 47 0f 07 17 00 0f 5c 03 30 69 50   |granaG.....\.0iP|
000b30  61 77 70 61 77 60 00 01 12 00 0f ef 0e 19 02 5b   |awpaw`.........[|
000b40  00 49 43 72 6f 70 5a 00 4a 75 6d 70 6b 6c 08 03   |.ICropZ.Jumpkl..|
000b50  13 00 0e 25 0d 0f 5c 00 1e 5a 6f 74 61 74 6f 01   |...%..\..Zotato.|
000b60  10 04 14 00 0e d9 0d 0f 5e 00 1d 39 43 6f 72 b7   |........^..9Cor.|
000b70  00 00 10 00 0e e7 0e 0f b4 00 1e 49 65 61 6e 75   |...........Ieanu|
000b80  0d 04 02 12 00 0f 0e 01 2f 3d 54 6f 6d 0e 01 04   |......../=Tom...|
000b90  14 00 0e 33 0e 0f 0e 01 1e 34 68 69 6c d9 08 06   |...3.....4hil...|
000ba0  11 00 0f 10 01 2f 45 43 6f 74 74 64 22 07 12 00   |...../ECottd"...|
000bb0  0f 7a 02 2f 5a 54 6f 62 61 63 f6 03 03 13 00 0f   |.z./ZTobac......|
000bc0  b6 00 2f 59 51 75 69 6e 6f 8c 06 02 12 00 0f 68   |../YQuino......h|
000bd0  01 19 4c 44 6f 6e 67 47 0e 3a 73 68 52 87 03 03   |..LDongG.:shR...|
000be0  13 00 00 58 00 1f 4b 58 00 26 0b 54 00 03 50 00   |...X..KX.&.T..P.|
000bf0  1f 4f 50 00 29 0a 3e 0e 01 11 00 0f 54 00 2f 1c   |.OP.).>.....T./.|
000c00  33 54 00 1f 33 54 00 2b 2b 42 6c e7 0b 01 11 00   |3T..3T.++Bl.....|
000c10  0f a4 01 2b 2d 42 6c 3c 0f 03 13 00 0f 58 00 31   |...+-Bl<.....X.1|
000c20  1e 33 58 00 1e 33 31 16 0f 58 00 1a 0b a0 12 13   |.3X..31..X......|
000c30  42 9f 12 1f 51 52 00 2a 0b 01 01 01 12 00 0f 56   |B...QR.*.......V|
000c40  00 30 1d 33 56 00 1f 33 fa 02 2b 2a 46 75 97 11   |.0.3V..3..+*Fu..|
000c50  2f 75 72 52 02 2b 00 41 00 1c 32 52 00 1f 32 54   |/urR.+.A..2R..2T|
000c60  00 2f 1c 33 54 00 0f f6 01 2c 3a 48 69 64 7e 18   |./.3T....,:Hid~.|
000c70  2f 69 64 f6 01 2c 01 42 00 1d 32 54 00 1f 32 56   |/id..,.B..2T..2V|
000c80  00 30 1d 33 56 00 1f 33 4c 03 2b 7a 43 61 72 61   |.0.3V..3L.+zCara|
000c90  70 61 78 93 09 01 13 00 0e 56 06 0f 58 00 20 0a   |pax......V..X. .|
000ca0  07 01 05 15 00 0f 06 02 2b 49 53 68 65 6c 95 1b   |........+IShel..|
000cb0  01 11 00 0f 08 01 2b 02 43 00 1e 32 56 00 0f b6   |......+.C..2V...|
000cc0  01 2c 4a 50 6f 69 73 b4 07 02 12 00 0e 58 07 0f   |.,JPois......X..|
000cd0  56 00 1f 0a af 00 04 14 00 0f 0e 03 2c 0b ca 09   |V...........,...|
000ce0  00 10 00 0f b8 02 2c 00 42 00 1d 32 54 00 0f 04   |......,.B..2T...|
000cf0  02 2c 4a 54 6f 6f 74 eb 13 00 11 00 0f 04 02 2b   |.,JToot........+|
000d00  02 43 00 1e 32 56 00 0f 54 01 2c 2a 43 6c 55 08   |.C..2V..T.,*ClU.|
000d10  00 10 00 0f 54 01 2b 2c 43 6c 57 08 02 12 00 0f   |....T.+,ClW.....|
000d20  54 09 2c 4b 65 61 74 68 9d 17 02 13 00 0f 0c 04   |T.,Keath........|
000d30  2b 04 45 00 1f 32 5a 00 01 0f 5c 01 2c 2a 53 68   |+.E..2Z...\.,*Sh|
000d40  2f 10 00 10 00 0f 5a 02 2a 00 cb 41 19 65 58 21   |/.....Z.*..A.eX!|
000d50  01 11 00 0f 54 00 2a 00 b8 0c 19 72 b2 04 01 11   |....T.*....r....|
000d60  00 0f 3f 18 2a 79 4d 75 73 68 72 6f 6f 94 1f 04   |..?.*yMushroo...|
000d70  14 00 00 59 00 1f 62 59 00 2d 0e bb 04 0c 1b 00   |...Y..bY.-......|
000d80  0f 55 18 0f 01 3e 15 01 14 23 09 1b 06 5a 6f 4d   |.U...>...#...ZoM|
000d90  75 48 75 22 0d 03 14 00 00 53 00 1f 48 53 00 1f   |uHu".....S..HS..|
000da0  4b 4d 75 54 61 aa 00 12 54 de 15 1f 46 a0 00 20   |KMuTa...T...F.. |
000db0  38 75 42 75 9c 00 00 10 00 0f 98 00 1c 07 43 06   |8uBu..........C.|
000dc0  2b 6e 67 54 06 02 11 16 1f 4a e5 00 1f 00 74 42   |+ngT.....J....tB|
000dd0  0a 9a 00 02 12 00 0e de 17 0f 4f 00 12 2d 50 69   |..........O..-Pi|
000de0  9e 00 03 13 00 0f 38 01 24 3b 50 69 47 15 14 2f   |......8.$;PiG../|
000df0  47 65 eb 00 24 01 3b 00 1d 32 4d 00 1f 32 1f 02   |Ge..$.;..2M..2..|
000e00  26 1c 42 1f 02 03 fd 17 1f 50 4d 00 1f 4d 59 69   |&.B......PM..MYi|
000e10  6e 67 51 00 05 15 00 0e 42 2a 0f 55 00 1b 0a f6   |ngQ.....B*.U....|
000e20  00 07 17 00 0f e6 01 24 2d 4a 75 ac 00 03 13 00   |.......$-Ju.....|
000e30  0f 86 02 25 3a 75 42 69 36 02 02 12 00 0e 79 14   |...%:uBi6.....y.|
000e40  0f f9 00 19 0b 53 00 06 16 00 0e 69 28 0f 57 00   |.....S.....i(.W.|
000e50  1c 0e 51 01 04 18 00 0f 01 01 24 59 54 61 6e 46   |..Q.......$YTanF|
000e60  65 51 01 02 12 00 0f 4f 00 24 2c 4c 69 4f 00 2f   |eQ.....O.$,LiO./|
000e70  4c 69 4f 00 2a 1d 75 4f 00 00 12 00 0f 9f 01 24   |LiO.*.uO.......$|
000e80  7b 58 69 61 6f 53 68 69 53 00 06 16 00 0f 03 06   |{XiaoShiS.......|
000e90  24 5b 42 65 69 4b 65 55 00 04 14 00 0f e4 03 24   |$[BeiKeU.......$|
000ea0  1c 47 f8 00 14 47 f7 00 1f 4c 4d 00 24 0a 3a 02   |.G...G...LM.$.:.|
000eb0  03 13 00 0f 51 00 2a 1e 33 51 00 1f 33 ef 00 24   |....Q.*.3Q..3..$|
000ec0  3a 43 75 59 d6 03 01 11 00 0f 9e 00 24 02 3c 00   |:CuY........$.<.|
000ed0  1e 32 4f 00 1f 32 37 02 23 00 86 09 69 59 6f 6e   |.2O..27.#...iYon|
000ee0  67 59 6f af 06 06 16 00 0f f5 00 24 3a 46 75 52   |gYo........$:FuR|
000ef0  52 00 01 11 00 0f af 06 24 25 44 75 7e 1e 05 10   |R.......$%Du~...|
000f00  00 0f cf 02 24 5b 46 61 6e 67 46 4f 00 04 14 00   |....$[FangFO....|
000f10  0f 53 00 1c 07 2c 01 01 85 4a 1e 2e 14 00 0f b9   |.S...,...J......|
000f20  06 25 89 4a 75 53 68 69 54 69 61 e7 15 05 15 00   |.%.JuShiTia.....|
000f30  0f 93 01 24 49 48 75 69 4e f8 00 01 11 00 0f bd   |...$IHuiN.......|
000f40  04 23 00 e1 00 0b 18 0a 02 12 00 0f fc 06 25 3b   |.#............%;|
000f50  69 61 6f 18 0a 03 13 00 0f e8 01 24 5b 54 6f 6e   |iao........$[Ton|
000f60  67 44 ab 06 04 14 00 0f a9 06 24 4e 51 69 6e 67   |gD........$NQing|
000f70  57 00 0a 18 00 0f 4e 01 24 2c 58 69 55 00 02 12   |W.....N.$,XiU...|
000f80  00 0f 4e 01 24 3d 54 69 65 fc 00 02 13 00 0f 4e   |..N.$=Tie......N|
000f90  01 24 2e 47 61 f7 00 04 14 00 0f a4 00 23 00 df   |.$.Ga........#..|
000fa0  07 1e 44 4b 08 0f 51 00 28 1e 4a 51 00 16 4a 51   |..DK..Q.(.JQ..JQ|
000fb0  00 1f 52 3e 08 21 79 6f 5a 68 69 4d 75 4a c8 04   |..R>.!yoZhiMuJ..|
000fc0  06 16 00 0f 3a 03 25 4b 75 61 6e 59 03 29 00 12   |....:.%KuanY.)..|
000fd0  00 0f 4f 00 24 4a 5a 68 61 59 28 04 02 12 00 0f   |..O.$JZhaY(.....|
000fe0  4f 00 24 5b 44 75 69 46 65 6d 05 00 12 00 0f 4f   |O.$[DuiFem.....O|
000ff0  00 23 00 c5 03 0b 4f 00 02 12 00 0f 82 09 29 1d   |.#....O.......).|
001000  69 82 09 1f 69 ed 00 25 1c 61 4f 00 02 12 00 0f   |i...i..%.aO.....|
001010  a7 06 24 2a 42 6f 4c 1c 00 10 00 0f cd 02 11 14   |..$*BoL.........|
001020  53 d8 0f 06 4d 2e 4a 6f 54 75 44 40 07 04 14 00   |S...M.JoTuD@....|
001030  0f c2 03 11 0d 51 00 30 4c 69 4d 2a 51 0a 52 00   |.....Q.0LiM*Q.R.|
001040  05 15 00 0f 50 06 11 0d 53 00 36 59 75 54 4b 25   |....P...S.6YuTK%|
001050  07 12 00 0f 8b 01 11 0d 4d 00 2d 52 6f 4e 00 03   |........M.-RoN..|
001060  13 00 0f 40 01 22 3d 4d 6f 47 50 00 04 14 00 0f   |...@."=MoGP.....|
001070  a0 00 22 3c 59 75 4d 59 0b 03 13 00 0f a0 00 22   |.."<YuMY......."|
001080  00 3c 00 0d 48 0d 03 14 00 0e 96 0e 0f 51 00 14   |.<..H........Q..|
001090  10 4d 96 35 0b 87 08 08 18 00 0f 06 05 11 0d 59   |.M.5...........Y|
0010a0  00 6e 53 68 75 48 75 61 1c 11 06 17 00 0f 90 02   |.nShuHua........|
0010b0  21 00 cd 02 59 4e 61 6e 47 75 6c 1e 05 15 00 0e   |!...YNanGul.....|
0010c0  a0 07 0f 53 00 13 10 48 16 2e 3a 43 68 6f ac 00   |...S...H..:Cho..|
0010d0  09 19 00 0f 0e 29 11 0e 3e 03 20 61 4a 1d 28 0f   |.....)..>. aJ.(.|
0010e0  5f 00 03 0d 1d 00 0f 68 01 22 01 46 00 27 6f 4a   |_......h.".F.'oJ|
0010f0  9e 28 0c 17 00 0f bf 01 24 4d 61 53 68 61 57 00   |.(......$MaShaW.|
001100  07 17 00 0f 57 00 22 22 4a 69 e4 56 0b e3 0b 07   |....W.""Ji.V....|
001110  17 00 0f 53 04 22 0e 52 00 06 4d 00 1f 4c 4d 00   |...S.".R..M..LM.|
001120  23 0c 27 1a 02 14 00 0f 51 00 29 0b 9c 44 02 14   |#.'.....Q.)..D..|
001130  00 0f 51 00 25 1e 59 f1 00 02 14 00 0f 56 03 22   |..Q.%.Y......V."|
001140  7b 59 61 6e 52 6f 75 47 03 04 04 15 00 0f ea 01   |{YanRouG........|
001150  22 06 3e 00 0a 9c 11 06 17 00 0f 57 00 2c 1f 33   |".>........W.,.3|
001160  57 00 03 0f 52 01 22 00 40 00 1e 59 00 01 02 14   |W...R.".@..Y....|
001170  00 0f c1 08 26 00 ef 16 0c 98 0c 1f 4d e1 02 23   |....&.......M..#|
001180  7d 47 75 6f 4a 69 75 2e 12 00 0e 58 19 0e 4d 00   |}GuoJiu....X..M.|
001190  7b 59 61 6f 50 69 6e 2f a4 0f 1b 69 fc 09 04 14   |{YaoPin/...i....|
0011a0  00 0f 49 3c 11 0e 52 00 7a 48 75 6f 58 75 65 47   |..I<..R.zHuoXueG|
0011b0  53 00 05 15 00 0e 08 1b 0f 54 00 11 4e 4e 69 6e   |S........T..NNin|
0011c0  67 55 00 06 16 00 0e 08 1b 0f fc 00 13 1e 65 57   |gU............eW|
0011d0  00 09 17 00 0f 54 01 23 10 4c da 18 4e 5a 68 69   |.....T.#.L..NZhi|
0011e0  2e 14 00 0e 16 26 0f 52 00 17 00 70 5c 1a 48 ee   |.....&.R...p\.H.|
0011f0  06 08 18 00 00 5a 00 1f 63 5a 00 1d 00 db 13 50   |.....Z..cZ.....P|
001200  6e 52 65 6e 5a a7 3c 0e 61 00 0f 1f 00 01 0e 36   |nRenZ.<.a......6|
001210  2b 0f 68 00 1d 0b 1b 01 0b 1b 00 0f 22 01 23 01   |+.h.........".#.|
001220  d7 1a 11 4a 04 5d 09 5d 00 08 18 00 0f 26 02 23   |...J.].].....&.#|
001230  10 4b a3 0e 00 18 00 0a f0 11 07 17 00 0f b2 00   |.K..............|
001240  23 00 58 5d 3d 46 65 6e 59 00 08 18 00 0e b0 30   |#.X]=FenY......0|
001250  0f 45 45 17 06 11 00 64 5f 47 6f 75 48 75 e4 02   |.EE....d_GouHu..|
001260  0d 18 00 0e 3e 1c 0f 65 00 22 00 6b 17 0e 66 00   |....>..e.".k..f.|
001270  06 19 00 00 67 00 1f 6a 67 00 2f 11 58 3a 05 17   |....g..jg./.X:..|
001280  58 8e 08 0e 1d 00 04 94 08 1f 66 6f 00 2f 2e 44   |X.........fo./.D|
001290  61 6d 00 0c 1b 00 0f da 00 33 00 69 10 2e 53 68   |am.......3.i..Sh|
0012a0  6d 00 0d 1d 00 00 6f 00 1f 64 6f 00 2f 22 53 68   |m.....o..do./"Sh|
0012b0  3b 04 1f 2e 1a 00 06 00 69 00 1f 70 69 00 1e 6e   |;.......i..pi..n|
0012c0  54 65 53 68 75 2f 55 00 01 7f 1e 0e de 00 0c 1d   |TeShu/U.........|
0012d0  00 0f b8 01 34 21 4d 75 49 0a 3f 58 69 2e 1b 00   |....4!MuI.?Xi...|
0012e0  07 0f 5e 03 34 10 5a 63 14 0e 68 00 03 18 00 0f   |..^.4.Zc..h.....|
0012f0  5e 03 33 00 c8 04 16 42 72 16 0e 19 00 0f c5 03   |^.3....Br.......|
001300  35 5e 61 6e 4d 6f 51 67 00 04 19 00 0f 9e 01 34   |5^anMoQg.......4|
001310  31 54 75 5a 75 61 0e 2e 04 06 1b 00 00 6b 00 1f   |1TuZua.......k..|
001320  6c 6b 00 2f 7e 46 65 6e 67 47 61 6e 79 02 0d 1e   |lk./~FengGany...|
001330  00 0f dc 00 34 00 53 00 0f 6e 00 08 0f 6b 00 38   |....4.S..n...k.8|
001340  00 fc 01 1e 54 7d 02 0a 1b 00 0f 2e 04 33 00 50   |....T}.......3.P|
001350  00 6f 47 65 4a 69 61 2e 1a 00 06 0f b0 01 34 20   |.oGeJia.......4 |
001360  4e 69 07 08 3e 61 6f 47 42 01 0b 1e 00 0f f3 02   |Ni..>aoGB.......|
001370  34 3e 52 61 6e 6c 00 07 19 00 0f d8 00 34 01 23   |4>Ranl.......4.#|
001380  00 00 be 00 0e af 01 0b 1e 00 00 71 00 1f 68 b2   |...........q..h.|
001390  01 31 00 73 15 2e 54 6f db 00 08 1c 00 0f 8a 02   |.1.s..To........|
0013a0  37 1e 59 8a 02 0a 1b 00 0f 6f 05 34 01 5e 55 04   |7.Y......o.4.^U.|
0013b0  00 0d 0d 18 00 0f d0 00 36 1e 75 d7 05 0b 1b 00   |........6.u.....|
0013c0  0e 07 12 0f 19 02 23 2e 61 6f cf 00 03 17 00 0f   |......#.ao......|
0013d0  0b 02 34 12 4b 58 12 0e e6 02 09 1c 00 0f 2a 04   |..4.KX........*.|
0013e0  34 00 3a 08 16 44 43 14 1e 47 1a 00 0e 58 08 0f   |4.:..DC..G...X..|
0013f0  71 0a 24 12 4a 20 1d 3e 48 75 61 b3 06 0c 20 00   |q.$.J .>Hua... .|
001400  00 75 00 1f 45 75 00 12 00 d0 49 02 0a 00 24 5f   |.u..Eu....I...$_|
001410  44 0e 4b 08 10 00 0f 4a 00 26 2b 32 2e 10 00 0f   |D.K....J.&+2....|
001420  4a 00 26 2b 33 2e 10 00 0f 4a 00 26 2b 34 2e 10   |J.&+3....J.&+4..|
001430  00 0f 4a 00 26 2b 35 2e 10 00 00 4a 00 1f 47 4a   |..J.&+5....J..GJ|
001440  00 1d 49 46 75 5a 69 73 01 02 11 00 0f 4c 00 27   |..IFuZis.....L.'|
001450  2c 32 2e 11 00 0f 4c 00 27 2c 33 2e 11 00 0f 4c   |,2....L.',3....L|
001460  00 27 2c 34 2e 11 00 0f 4c 00 27 1c 35 4c 00 01   |.',4....L.'.5L..|
001470  7c 01 1f 49 4c 00 1c 00 73 04 0b 7d 01 03 12 00   ||..IL...s..}....|
001480  0f 4e 00 28 2d 32 2e 12 00 0f 4e 00 28 2d 33 2e   |.N.(-2....N.(-3.|
001490  12 00 0f 4e 00 28 2d 34 2e 12 00 0f 4e 00 28 2d   |...N.(-4....N.(-|
0014a0  35 2e 12 00 0f 3f 12 11 0d 4e 00 00 3a 5c 0c 78   |5....?...N..:\.x|
0014b0  04 05 14 00 0f 52 00 2a 08 8c 01 05 14 00 0f 52   |.....R.*.......R|
0014c0  00 2a 08 90 01 05 14 00 0f 52 00 2a 08 94 01 05   |.*.......R.*....|
0014d0  14 00 0f 52 00 2a 1e 35 52 00 02 9a 01 1f 46 e1   |...R.*.5R.....F.|
0014e0  4f 11 47 43 68 75 69 e1 4f 13 75 20 03 07 0f 00   |O.GChui.O.u ....|
0014f0  0f 4b 00 28 2a 32 2e 0f 00 0f 4b 00 28 2a 33 2e   |.K.(*2....K.(*3.|
001500  0f 00 0f 4b 00 28 2a 34 2e 0f 00 0f 4b 00 28 1a   |...K.(*4....K.(.|
001510  35 4b 00 0f 77 01 29 2a 36 2e 0f 00 0f 2e 53 16   |5K..w.)*6.....S.|
001520  17 44 e2 52 05 58 03 06 0e 00 0f 48 00 26 29 32   |.D.R.X.....H.&)2|
001530  2e 0e 00 0f 48 00 26 29 33 2e 0e 00 0f 48 00 26   |....H.&)3....H.&|
001540  29 34 2e 0e 00 0f 48 00 26 29 35 2e 0e 00 0f 48   |)4....H.&)5....H|
001550  00 17 26 75 6e 48 00 13 75 42 5b 06 0e 00 0f 48   |..&unH..uB[....H|
001560  00 26 29 32 2e 0e 00 0f 48 00 26 29 33 2e 0e 00   |.&)2....H.&)3...|
001570  0f 48 00 26 29 34 2e 0e 00 0f 48 00 26 19 35 48   |.H.&)4....H.&.5H|
001580  00 0f 1b 03 17 09 73 54 0b 6e 54 06 69 54 0f 4b   |......sT.nT.iT.K|
001590  00 24 2a 32 2e 0f 00 0f 4b 00 28 2a 33 2e 0f 00   |.$*2....K.(*3...|
0015a0  0f 4b 00 28 2a 34 2e 0f 00 0f 4b 00 28 2a 35 2e   |.K.(*4....K.(*5.|
0015b0  0f 00 0f 75 57 26 29 32 2e 0e 00 0f 48 00 26 29   |...uW&)2....H.&)|
0015c0  33 2e 0e 00 0f 48 00 26 29 34 2e 0e 00 0f 48 00   |3....H.&)4....H.|
0015d0  26 19 35 48 00 0f 20 01 27 29 36 2e 0e 00 0f 95   |&.5H.. .')6.....|
0015e0  58 2e 2d 32 2e 12 00 0f 54 00 2e 2d 33 2e 12 00   |X.-2....T..-3...|
0015f0  0f 54 00 2e 2d 34 2e 12 00 0e a8 3d 0e 54 00 02   |.T..-4.....=.T..|
001600  82 76 71 42 65 69 2f 43 75 62 c7 08 83 5a 42 5f   |.vqBei/Cub...ZB_|
001610  4a 69 65 5a 68 72 08 07 0f 00 0f 50 00 1b 00 4a   |JieZhr.....P...J|
001620  33 0a 50 00 1a 32 50 00 0f 48 01 12 06 50 00 04   |3.P..2P..H...P..|
001630  aa 2a 0a 54 00 2a 33 2e 0f 00 0f 2a 1f 11 06 54   |.*.T.*3....*...T|
001640  00 2b 54 69 a3 00 1a 34 4f 00 0f 43 01 1c 2c 47   |.+Ti...4O..C..,G|
001650  61 9f 00 1a 35 50 00 0e 9c 0e 0f 93 01 15 15 4b   |a...5P.........K|
001660  a0 0e 05 0d 00 0f 4c 00 1b 07 8f 01 15 4b a0 0e   |......L......K..|
001670  05 0d 00 0f e8 00 1b 0b 8b 01 15 4b a4 0e 05 0d   |...........K....|
001680  00 0e 2a 05 0f 87 01 13 15 4b a3 0e 05 0d 00 0f   |..*......K......|
001690  e7 00 1b 2a 47 61 97 00 18 35 4c 00 0e 19 0d 0f   |...*Ga...5L.....|
0016a0  7f 01 15 45 53 68 6f 75 a3 5c 08 10 00 0f 52 00   |...EShou.\....R.|
0016b0  1b 07 85 01 04 42 00 1b 32 52 00 0e 08 3e 0f 8b   |.....B..2R...>..|
0016c0  01 19 04 46 00 1b 33 56 00 0e 93 22 0f 91 01 14   |...F..3V..."....|
0016d0  04 41 00 1b 34 51 00 0e 1c 0d 0f 97 01 15 04 42   |.A..4Q.........B|
0016e0  00 2b 35 2e 10 00 0f f9 00 1b 07 9d 01 01 db 18   |.+5.............|
0016f0  15 4c a7 66 0a 12 00 0f 56 00 1b 07 a1 01 06 44   |.L.f....V......D|
001700  00 2d 32 2e 12 00 0e 7b 1f 0f a5 01 18 06 48 00   |.-2....{......H.|
001710  2d 33 2e 12 00 0e 75 31 0f a9 01 13 06 43 00 2d   |-3....u1.....C.-|
001720  34 2e 12 00 0f 05 01 1b 07 ad 01 06 44 00 1d 35   |4...........D..5|
001730  56 00 0e ed 11 0f b1 01 17 17 65 ce 04 03 0e 00   |V.........e.....|
001740  0f 4e 00 1b 09 a9 01 17 65 d0 04 03 0e 00 0f 9f   |.N......e.......|
001750  02 1b 0d a1 01 17 65 d2 04 03 0e 00 0e 35 25 0f   |......e......5%.|
001760  99 01 15 17 65 d4 04 03 0e 00 0f ed 00 1b 2b 47   |....e.........+G|
001770  61 9b 00 19 35 4e 00 0f 56 06 27 33 59 69 46 1d   |a...5N..V.'3YiF.|
001780  61 05 0d 00 0f 56 06 26 01 3f 00 18 32 4c 00 0f   |a....V.&.?..2L..|
001790  56 06 2b 01 43 00 18 33 50 00 0f 56 06 26 01 3e   |V.+.C..3P..V.&.>|
0017a0  00 18 34 4b 00 0f 56 06 27 01 3f 00 28 35 2e 0d   |..4K..V.'.?.(5..|
0017b0  00 0f de 53 19 01 59 27 0b de 53 01 14 00 0e 43   |...S..Y'..S....C|
0017c0  54 0a 1a 00 0e 0b 55 0f 65 00 23 0d 0b 55 06 19   |T.....U.e.#..U..|
0017d0  00 0f c8 00 33 0e a6 54 09 1a 00 0f 2f 26 11 05   |....3..T..../&..|
0017e0  0b 55 5c 61 6f 43 61 6f 0c 55 01 15 00 0e 72 55   |.U\aoCao.U....rU|
0017f0  0b 1b 00 0a 5e 6d 0f 68 00 29 0e 3d 56 06 1a 00   |....^m.h.).=V...|
001800  0f ce 00 35 0e db 55 0a 1b 00 0f 74 1e 11 04 68   |...5..U....t...h|
001810  00 1e 54 9b 01 02 d3 37 0e 64 02 0c 1b 00 0e 02   |..T....7.d......|
001820  02 0f 67 00 24 0d 34 01 07 1a 00 0f cc 00 34 0e   |..g.$.4.......4.|
001830  33 01 0a 1b 00 00 67 00 1f 3f 8e 65 1a 59 75 6f   |3.....g..?.e.Yuo|
001840  42 61 2e 0e 00 00 44 00 1f 44 01 16 13 42 51 69   |Ba....D..D...BQi|
001850  74 61 a9 00 00 3b 00 15 50 70 31 02 0d 00 0e 3d   |ta...;..Pp1....=|
001860  06 0f 49 00 17 05 be 2c 04 0f 00 0f 4d 00 2a 1a   |..I....,....M.*.|
001870  33 4d 00 0f 19 0a 12 0e 4d 00 21 4c 69 32 39 00   |3M......M.!Li29.|
001880  31 01 0c 11 00 0f fe 2d 11 0d 51 00 00 ae 1f 38   |1......-..Q....8|
001890  4a 69 61 52 00 07 12 00 0f f8 05 11 0e 53 00 00   |JiaR.........S..|
0018a0  4f 26 15 42 22 35 03 0e 00 0f d2 01 23 00 3d 00   |O&.B"5......#.=.|
0018b0  38 48 75 2e 0d 00 00 49 00 1f 3e 49 00 1e 15 57   |8Hu....I..>I...W|
0018c0  7f 03 00 ad 6e 0f 8c 00 22 11 43 96 06 18 2e 0d   |....n...".C.....|
0018d0  00 0f 09 28 34 02 71 04 17 4b 5f 00 0e 1d 00 04   |...(4.q..K_.....|
0018e0  6f 00 1f 6f f5 04 30 02 bd 00 0f fb 04 08 07 21   |o..o..0........!|
0018f0  00 0a 97 73 0f cf 05 28 4e 61 6e 4d 65 38 06 07   |...s...(NanMe8..|
001900  1c 00 0f 6a 00 35 11 4c c7 23 1f 2e 1c 00 08 0f   |...j.5.L.#......|
001910  3d 06 35 10 4c 6f 20 1f 2e 1b 00 07 0f 68 00 36   |=.5.Lo ......h.6|
001920  3e 6f 75 54 0c 07 06 1b 00 00 68 00 1f 69 68 00   |>ouT......h..ih.|
001930  30 38 4d 65 6e 85 02 0e 1e 00 0f 86 02 3a 77 4e   |08Men........:wN|
001940  65 69 41 6f 57 75 7f 3b 0f 21 00 07 00 74 00 1f   |eiAoWu.;.!...t..|
001950  6b 74 00 30 11 53 d9 02 0e 89 02 0c 1f 00 00 70   |kt.0.S.........p|
001960  00 1f 75 70 00 39 0e 58 01 0e 24 00 05 5e 01 1f   |..up.9.X..$..^..|
001970  6d 7a 00 30 02 38 01 16 4a 0e 40 0f 20 00 06 0f   |mz.0.8..J.@. ...|
001980  3e 02 34 00 14 0d 0e 53 04 0d 1e 00 0f ca 01 34   |>.4....S.......4|
001990  00 50 00 0f 3c 02 09 05 1f 00 0f b4 07 23 00 6b   |.P..<........#.k|
0019a0  06 07 4a 27 04 0f 00 0f 10 07 23 21 46 65 ee 2c   |..J'......#!Fe.,|
0019b0  19 2e 0e 00 0f f2 09 11 06 08 0d b4 42 75 4c 75   |............BuLu|
0019c0  6f 2f 59 65 4d 61 6e 0f 0d 00 0c 00 95 5f 53 48   |o/YeMan......_SH|
0019d0  5f 4c 76 31 5f 30 4b 0e 0a 16 00 0f 65 00 3b 05   |_Lv1_0K.....e.;.|
0019e0  64 0e 0a 16 00 0f 65 00 3b 05 79 0e 0a 16 00 0f   |d.....e.;.y.....|
0019f0  65 00 3b 05 93 0e 0a 16 00 0f 65 00 38 1e 32 94   |e.;.......e.8.2.|
001a00  01 03 16 00 0f 65 00 3b 0e 94 01 01 16 00 0f 65   |.....e.;.......e|
001a10  00 3b 0e 94 01 01 16 00 0f 65 00 3b 1f 34 65 00   |.;.......e.;.4e.|
001a20  02 0f 94 01 39 1e 33 94 01 03 16 00 0f 65 00 3b   |....9.3......e.;|
001a30  0e 94 01 01 16 00 0f 65 00 3b 0e 94 01 01 16 00   |.......e.;......|
001a40  0f 65 00 3b 0e 94 01 01 16 00 0e 74 2b 0f 65 00   |.e.;.......t+.e.|
001a50  21 5e 59 75 48 61 6e 97 01 0a 19 00 0f 6b 00 3e   |!^YuHan......k.>|
001a60  0a 9d 01 08 19 00 0f 6b 00 3e 0a a3 01 08 19 00   |.......k.>......|
001a70  0f 6b 00 3e 1f 34 6b 00 05 0f 40 03 34 2e 5a 44   |.k.>.4k...@.4.ZD|
001a80  68 06 07 16 00 0f 65 00 3b 0a a3 01 05 16 00 0f   |h.....e.;.......|
001a90  65 00 3b 0a 9d 01 05 16 00 0f 65 00 3b 1f 34 65   |e.;.......e.;.4e|
001aa0  00 02 0f 94 01 39 0d 68 06 05 16 00 0f 65 00 3b   |.....9.h.....e.;|
001ab0  1f 32 65 00 02 0f 94 01 39 0d 68 06 05 16 00 0f   |.2e.....9.h.....|
001ac0  65 00 3b 1f 34 65 00 02 0f 94 01 39 0d d1 04 05   |e.;.4e.....9....|
001ad0  16 00 0f 65 00 3b 1f 32 65 00 02 0f 94 01 39 0d   |...e.;.2e.....9.|
001ae0  c5 04 05 16 00 0f 65 00 3b 0e 94 01 05 bc 04 1f   |......e.;.......|
001af0  63 65 00 1c 11 5a 51 4c 03 66 00 02 0d 00 0d 26   |ce...ZQL.f.....&|
001b00  0b 0c 17 00 0f 68 00 3d 04 99 01 0c 17 00 0f 68   |.....h.=.......h|
001b10  00 3d 04 9c 01 0c 17 00 0f 68 00 3d 1f 34 68 00   |.=.......h.=.4h.|
001b20  03 0f a0 01 3b 07 ca 04 0c 17 00 0f 68 00 3d 1f   |....;.......h.=.|
001b30  32 68 00 03 0f a0 01 3b 07 d0 04 0c 17 00 0f 68   |2h.....;.......h|
001b40  00 3d 1f 34 68 00 03 0f a0 01 3b 07 d6 04 0c 17   |.=.4h.....;.....|
001b50  00 0f 68 00 3d 1f 32 68 00 03 0f a0 01 3b 07 dc   |..h.=.2h.....;..|
001b60  04 0c 17 00 0f 68 00 3d 0e a0 01 06 e0 04 1f 69   |.....h.=.......i|
001b70  68 00 30 0e 4a 0b 0f 1a 00 01 0f 6e 00 40 0b a9   |h.0.J......n.@..|
001b80  01 0c 4e 0b 0f 6e 00 3c 0b af 01 0c 51 0b 0f 6e   |..N..n.<....Q..n|
001b90  00 3c 1f 34 6e 00 06 0f 58 03 36 0c 56 0b 0c 17   |.<.4n...X.6.V...|
001ba0  00 0f 68 00 3d 1e 32 68 00 0f 98 06 3a 0c 5c 0b   |..h.=.2h....:.\.|
001bb0  0c 17 00 0f 68 00 3d 1e 34 68 00 0f 98 06 3a 0c   |....h.=.4h....:.|
001bc0  62 0b 0c 17 00 0f 68 00 3d 0e a0 01 0f 98 06 3b   |b.....h.=......;|
001bd0  0c 68 0b 0c 17 00 0f 68 00 3d 0e a0 01 0f 98 06   |.h.....h.=......|
001be0  3b 0c 6e 0b 0c 17 00 0f 68 00 3d 0e a0 01 0f 98   |;.n.....h.=.....|
001bf0  06 3b 0c 74 0b 0c 17 00 0f 68 00 3d 0e a0 01 0f   |.;.t.....h.=....|
001c00  e0 04 27 00 45 49 14 4d 68 00 02 0d 00 0d 78 0b   |..'.EI.Mh.....x.|
001c10  0c 17 00 0f 68 00 3d 06 d3 29 0a 17 00 0f 68 00   |....h.=..)....h.|
001c20  3d 06 e5 29 0a 17 00 0f 68 00 3d 1f 34 68 00 03   |=..)....h.=.4h..|
001c30  0f a0 01 3b 07 e0 04 0c 17 00 0f 68 00 3d 1f 32   |...;.......h.=.2|
001c40  68 00 03 0f a0 01 3b 07 e0 04 0c 17 00 0f 68 00   |h.....;.......h.|
001c50  3d 1f 34 68 00 03 0f a0 01 3b 07 e0 04 0c 17 00   |=.4h.....;......|
001c60  0f 68 00 3d 1f 32 68 00 03 0f a0 01 3b 07 e0 04   |.h.=.2h.....;...|
001c70  0c 17 00 0f 68 00 3d 0e a0 01 0e 78 0b 0f 68 00   |....h.=....x..h.|
001c80  29 0e 78 0b 0f 1a 00 01 0f 6e 00 40 0b a9 01 0e   |).x......n.@....|
001c90  78 0b 0f 6e 00 3a 0b af 01 0e 78 0b 0f 6e 00 3a   |x..n.:....x..n.:|
001ca0  1f 34 6e 00 06 0f 58 03 36 0c 78 0b 0c 17 00 0f   |.4n...X.6.x.....|
001cb0  68 00 3d 1e 32 68 00 0f 98 06 3a 0c 78 0b 0c 17   |h.=.2h....:.x...|
001cc0  00 0f 68 00 3d 1e 34 68 00 0f 98 06 3a 0c 78 0b   |..h.=.4h....:.x.|
001cd0  0c 17 00 0f 68 00 3d 0e a0 01 0f 98 06 3b 0c 78   |....h.=......;.x|
001ce0  0b 0c 17 00 0f 68 00 3d 0e a0 01 0f 98 06 3b 0c   |.....h.=......;.|
001cf0  78 0b 0c 17 00 0f 68 00 3d 0e a0 01 0f 98 06 3b   |x.....h.=......;|
001d00  0c 78 0b 0c 17 00 0f 68 00 3d 0e a0 01 06 e0 04   |.x.....h.=......|
001d10  1f 6f 4f 28 1e 11 42 30 23 03 6c 22 02 0d 00 07   |.oO(..B0#.l"....|
001d20  e5 47 00 9b 03 1f 2e 1c 00 08 0f da 5c 21 00 1e   |.G..........\!..|
001d30  5b 00 25 5c 1e 2e 13 00 0e 18 18 0f d4 58 13 be   |[.%\.........X..|
001d40  69 47 75 6f 4b 61 6f 52 6f 75 43 16 65 0c 1e 00   |iGuoKaoRouC.e...|
001d50  0e e6 80 0f 7f 5a 14 11 59 ae 93 5c 52 6f 75 50   |.....Z..Y..\RouP|
001d60  61 5f 60 09 1c 00 0f a8 57 22 7d 52 65 4b 65 4b   |a_`.....W"}ReKeK|
001d70  65 2e 12 00 0f 95 58 21 00 75 4a 0d cd 5f 04 14   |e.....X!.uJ.._..|
001d80  00 0f ed 5d 22 20 4d 69 6d 5c 00 bc 4d 05 85 4f   |...]" Mim\..M..O|
001d90  0d 18 00 0f 53 95 11 0d 59 00 20 54 75 01 c5 4c   |....S...Y. Tu..L|
001da0  75 6e 4c 61 3d 5f 0a 1a 00 0f 1a 02 22 01 95 01   |unLa=_......"...|
001db0  10 61 59 02 4d 4a 75 61 6e fe 5e 0d 1e 00 0f 6c   |.aY.MJuan.^....l|
001dc0  01 22 00 39 00 0c bb 01 04 14 00 0f fb 5d 22 02   |.".9.........]".|
001dd0  98 00 8b 58 69 59 6f 75 4c 65 69 6c 02 0d 1d 00   |...XiYouLeil....|
001de0  0f 3b 98 11 0d 63 00 30 48 61 69 11 36 01 8e 61   |.;...c.0Hai.6..a|
001df0  1a 46 30 03 0b 1b 00 0f 6b 5b 21 00 0e 64 01 6b   |.F0.....k[!..d.k|
001e00  02 1d 42 25 64 04 17 00 0f 84 03 22 02 fc 00 02   |..B%d......"....|
001e10  b0 5f 1c 51 76 60 0b 1c 00 0f 99 04 22 00 08 02   |._.Qv`......"...|
001e20  0b 38 6b 03 13 00 0f 07 01 21 00 ae 66 4c 5a 61   |.8k......!..fLZa|
001e30  6f 59 7b 65 07 17 00 0f 8c 03 22 21 44 6f 85 52   |oY{e......"!Do.R|
001e40  0d e1 03 08 18 00 0f d0 66 1c 05 87 05 1d 65 78   |........f.....ex|
001e50  6d 03 13 00 0f 29 4f 34 00 bc 28 2e 4c 69 29 4f   |m....)O4..(.Li)O|
001e60  08 1b 00 0f 9f 74 19 03 4c 75 4c 42 6f 73 73 ae   |.....t..LuLBoss.|
001e70  05 20 43 68 ef 2f 1d 50 aa 05 04 18 00 0e d2 00   |. Ch./.P........|
001e80  0f 67 00 28 2a 5a 68 09 5b 0a 1a 00 0e 98 4f 0f   |.g.(*Zh.[.....O.|
001e90  6b 00 28 3a 59 61 43 11 5b 0b 1b 00 0f 71 5b 11   |k.(:YaC.[....q[.|
001ea0  07 6f 08 00 68 00 09 ed 3e 05 4f 00 1f 2e 17 00   |.o..h...>.O.....|
001eb0  03 0e ed 77 0f 60 00 14 01 cc 3d 0c 5e 00 0a 15   |...w.`....=.^...|
001ec0  00 0e c5 87 0f 5c 00 14 04 8e 3c 0c 5f 00 0d 18   |.....\....<._...|
001ed0  00 0e 60 36 0f 62 00 14 06 41 3b 0c 64 00 1e 58   |..`6.b...A;.d..X|
001ee0  1a 00 0e 83 84 0f 66 00 16 1e 65 25 01 0c 16 00   |......f...e%....|
001ef0  0f 82 01 26 01 f8 38 0c 5d 00 0a 15 00 0f a8 6c   |...&..8.]......l|
001f00  14 01 61 2d 04 f1 33 12 6f 89 5d 20 47 65 9d 6b   |..a-..3.o.] Ge.k|
001f10  05 81 a6 0d 18 00 0f 98 6e 1c 05 f9 71 00 3f 00   |........n...q.?.|
001f20  16 61 58 00 0a 15 00 0f 55 00 2c 0a 7d 81 04 15   |.aX.....U.,.}...|
001f30  00 0f 55 00 2c 0a 7c 81 04 15 00 0f a1 8a 2f 01   |..U.,.|......./.|
001f40  cf 85 05 de 89 0e 16 00 0f af 8e 33 0e 97 32 09   |...........3..2.|
001f50  1a 00 0e 07 38 0f 65 00 22 0e 66 33 0a 1b 00 0f   |....8.e.".f3....|
001f60  67 00 33 0e 37 34 0b 1b 00 0e 32 55 0f 67 00 21   |g.3.74....2U.g.!|
001f70  00 2f 30 1e 55 4e 30 07 1e 00 05 4d 30 0f a0 01   |./0.UN0....M0...|
001f80  30 0e cf 33 08 1a 00 0f a3 3e 11 09 40 39 51 57   |0..3.....>..@9QW|
001f90  65 69 73 74 4f a9 1e 2e 13 00 00 4e 00 1f 71 ba   |eistO......N..q.|
001fa0  06 1b 4b 53 70 65 63 65 ab ec 41 6e 69 6d 61 6c   |..KSpece..Animal|
001fb0  42 6f 64 79 5f 44 61 58 1a 68 0e 1e 00 0e 18 14   |Body_DaX.h......|
001fc0  0f 76 00 2c 29 45 59 2a 09 0a 1a 00 0e 34 33 0f   |.v.,)EY*.....43.|
001fd0  6e 00 2f 0a 59 04 0c 1c 00 00 72 00 1f 67 72 00   |n./.Y.....r..gr.|
001fe0  39 05 12 58 0e 19 00 0f de 00 3e 3a 58 69 4e 50   |9..X......>:XiNP|
001ff0  66 0c 1c 00 0e 88 10 0f 72 00 2c 3b 50 75 54 01   |f.......r.,;PuT.|
002000  6b 0d 1d 00 0f bf 6b 22 20 4c 6f 3b 6a 4b 65 4c   |k.....k" Lo;jKeL|
002010  61 6e 22 67 09 19 00 0f 17 69 22 00 bb 5d 2b 4d   |an"g.....i"..]+M|
002020  69 57 00 05 15 00 0f 83 0f 23 8b 65 69 53 69 4b   |iW.......#.eiSiK|
002030  61 45 72 56 00 08 18 00 0f 5f 7c 1c 07 57 73 00   |aErV....._|..Ws.|
002040  cc 35 1b 50 4e 9d 07 17 00 0e b0 0d 0f 59 00 12   |.5.PN........Y..|
002050  04 1c 42 0e 5d 00 0c 1b 00 0f 30 73 1c 07 63 74   |..B.].....0s..ct|
002060  0e 5c 00 07 16 00 00 57 00 1f 42 73 35 1e 35 51   |.\.....W..Bs5.5Q|
002070  69 4d 68 8f 01 0c 00 0f f9 a7 26 00 4f 05 00 b4   |iMh.......&.O...|
002080  35 4f 4d 61 6f 2e 15 00 01 0e f4 91 0e 59 00 40   |5OMao........Y.@|
002090  46 75 6e 63 e4 a4 05 56 00 04 11 00 80 5f 4b 65   |Func...V....._Ke|
0020a0  4a 69 58 69 44 fe 00 0f 1c 00 08 0f 2f 0a 20 1a   |JiXiD......./. .|
0020b0  32 13 0c 00 14 00 0c 07 4c 02 14 00 0e 24 67 0f   |2.......L....$g.|
0020c0  5c 00 16 01 fa 0b 09 5a 00 07 12 00 0f 41 0b 20   |\......Z.....A. |
0020d0  1b 32 0b 0c 09 5b 00 0a 15 00 0f 67 0c 20 1d 32   |.2...[.....g. .2|
0020e0  07 0c 09 60 00 0c 17 00 0f 69 48 1b 0b 62 00 1c   |...`.....iH..b..|
0020f0  65 19 01 08 13 00 0f 72 01 28 01 ea 0b 09 59 00   |e......r.(....Y.|
002100  07 12 00 0f 26 02 20 1e 33 26 02 0c d9 4d 02 14   |....&. .3&...M..|
002110  00 0f b4 00 20 1d 33 26 02 2d 33 2e 12 00 0f 26   |.... .3&.-3....&|
002120  02 20 1e 33 26 02 06 5b 00 0a 15 00 0f 26 02 20   |. .3&..[.....&. |
002130  1e 33 26 02 08 60 00 0c 17 00 0f 26 02 20 1e 33   |.3&..`.....&. .3|
002140  26 02 0a f1 48 0f 72 01 2e 06 14 02 2d 33 2e 12   |&...H.r.....-3..|
002150  00 0f 26 02 20 1e 34 26 02 0c b0 4f 02 14 00 0f   |..&. .4&...O....|
002160  b4 00 20 1d 34 26 02 2d 34 2e 12 00 0f 26 02 20   |.. .4&.-4....&. |
002170  1e 34 26 02 06 5b 00 0a 15 00 0f 26 02 20 1e 34   |.4&..[.....&. .4|
002180  26 02 08 60 00 0c 17 00 0f 26 02 20 1e 34 26 02   |&..`.....&. .4&.|
002190  0a ca 4a 0f 72 01 2e 06 14 02 2d 34 2e 12 00 0f   |..J.r.....-4....|
0021a0  26 02 20 1e 35 26 02 0c 86 51 02 14 00 0f b4 00   |&. .5&...Q......|
0021b0  20 1d 35 26 02 2d 35 2e 12 00 0f 26 02 20 1e 35   | .5&.-5....&. .5|
0021c0  26 02 06 5b 00 0a 15 00 0f 26 02 20 1e 35 26 02   |&..[.....&. .5&.|
0021d0  08 60 00 0c 17 00 0f 26 02 20 1e 35 26 02 0a a2   |.`.....&. .5&...|
0021e0  4c 0f 72 01 2e 06 14 02 09 7b 4b 06 58 00 1f 5e   |L.r......{K.X..^|
0021f0  16 15 2b 00 61 79 5a 69 57 61 5f 47 12 0b 05 16   |..+.ayZiWa_G....|
002200  00 0f 63 00 38 0a 49 16 06 16 00 0f ae 16 30 04   |..c.8.I.......0.|
002210  4d 00 0c 45 16 08 18 00 0e 9b 9d 0f 43 16 20 10   |M..E........C. .|
002220  4e 3a 40 0a 2c 01 05 15 00 0f 76 17 32 00 4c 00   |N:@.,.....v.2.L.|
002230  00 01 7a 0b 45 82 07 18 00 0e c7 9b 0f 67 00 25   |..z.E........g.%|
002240  0e 73 17 05 17 00 0f 2d 01 31 10 75 6f ce 0c 2d   |.s.....-.1.uo..-|
002250  01 04 15 00 0f 61 00 37 2e 50 69 61 00 0f 56 02   |.....a.7.Pia..V.|
002260  33 03 4c 00 0e 2f 18 07 18 00 0f 04 19 30 10 4d   |3.L../.......0.M|
002270  d5 0e 03 b7 11 0b 87 03 09 1a 00 0f 6b 00 3c 0b   |............k.<.|
002280  8f 03 09 1a 00 0e 83 6b 0f 6b 00 2a 0d 42 01 0d   |.......k.k.*.B..|
002290  1d 00 0f 1f 0e 2a 00 17 1d 17 44 c2 0d 08 15 00   |.....*....D.....|
0022a0  0f 2b 72 36 01 73 1c 1e 46 2b 72 0a 1d 00 0f a3   |.+r6.s..F+r.....|
0022b0  6a 34 26 54 75 22 78 0c 17 00 0f 36 6a 34 1a 42   |j4&Tu"x....6j4.B|
0022c0  9e 46 0e 1a 00 0e 62 1e 0f 60 6e 24 0f 46 71 02   |.F....b..`n$.Fq.|
0022d0  1f 4e 43 71 37 20 46 65 4f 23 04 21 1e 0e 19 00   |.NCq7 FeO#.!....|
0022e0  00 67 00 1f 6e bf 73 33 10 4c d1 1f 0e 6d 00 0d   |.g..n.s3.L...m..|
0022f0  1f 00 0f a4 01 34 10 4e fb de 06 ae 76 0e 1a 00   |.....4.N....v...|
002300  0f 43 01 35 5e 51 69 65 47 65 68 00 05 19 00 0f   |.C.5^QieGeh.....|
002310  22 6f 36 10 65 72 09 1e 75 3d 6c 08 1c 00 0f 29   |"o6.er..u=l....)|
002320  1f 34 39 43 68 65 32 4e 0f 1b 00 01 0f d8 00 34   |.49Che2N.......4|
002330  22 4a 69 49 0a 0e 57 6e 08 1c 00 0f d4 0b 11 01   |"JiI..Wn........|
002340  20 d5 07 29 05 00 10 00 13 5f 6a 05 19 30 c0 1b   | ..)....._j..0..|
002350  0a 1a 00 0f 5c 00 2e 09 6e 17 0a 1a 00 0e 62 13   |....\...n.....b.|
002360  0f 5c 00 14 00 13 06 0f bc 00 07 09 1e 00 0e de   |.\..............|
002370  0b 0f 64 00 14 51 54 61 69 59 61 17 d8 0e 63 00   |..d..QTaiYa...c.|
002380  09 1d 00 0f 62 00 31 0e 25 01 08 1d 00 0f 62 00   |....b.1.%.....b.|
002390  31 1f 33 62 00 09 0f ee 10 12 01 26 07 02 d3 4c   |1.3b.......&...L|
0023a0  08 69 66 05 12 00 07 bd 64 07 14 00 0f 5a 00 32   |.if.....d....Z.2|
0023b0  06 32 62 07 14 00 0f 5a 00 32 2e 33 2e 14 00 0f   |.2b....Z.2.3....|
0023c0  0e 01 33 06 3e 62 07 14 00 0f 5a 00 32 1e 35 5a   |..3.>b....Z.2.5Z|
0023d0  00 02 b2 0d 1f 4c 25 68 13 01 55 2a 06 1a 68 06   |.....L%h..U*..h.|
0023e0  8e c4 09 11 00 0f 51 00 2c 2c 32 2e 11 00 0f 51   |......Q.,,2....Q|
0023f0  00 2c 2c 33 2e 11 00 0f 51 00 2c 2c 34 2e 11 00   |.,,3....Q.,,4...|
002400  0f 51 00 2c 1c 35 51 00 0f c7 5a 1a 0a 36 1e 20   |.Q.,.5Q...Z..6. |
002410  59 75 f7 07 00 a9 10 3c 4a 69 51 53 1e 0a 1d 00   |Yu.....<JiQS....|
002420  0f c4 8d 14 07 65 00 00 1f 0b 01 16 7c 5e 44 69   |.....e......|^Di|
002430  43 69 2e 14 00 0f 6a 78 37 3e 61 59 6f eb 7a 07   |Ci....jx7>aYo.z.|
002440  1a 00 0e 14 51 0f 18 2d 25 06 0b 7c 0d 17 2d 09   |....Q..-%..|..-.|
002450  1b 00 0f 72 00 43 2f 32 2e 1b 00 07 0f 72 00 43   |...r.C/2.....r.C|
002460  2f 33 2e 1b 00 07 0f dc 84 1c 07 7a 9b 0b 63 92   |/3.........z..c.|
002470  02 12 00 0f 00 1c 24 02 b1 97 0c 53 00 06 16 00   |......$....S....|
002480  0e 1e 2b 0f 57 00 18 12 4c 4b 0c 0e ca 99 05 1a   |..+.W...LK......|
002490  00 0f b6 c6 29 08 a5 57 01 2f de 05 59 de 1f 2e   |....)..W./..Y...|
0024a0  21 00 0d 0f 70 c0 2d 08 49 70 05 14 00 0f 55 00   |!...p.-.Ip....U.|
0024b0  2d 1e 33 55 00 0f d8 67 13 0e 55 00 2b 44 61 a9   |-.3U...g..U.+Da.|
0024c0  6c 04 11 00 0f 4f 00 2a 2c 32 2e 11 00 0f 4f 00   |l....O.*,2....O.|
0024d0  2a 2c 33 2e 11 00 0f 42 01 23 5b 53 75 53 68 65   |*,3....B.#[SuShe|
0024e0  f0 00 07 14 00 0f 55 00 2d 07 d7 08 06 14 00 0f   |......U.-.......|
0024f0  0b a8 23 04 04 03 4a 45 67 67 2e 0f 00 0f 1f 06   |..#...JEgg......|
002500  1f 05 63 60 25 69 53 90 0e 09 14 00 0f 11 04 14   |..c`%iS.........|
002510  0e 53 00 00 02 14 16 4a 1e 2e 0b 16 00 0f 9b b6   |.S.....J........|
002520  33 2e 50 61 83 25 05 19 00 0f 43 29 1f 05 18 07   |3.Pa.%....C)....|
002530  21 42 75 cb 80 04 5c 06 0d 18 00 0f 5b 00 2f 04   |!Bu...\.....[./.|
002540  45 06 0d 18 00 0f 2b 17 19 0e af 23 00 2e c0 7a   |E.....+....#...z|
002550  61 6c 42 6c 6f 63 6b a9 29 08 18 00 0f 63 00 37   |alBlock.)....c.7|
002560  0a cb 0c 07 18 00 0e 99 15 0f 63 00 1f 4e 50 61   |..........c..NPa|
002570  72 74 c5 00 03 17 00 0f 61 00 36 0e c3 00 02 17   |rt......a.6.....|
002580  00 0f bc 60 25 58 61 4c 75 6e 2e 0d 00 0f 65 26   |...`%XaLun....e&|
002590  19 0a 70 2a 0e 7d b3 0d 53 b4 0b 1b 00 0f dc 2a   |..p*.}..S......*|
0025a0  27 0a 04 b1 0d 67 00 05 16 00 0f 1d b5 27 0b 87   |'....g.......'..|
0025b0  b3 0c 63 00 07 17 00 0f 64 00 30 02 81 b2 0d 64   |..c.....d.0....d|
0025c0  00 06 17 00 0e db 28 0f 64 00 1e 07 af b4 0d 69   |......(.d......i|
0025d0  00 0b 1c 00 0e ee 2e 0f 6e 00 1e 03 62 b4 0d 6a   |........n...b..j|
0025e0  00 07 18 00 0f 66 00 2f 04 4e b2 0c 66 00 08 18   |.....f./.N..f...|
0025f0  00 0e 47 39 0f 66 00 1f 03 c3 b3 0e 67 00 07 19   |..G9.f......g...|
002600  00 0f 98 0c 34 10 46 8e ee 06 8f d5 1e 47 1a 00   |....4.F......G..|
002610  0f da 37 25 3a 4a 69 44 94 0a 04 14 00 0f a1 b8   |..7%:JiD........|
002620  27 09 99 b5 0d 85 03 04 15 00 0f 8b 08 16 00 4b   |'..............K|
002630  81 0a 8f 79 00 12 00 0c 0b 7b 02 14 00 0f 3c 19   |...y.....{....<.|
002640  16 09 55 00 03 fd 0e 0b 57 00 09 16 00 0e 94 08   |..U.....W.......|
002650  0f 59 00 13 1e 6f 56 00 1f 6f 53 00 2b 1e 75 a9   |.Y...oV..oS.+.u.|
002660  00 05 13 00 0f 54 01 23 01 c6 09 0b 54 00 07 14   |.....T.#....T...|
002670  00 0f a8 00 23 1e 4d fb 00 19 4d fb 00 1f 56 53   |....#.M...M...VS|
002680  00 1e 04 d4 74 0b 57 00 0a 17 00 0f fd d0 16 09   |....t.W.........|
002690  5b 00 06 97 12 0b 5d 00 0c 19 00 0f 19 21 1b 04   |[.....]......!..|
0026a0  64 00 06 77 22 06 5f 00 0c 14 00 0f 9f 6f 1b 07   |d..w"._......o..|
0026b0  5a 00 01 77 22 09 58 00 07 12 00 0f 3d 23 1b 07   |Z..w".X.....=#..|
0026c0  56 00 04 72 22 09 59 00 0a 15 00 0f 1c 36 1b 07   |V..r".Y......6..|
0026d0  5c 00 06 6e 22 09 5e 00 0c 17 00 0f 2b 22 1b 09   |\..n".^.....+"..|
0026e0  60 00 1c 65 13 01 08 13 00 0f 6a 01 26 01 6f 22   |`..e......j.&.o"|
0026f0  09 57 00 07 12 00 0f 40 19 33 00 ef 0e 4e 69 4a   |.W.....@.3...NiJ|
002700  69 65 d5 38 09 1c 00 0f 1c 9f 26 1b 4a a6 34 02   |ie.8......&.J.4.|
002710  12 00 0f 1e 89 29 04 b3 0c 48 46 61 4d 75 e7 87   |.....)...HFaMu..|
002720  0d 18 00 0f ee 89 36 00 13 6a 0e ee 89 08 1b 00   |......6..j......|
002730  0f 33 d3 16 09 32 d2 4f 43 75 69 44 38 d2 01 0f   |.3...2.OCuiD8...|
002740  3a d2 03 1f 31 65 00 3c 07 92 d9 07 15 00 0f fc   |:...1e.<........|
002750  d2 34 2e 32 2e 13 00 0f c0 00 3a 1e 32 25 01 01   |.4.2......:.2%..|
002760  15 00 0f 65 00 3c 0f c8 00 02 0f 25 01 35 2e 33   |...e.<.....%.5.3|
002770  2e 13 00 0f c0 00 3a 1e 33 25 01 01 15 00 0f 65   |......:.3%.....e|
002780  00 3c 1f 32 65 00 01 0f 25 01 35 2e 34 2e 13 00   |.<.2e...%.5.4...|
002790  0f c0 00 3a 1e 34 25 01 01 15 00 0f 65 00 3c 1f   |...:.4%.....e.<.|
0027a0  32 65 00 01 0f 25 01 35 2e 35 2e 13 00 0f c0 00   |2e...%.5.5......|
0027b0  3a 1e 35 25 01 01 15 00 0f 65 00 3c 1f 32 65 00   |:.5%.....e.<.2e.|
0027c0  01 0f 25 01 35 2e 36 2e 13 00 0f c0 00 3a 1e 36   |..%.5.6......:.6|
0027d0  25 01 01 15 00 0f 65 00 3c 0e 25 01 00 15 00 0e   |%.....e.<.%.....|
0027e0  ba 91 0f 25 01 22 23 44 75 09 92 4f 42 69 67 2e   |...%."#Du..OBig.|
0027f0  1e 00 0a 0e 80 08 0f 71 00 22 6e 48 65 69 54 69   |.......q."nHeiTi|
002800  65 6f 00 0a 1c 00 0f de 00 34 04 b7 35 0e 6f 00   |eo.......4..5.o.|
002810  0c 1e 00 0f ee 6a 11 36 4b 65 79 63 00 3b 4b 65   |.....j.6Keyc.;Ke|
002820  79 f4 de 04 12 00 0f 51 47 11 0d 4b 00 0b 87 de   |y......QG..K....|
002830  05 13 00 0f 61 13 11 0d 4d 00 09 b9 dd 03 11 00   |....a...M.......|
002840  0f d2 09 11 0d 49 00 0c a9 dd 06 14 00 0f d5 a0   |.....I..........|
002850  23 20 75 52 95 9b 1b 6e 97 47 07 17 00 0e 61 0e   |# uR...n.G....a.|
002860  0f 53 49 17 0b 7a 9d 06 16 00 0f 22 a7 23 6a 61   |.SI..z.....".#ja|
002870  44 61 69 43 68 e3 2c 03 14 00 0f 48 4a 25 00 23   |DaiCh.,....HJ%.#|
002880  2d 1e 2e 13 00 0f 4c 01 22 01 3d 46 00 a5 a4 19   |-.....L.".=F....|
002890  4c a3 00 07 17 00 0f 66 3a 22 7e 48 75 6e 48 65   |L......f:"~HunHe|
0028a0  47 75 69 a5 09 19 00 0e 01 01 0f 94 b9 10 05 c0   |Gui.............|
0028b0  12 3a 65 61 2e 0f 00 0f d1 d1 22 05 99 00 5c 65   |.:ea......"...\e|
0028c0  72 62 73 2e 11 00 0f df a1 25 1e 61 b6 a9 05 15   |rbs......%.a....|
0028d0  00 0f ad 3e 11 0d 54 00 00 6e 04 1d 42 b8 af 1e   |...>..T..n..B...|
0028e0  42 e9 38 0f d3 a2 16 33 47 61 6f a7 41 1f 2e 19   |B.8....3Gao.A...|
0028f0  00 05 0f 55 c8 19 0e 32 1b 01 8b c1 49 54 68 69   |...U...2....IThi|
002900  63 d9 d5 06 16 00 0e 40 17 0f 5e 00 23 0e 57 c2   |c......@..^.#.W.|
002910  04 18 00 0f 62 00 36 1f 33 62 00 04 0e 78 0b 0f   |....b.6.3b...x..|
002920  f7 3d 17 00 47 00 0d 6f 00 0a d4 3e 03 13 00 0e   |.=..G..o...>....|
002930  18 2f 0f 65 00 2b 2e 53 68 dd c3 03 7d 1c 1f 76   |./.e.+.Sh...}..v|
002940  67 00 38 02 23 01 1e 44 fc 40 0e 1e 00 0e f0 2b   |g.8.#..D.@.....+|
002950  0f 7b 00 31 0b 01 41 0a 1a 00 0e c6 20 0f 73 00   |.{.1..A..... .s.|
002960  31 0d 28 40 0c 1c 00 0f da bf 23 07 68 d4 2b 6c   |1.(@......#.h.+l|
002970  2e 10 00 0f 6a b2 24 03 28 bd 0a 92 1b 03 14 00   |....j.$.(.......|
002980  0f 53 00 2b 0a 11 29 03 14 00 0f 5e 46 24 41 58   |.S.+..)....^F$AX|
002990  69 53 68 23 02 1e 2e 15 00 0f db b7 1e 0a 71 be   |iSh#..........q.|
0029a0  2e 32 2e 13 00 0f 51 00 2a 2e 33 2e 13 00 0f 51   |.2....Q.*.3....Q|
0029b0  00 24 3c 48 6f 75 3a be 03 13 00 0f 48 01 24 04   |.$<Hou:.....H.$.|
0029c0  3e 00 0b 74 c4 03 15 00 0f 55 00 2c 0a 1e 05 04   |>..t.....U.,....|
0029d0  15 00 0f e7 be 29 09 52 00 0f 4f 00 2f 1d 34 4f   |.....).R..O./.4O|
0029e0  00 1f 34 83 b8 24 11 52 cc 32 0a db 4e 04 14 00   |..4..$.R.2..N...|
0029f0  0f 03 44 3e 3b 4d 61 6e ab 05 0d 1d 00 0f 82 87   |..D>;Man........|
002a00  1b 05 4c 25 01 03 96 64 5a 5f 44 75 4b 61 83 23   |..L%...dZ_DuKa.#|
002a10  07 0f 00 0f 55 00 32 2a 32 2e 0f 00 0f 55 00 32   |....U.2*2....U.2|
002a20  2a 33 2e 0f 00 0e f3 0a 0f 55 00 19 39 48 61 6e   |*3.......U..9Han|
002a30  00 01 05 10 00 0f 57 00 33 2b 32 2e 10 00 0f 57   |......W.3+2....W|
002a40  00 33 2b 33 2e 10 00 0f 5a 01 2b 10 4e ac 17 03   |.3+3....Z.+.N...|
002a50  59 87 07 0f 00 0f 55 00 32 2a 32 2e 0f 00 0f 55   |Y.....U.2*2....U|
002a60  00 32 1a 33 55 00 0f 8e 90 17 0c 50 00 20 53 68   |.2.3U......P. Sh|
002a70  4f b2 01 65 4d 0c 11 00 0f 54 00 2f 2c 32 2e 11   |O..eM....T./,2..|
002a80  00 0f 54 00 2f 1c 33 54 00 0e 26 f2 0f 51 01 1a   |..T./.3T..&..Q..|
002a90  01 a4 06 23 59 69 a4 2e 09 11 00 0f 59 00 34 2c   |...#Yi......Y.4,|
002aa0  32 2e 11 00 0f 59 00 34 1c 33 59 00 0e fd 41 0f   |2....Y.4.3Y...A.|
002ab0  5f 01 15 00 15 00 0b 05 03 08 13 00 0f 58 00 31   |_............X.1|
002ac0  2e 32 2e 13 00 0f 58 00 31 1e 33 58 00 0f 13 05   |.2....X.1.3X....|
002ad0  2c 1b 59 13 05 1f 59 13 05 33 1b 59 13 05 05 10   |,.Y...Y..3.Y....|
002ae0  00 0f 8e e3 22 06 b5 b5 3a 63 71 75 9c cb 03 13   |...."...:cqu....|
002af0  00 0f 47 ec 25 06 7c bc 3b 6c 63 2e 10 00 0f bb   |..G.%.|.;lc.....|
002b00  e7 25 05 bc 07 69 73 62 65 73 74 6f 64 10 04 14   |.%...isbestod...|
002b10  00 0f 09 2e 24 01 85 b2 00 69 34 09 0a 11 06 16   |....$....i4.....|
002b20  00 0f 4a 3b 23 0c 9d ac 02 25 3b 00 5f 02 0c 1f   |..J;#....%;._...|
002b30  a5 0b 1a 00 0e 5b 1e 0f 6f 00 26 0c a6 1d 0e 19   |.....[..o.&.....|
002b40  00 0e 47 39 0f 6d 00 26 3e 47 75 43 6a 00 03 16   |..G9.m.&>GuCj...|
002b50  00 0e 8a 3a 0f 67 00 26 12 59 bc b1 0e d7 00 0b   |...:.g.&.Y......|
002b60  1c 00 0f b6 01 38 5e 57 61 4a 75 65 71 00 09 1a   |.....8^WaJueq...|
002b70  00 0f 89 04 11 04 7c 02 39 53 65 53 33 15 00 10   |......|.9SeS3...|
002b80  00 2b 5f 42 42 12 03 14 00 0e 99 12 0f 58 00 1c   |.+_BB........X..|
002b90  1d 43 0d bb 05 16 00 0f b4 00 2e 0b f0 59 04 14   |.C...........Y..|
002ba0  00 0e 73 21 0f 58 00 1c 3e 48 65 2e 13 00 0f ae   |..s!.X..>He.....|
002bb0  00 2e 1a 48 3c bf 04 14 00 0e e5 23 0f 58 00 1d   |...H<......#.X..|
002bc0  0b 62 50 05 15 00 0f bc 01 2e 17 48 d3 31 0b 16   |.bP........H.1..|
002bd0  00 0f 0e 01 2f 0b 0f c5 03 14 00 0f 58 00 2e 1b   |..../.......X...|
002be0  4c 44 61 03 14 00 0f 14 02 2e 3e 4c 76 2e 13 00   |LDa.......>Lv...|
002bf0  0f bc 01 2e 1b 51 d9 5f 05 15 00 0f b0 00 2e 3e   |.....Q._.......>|
002c00  5a 69 2e 13 00 0f c9 10 1e 00 a6 0a 21 43 68 ec   |Zi..........!Ch.|
002c10  50 3e 5f 30 2e 13 00 0e f3 06 0f 5e 50 1c 11 46   |P>_0.......^P..F|
002c20  cc 59 0c 14 00 0f 9a 87 35 02 6d 3e 1e 48 ab 8a   |.Y......5.m>.H..|
002c30  09 1e 00 0e 2c 24 0f 59 31 21 0f 6c 00 05 09 1d   |....,$.Y1!.l....|
002c40  00 0e a0 94 0f 30 0a 13 00 ec cc 20 58 75 94 2b   |.....0..... Xu.+|
002c50  0a 0f 00 0f 50 00 2d 1a 32 50 00 0f df 0c 29 35   |....P.-.2P....)5|
002c60  75 69 4d 2a 3b 09 11 00 0f 54 00 2f 1c 32 54 00   |uiM*;....T./.2T.|
002c70  0e da aa 0f 54 00 15 36 4d 61 42 2b 0e 02 0d 00   |....T..6MaB+....|
002c80  0f 4c 00 2b 18 32 4c 00 0e c5 31 0f 4b 02 1b 00   |.L.+.2L...1.K...|
002c90  e2 00 2e 57 75 cd 92 06 18 00 0f 9b 1e 11 02 73   |...Wu..........s|
002ca0  37 17 2f f3 3e 01 d1 3e 05 a8 3f 03 0e 00 0f 4b   |7./.>..>..?....K|
002cb0  00 29 29 32 2e 0e 00 0f 45 35 27 26 4d 61 14 56   |.))2....E5'&Ma.V|
002cc0  09 14 00 0f 4d 0b 27 02 4a cc 1f 32 60 cc 02 0f   |....M.'.J..2`...|
002cd0  3a 69 12 03 97 09 03 06 bc 0b fd ad 01 80 29 04   |:i............).|
002ce0  40 bc 0f 1b 00 07 0e d4 8f 0f 68 00 18 15 46 53   |@.........h...FS|
002cf0  2b 0e 69 00 0d 1c 00 0e 2d 33 0f 6a 00 18 02 bf   |+.i.....-3.j....|
002d00  ab 0f 6b 00 04 0e 1d 00 0e c4 8c 0f 6c 00 18 04   |..k.........l...|
002d10  93 aa 0e 6e 00 0f 1f 00 06 0f 02 43 11 01 9b 03   |...n.......C....|
002d20  07 6e 00 0b c8 39 07 69 00 0f 1a 00 03 0f 74 40   |.n...9.i......t@|
002d30  16 0e 64 00 19 75 c8 00 0d 15 00 0e 98 4f 0f 5a   |..d..u.......O.Z|
002d40  00 14 2e 44 61 bb 00 0d 17 00 0f 5e 00 28 01 6b   |...Da......^.(.k|
002d50  30 0e 5e 00 08 17 00 0f d9 10 16 0e 5e 00 2e 6f   |0.^.........^..o|
002d60  5f 5b 00 1f 6f 58 00 2f 1e 75 b3 00 07 14 00 0f   |_[..oX./.u......|
002d70  c6 01 26 0e 6a 01 0b 15 00 0f b2 00 26 1e 4d 0a   |..&.j.......&.M.|
002d80  01 08 14 00 0e d1 2e 0f 58 00 14 04 83 30 0c 5c   |........X....0.\|
002d90  00 0b 18 00 0f 3c 03 26 06 86 30 0c 62 00 0d 1a   |.....<.&..0.b...|
002da0  00 0f 64 00 27 05 d1 3b 0d 64 00 0c 1a 00 0f d5   |..d.'..;.d......|
002db0  34 11 06 b4 12 07 69 00 0b f4 30 07 69 00 0f 1a   |4.....i...0.i...|
002dc0  00 03 0f da 85 1b 0a 69 00 1e 4b b2 05 0f 18 00   |.......i..K.....|
002dd0  03 0f 01 8b 1b 0a 65 00 09 11 31 0a 68 00 0f 1b   |......e...1.h...|
002de0  00 01 0e 82 10 0f 6b 00 17 0b 1e 31 0a 6d 00 0f   |......k....1.m..|
002df0  1d 00 03 0e cb 11 0f 6f 00 19 1e 65 40 01 0e 19   |.......o...e@...|
002e00  00 0f a6 01 2d 06 41 31 0a 66 00 0d 18 00 0f 5f   |....-.A1.f....._|
002e10  31 34 00 2f 37 4e 4e 75 61 6e e3 43 08 1c 00 0f   |14./7NNuan.C....|
002e20  2a 4f 38 4e 67 57 65 6e ad 30 0a 1d 00 0f fe 42   |*O8NgWen.0.....B|
002e30  25 3b 65 69 5a 01 27 01 12 00 0f b8 5f 28 0e 2f   |%;eiZ.'....._(./|
002e40  d2 08 17 00 0f 6c 20 26 00 e7 52 0b b8 10 05 15   |.....l &..R.....|
002e50  00 0f 31 1e 24 01 40 00 29 54 69 17 12 04 14 00   |..1.$.@.)Ti.....|
002e60  0f a8 00 29 0c 1d 62 05 15 00 0f 64 1b 2b 00 1c   |...)..b....d.+..|
002e70  14 16 59 09 19 04 0f 00 0f 55 00 32 2a 32 2e 0f   |..Y......U.2*2..|
002e80  00 0f 55 00 32 2a 33 2e 0f 00 0e ae 28 0f 55 00   |..U.2*3.....(.U.|
002e90  19 20 4a 69 56 1f 08 01 19 07 12 00 0f 5b 00 35   |. JiV........[.5|
002ea0  1d 32 5b 00 0f 0b 01 2c 02 19 bf 05 b3 00 04 0f   |.2[....,........|
002eb0  00 0f 55 00 32 1a 32 55 00 0f aa 00 33 2a 33 2e   |..U.2.2U....3*3.|
002ec0  0f 00 0f 5b 19 2e 69 6d 65 74 68 79 73 f5 e4 04   |...[..imethys...|
002ed0  14 00 0f 5c 00 31 1b 72 9b fa 04 14 00 0e 6e 40   |...\.1.r......n@|
002ee0  0f 5c 00 1b f9 00 43 72 79 73 74 61 6c 5f 54 69   |.\....Crystal_Ti|
002ef0  74 61 6e 69 75 b8 e4 0c 1c 00 0e e8 3c 0f 6c 00   |taniu.......<.l.|
002f00  1b 03 6b 22 0b ba ff 06 16 00 0f 32 3a 32 0b 2f   |..k".......2:2./|
002f10  63 02 14 00 0f 5a 00 32 0b 63 61 02 14 00 0f 8c   |c....Z.2.ca.....|
002f20  3a 30 2d 32 2e 12 00 0f 56 00 30 2d 33 2e 12 00   |:0-2....V.0-3...|
002f30  0f e2 3a 33 0c db 63 06 b2 00 0f 5c 00 2f 0c 11   |..:3..c....\./..|
002f40  62 06 b8 00 0f 3e 3b 31 0e 35 64 06 bc 00 0f 60   |b....>;1.5d....`|
002f50  00 31 0e 6f 62 06 c0 00 0f 9e 3b 2d 2e 32 2e 13   |.1.ob.....;-.2..|
002f60  00 0f 58 00 31 2e 33 2e 13 00 0f f6 3b 30 2d 32   |..X.1.3.....;0-2|
002f70  2e 12 00 0f 56 00 30 2d 33 2e 12 00 0f 1c 41 2d   |....V.0-3.....A-|
002f80  0b dc bb 06 ab 00 0f 55 00 29 0b e6 bb 06 aa 00   |.......U.)......|
002f90  0f 71 41 2b 0d 77 51 06 ae 00 0f 59 00 2b 0d 7f   |.qA+.wQ....Y.+..|
002fa0  51 06 b2 00 0f ca 41 28 2e 32 2e 13 00 0f 53 00   |Q.....A(.2....S.|
002fb0  2c 2e 33 2e 13 00 0f 1d 42 2c 0a b8 ba 0f a6 00   |,.3.....B,......|
002fc0  2a 1e 75 4f 01 05 13 00 0f 70 42 2d 0b f2 b9 0f   |*.uO.....pB-....|
002fd0  a8 02 29 06 41 00 0b fc b9 0f 50 01 29 1e 4d f6   |..).A.....P.).M.|
002fe0  01 1f 4d f6 01 2c 1e 4d f6 01 06 13 00 0f 18 43   |..M..,.M.......C|
002ff0  30 0e ab b8 06 ae 00 0f 5b 00 2c 0e b2 b8 06 b6   |0.......[.,.....|
003000  00 0f 73 43 2e 0e 31 57 08 ba 00 0f 5f 00 2e 0e   |..sC..1W...._...|
003010  36 57 08 be 00 0f d3 59 2e 1f 32 d3 59 0a 0e cd   |6W.....Y..2.Y...|
003020  04 0f 6a 4d 18 36 61 6f 47 80 4e 0c 17 00 0f 31   |..jM.6aoG.N....1|
003030  1a 29 29 33 2e 0e 00 0f 92 ad 34 0e f1 75 0a 1b   |.))3......4..u..|
003040  00 0e 3c 14 0f 67 00 23 0e f3 75 0b 1c 00 0e 9c   |..<..g.#..u.....|
003050  4f 0f 69 00 22 0e f2 75 06 19 00 0f cc 00 34 0e   |O.i."..u......4.|
003060  3c a6 0c 1c 00 0f 9c 01 35 0e ed 75 09 1b 00 0e   |<.......5..u....|
003070  c0 76 0f 67 00 22 0f 77 1f 04 0b 1e 00 0e a0 0a   |.v.g.".w........|
003080  0f 78 03 13 60 30 31 5f 53 75 69 8f 71 0e e6 5c   |.x..`01_Sui.q..\|
003090  08 1c 00 0f 60 00 30 0d d6 03 08 1c 00 0f 60 00   |....`.0.......`.|
0030a0  30 0d e2 5c 08 1c 00 0f 60 00 30 09 9f 31 0c 1c   |0..\....`.0..1..|
0030b0  00 0f 60 00 30 2f 35 2e 1c 00 08 0f 60 00 26 1f   |..`.0/5.....`.&.|
0030c0  32 e0 01 08 07 1c 00 0f 60 00 30 0e e0 01 07 1c   |2.......`.0.....|
0030d0  00 0f 60 00 30 0e e0 01 07 1c 00 0f 60 00 30 0e   |..`.0.......`.0.|
0030e0  e0 01 07 1c 00 0f 60 00 30 0e e0 01 07 1c 00 0f   |......`.0.......|
0030f0  7b 06 29 29 34 2e 0e 00 0f ab 05 14 0d 81 e9 20   |{.))4.......... |
003100  6f 75 b3 17 00 fb 3b 05 0f 3d 0f 1c 00 05 0f e6   |ou....;..=......|
003110  34 24 00 44 00 02 c1 3d 0a 12 00 0f 35 08 32 1f   |4$.D...=....5.2.|
003120  33 35 08 0a 0f 99 08 33 0d 23 02 0a 1e 00 0f 64   |35.....3.#.....d|
003130  00 32 1f 35 64 00 0a 0f 4c 6e 12 0d 41 cb 03 35   |.2.5d...Ln..A..5|
003140  06 06 f5 ca 0f 18 00 01 0f 06 6a 20 39 48 65 61   |..........j 9Hea|
003150  a4 50 00 10 00 07 c5 80 0f 1a 00 06 0e 85 0a 0f   |.P..............|
003160  6b 00 23 5e 4d 47 57 2e 44 14 00 0f 7a 07 19 21   |k.#^MGW.D...z..!|
003170  42 69 48 3e 0a 36 88 01 13 00 0f c9 00 03 0d 1d   |BiH>.6..........|
003180  00 0e 12 25 0f 6d 00 22 0b cb 00 07 17 00 0f e8   |...%.m."........|
003190  7d 3e 01 fc 38 0e 06 7d 0a 1e 00 0e e0 23 0f b6   |}>..8..}.....#..|
0031a0  5e 25 02 5c 6a 0d 96 5f 05 17 00 0f f5 43 22 4c   |^%.\j.._.....C"L|
0031b0  4a 43 48 2e 11 00 0f 49 00 22 00 78 01 0c 11 00   |JCH....I.".x....|
0031c0  0f ae 8d 37 07 64 4e 0d 01 01 0a 1c 00 0f 74 00   |...7.dN.......t.|
0031d0  44 0b 99 60 0a 1c 00 0f 16 8c 11 05 9e bc 3c 69   |D..`..........<i|
0031e0  61 4a dc 26 37 43 61 6e fa db 0b 16 00 0f 5d 00   |aJ.&7Can......].|
0031f0  2f 11 6f 3e 7b 0e 16 00 0e 53 3d 0f fc b1 1c 05   |/.o>{....S=.....|
003200  fa 55 06 11 00 0f 15 32 33 07 b2 6b 1e 43 01 6d   |.U.....23..k.C.m|
003210  05 19 00 0e d2 03 0f ec 01 25 08 21 6e 0d 61 02   |.........%.!n.a.|
003220  0b 1d 00 0f 76 00 45 1f 32 76 00 09 0f fe 62 38   |....v.E.2v....b8|
003230  06 7e da 0d ea 00 09 1b 00 0f 72 00 43 1f 32 72   |.~........r.C.2r|
003240  00 07 0f e4 00 44 0b e2 63 09 1b 00 0f 72 00 3a   |.....D..c....r.:|
003250  03 e6 51 0e 56 01 08 1b 00 0f 72 00 43 0e 56 01   |..Q.V.....r.C.V.|
003260  06 1b 00 0f 72 00 43 0e 56 01 06 1b 00 0e ce da   |....r.C.V.......|
003270  0f 41 5e 1a 01 8c 0f 22 53 6f 67 b8 23 42 75 58   |.A^...."Sog.#BuX|
003280  69 0f 21 00 0d 0f 75 00 40 2f 32 2e 21 00 0d 0f   |i.!...u.@/2.!...|
003290  75 00 40 2f 33 2e 21 00 0d 0f cc 2f 2d 2a 33 2e   |u.@/3.!..../-*3.|
0032a0  0f 00 0f d8 2e 2b 28 33 2e 0d 00 0f c4 2f 2f 1c   |.....+(3.....//.|
0032b0  33 c4 2f 0e 5c c5 0f e1 82 17 05 38 02 03 0e 00   |3./.\......8....|
0032c0  0f 4b 00 29 29 32 2e 0e 00 0f 4b 00 29 19 33 4b   |.K.))2....K.).3K|
0032d0  00 0f e1 00 2a 29 34 2e 0e 00 0f 4b 00 29 29 35   |....*)4....K.))5|
0032e0  2e 0e 00 0e 82 28 0f 4e 4f 22 11 47 d8 32 0e 4b   |.....(.NO".G.2.K|
0032f0  4f 08 1b 00 0f 26 50 34 03 cc 13 0e 6c 00 09 1c   |O....&P4....l...|
003300  00 0e 92 0b 0f 90 84 18 00 ff 43 00 86 3e 0e 93   |..........C..>..|
003310  84 0e 1f 00 0e ad 5e 0f 96 84 24 0f 98 84 04 0e   |......^...$.....|
003320  4d 1f 0f d0 82 24 0f 60 00 02 1e 33 60 00 0f 0a   |M....$.`...3`...|
003330  81 25 0f 60 00 02 1e 34 60 00 0f 44 7f 25 0f 60   |.%.`...4`..D.%.`|
003340  00 02 1e 35 f0 83 0f ba 85 23 0f bc 85 02 0f 4c   |...5.....#.....L|
003350  84 29 08 de 83 1e 32 f2 83 0e 5c 00 0f 26 82 23   |.)....2...\..&.#|
003360  0e 5c 00 04 74 01 1f 57 5c 80 2e 0e 5c 00 04 70   |.\..t..W\...\..p|
003370  01 1f 5d d2 86 31 0f d4 86 05 0e 62 00 0f 0e 85   |..]..1.....b....|
003380  25 0e 62 00 07 7c 01 1f 5d 4a 83 31 0e 62 00 07   |%.b..|..]J.1.b..|
003390  82 01 1f 5d 86 81 31 0e 62 00 07 88 01 1f 61 fc   |...]..1.b.....a.|
0033a0  87 33 0f fe 87 07 0e 66 00 0f 3c 86 27 0e 66 00   |.3.....f..<.'.f.|
0033b0  09 90 01 1f 61 7c 84 33 0e 66 00 09 94 01 1f 61   |....a|.3.f.....a|
0033c0  bc 82 33 0e 66 00 09 98 01 1f 59 32 89 2f 0f 34   |..3.f.....Y2./.4|
0033d0  89 03 0e 5e 00 0f 6a 87 23 0e 5e 00 05 88 01 1f   |...^..j.#.^.....|
0033e0  59 a2 85 2f 0e 5e 00 05 80 01 1f 59 da 83 2f 0e   |Y../.^.....Y../.|
0033f0  5e 00 0f 08 06 2d 08 3e 8a 0e 52 8a 0f 08 06 2b   |^....-.>..R....+|
003400  08 74 88 0e 5c 00 0f 08 06 2b 08 aa 86 0e 5c 00   |.t..\....+....\.|
003410  0f 08 06 2b 08 e0 84 0e 5c 00 03 70 01 1f 5f 9f   |...+....\..p.._.|
003420  99 31 0c d9 07 07 19 00 0f 03 9a 26 0b 8e 99 09   |.1.........&....|
003430  c9 06 0b 60 00 1f 61 a7 99 32 0d a7 05 0b 66 00   |...`..a..2....f.|
003440  1f 65 ab 99 34 0e 79 04 0c 6a 00 1f 5d af 99 30   |.e..4.y..j..]..0|
003450  0b 63 03 0f 92 01 31 0b 9e 99 09 53 02 0b 60 00   |.c....1....S..`.|
003460  1f 52 97 16 1d 10 44 ea 9f 02 5b 44 0f 18 00 04   |.R....D...[D....|
003470  0f a1 7f 33 00 04 3b 1e 4b a1 7f 06 19 00 0e 16   |...3..;.K.......|
003480  1a 0f 2a 10 1a 01 fa 4a 11 4d 93 75 2c 65 4a 0c   |..*....J.M.u,eJ.|
003490  42 0b 1c 00 0e eb 01 0f fb f9 16 02 46 00 0d f4   |B...........F...|
0034a0  f8 0c 1c 00 0e 77 41 0f 53 12 25 04 1e 01 0d 35   |.....wA.S.%....5|
0034b0  13 07 19 00 0f f5 a5 44 0b 34 13 0a 1c 00 0f 74   |.......D.4.....t|
0034c0  00 44 0b 36 13 0a 1c 00 0f c1 19 23 3c 46 4a 2e   |.D.6.......#<FJ.|
0034d0  11 00 0f 49 00 23 3c 47 59 2e 11 00 0f 0a 1a 23   |...I.#<GY......#|
0034e0  3c 4d 58 2e 11 00 0f 08 4e 1a 00 00 03 5b 69 63   |<MX.....N....[ic|
0034f0  61 6c 2f 40 df 3d 73 70 2e 12 00 0f 59 00 30 1d   |al/@.=sp....Y.0.|
003500  34 59 00 13 34 59 00 1f 50 59 00 24 03 69 de 2a   |4Y..4Y..PY.$.i.*|
003510  73 70 79 de 0f 55 00 30 1b 34 55 00 04 aa 00 1f   |spy..U.0.4U.....|
003520  56 55 00 24 06 85 dd 2d 73 70 98 dd 0f 5b 00 33   |VU.$...-sp...[.3|
003530  1e 34 5b 00 04 b6 00 1f 5a 5b 00 24 08 94 dc 2e   |.4[.....Z[.$....|
003540  73 70 a9 dc 0f 5f 00 36 07 bc 00 0a 15 00 0f 20   |sp..._.6....... |
003550  4f 1b 0c 5f 00 1a 65 1f 02 06 11 00 0f 57 00 2f   |O.._..e......W./|
003560  1c 34 57 00 0f cc 02 2d 03 df da 2a 73 70 ef da   |.4W....-...*sp..|
003570  0f 55 00 30 07 ab 00 05 10 00 0f 41 59 24 5a 46   |.U.0.......AY$ZF|
003580  75 48 65 46 36 4b 03 13 00 0f db 4a 1a 03 fc 1f   |uHeF6K.....J....|
003590  07 f8 06 02 89 ce 0a 8e fe 05 15 00 0e f1 08 0f   |................|
0035a0  5c 00 22 0b 82 44 06 17 00 0e 28 da 0f 60 00 20   |\."..D....(..`. |
0035b0  10 59 42 f7 0a 3a 63 0a 1a 00 0e 55 d4 0f 66 00   |.YB..:c....U..f.|
0035c0  27 0e cb 00 08 1c 00 0e 17 0c 0f 6a 00 21 10 69   |'..........j.!.i|
0035d0  9a 21 1f 2e 19 00 05 0e 51 d4 0f 64 00 26 0e cd   |.!......Q..d.&..|
0035e0  00 07 1b 00 0e b1 0e 0f 68 00 20 06 94 2c 0b 16   |........h. ..,..|
0035f0  00 0e c2 09 0f 5e 00 23 0e c3 00 04 18 00 0f d0   |.....^.#........|
003600  34 11 03 28 27 22 48 6f f8 09 12 53 97 4b 07 0f   |4..('"Ho...S.K..|
003610  00 02 df b0 09 11 00 0f 58 00 33 1c 32 58 00 0f   |........X.3.2X..|
003620  b0 00 34 2c 33 2e 11 00 0f 58 00 33 2c 34 2e 11   |..4,3....X.3,4..|
003630  00 0f 58 00 33 2c 35 2e 11 00 0f 58 00 33 2c 36   |..X.3,5....X.3,6|
003640  2e 11 00 0f 58 00 33 2c 37 2e 11 00 0f 58 00 33   |....X.3,7....X.3|
003650  2c 38 2e 11 00 0f 58 00 33 2c 39 2e 11 00 0f 58   |,8....X.3,9....X|
003660  00 32 3c 31 30 2e 11 00 0f 58 00 33 2c 31 2e 11   |.2<10....X.3,1..|
003670  00 0f 58 00 33 2c 32 2e 11 00 0f 58 00 33 2c 33   |..X.3,2....X.3,3|
003680  2e 11 00 0f 58 00 33 2c 34 2e 11 00 0f 58 00 33   |....X.3,4....X.3|
003690  2c 35 2e 11 00 0f 58 00 33 2c 36 2e 11 00 0f 58   |,5....X.3,6....X|
0036a0  00 33 2c 37 2e 11 00 0f 58 00 33 2c 38 2e 11 00   |.3,7....X.3,8...|
0036b0  0f 58 00 33 1c 39 58 00 0f 70 03 33 3c 32 30 2e   |.X.3.9X..p.3<20.|
0036c0  11 00 0f 36 27 19 0d b9 89 37 6e 67 42 fe 21 0e   |...6'....7ngB.!.|
0036d0  19 00 0f 72 a3 11 09 5d 00 00 30 28 07 30 35 03   |...r...]..0(.05.|
0036e0  0e 00 0f 5e 0f 11 0a 47 00 65 42 69 4e 61 6e 53   |...^...G.eBiNanS|
0036f0  ce 09 04 0f 00 0f 89 33 19 0b 02 8b 01 cf 08 32   |.......3.......2|
003700  53 69 59 92 2e 1f 2e 1e 00 0a 0e c1 44 0f 54 01   |SiY.........D.T.|
003710  16 17 54 ce 6a 0a 15 00 0f 85 36 28 02 52 43 0d   |..T.j.....6(.RC.|
003720  79 8b 03 17 00 0f 6f ef 1b 21 51 69 0d 14 11 41   |y.....o..!Qi...A|
003730  f2 1f 40 41 6e 5f 42 d3 4e 17 2e 0c 00 00 4f 00   |..@An_B.N.....O.|
003740  1f 40 64 01 1e 38 54 61 2e 0d 00 0f a9 a8 3e 01   |.@d..8Ta......>.|
003750  65 2c 0f 81 2c 0a 0f f5 2c 43 09 a5 24 0e 1e 00   |e,..,...,C..$...|
003760  0f 4c a6 2e 1e 44 4c a6 01 15 00 0e 94 31 0f 59   |.L...DL......1.Y|
003770  00 1f 02 f5 47 0f 1a 00 06 0e d9 39 0f 63 00 21   |....G......9.c.!|
003780  1f 75 61 00 04 0e 5c ae 0f 5f 00 21 02 f3 72 1f   |.ua...\.._.!..r.|
003790  2e 1c 00 08 0e 4e 2f 0f 70 57 1e 0e 28 01 08 19   |.....N/.pW..(...|
0037a0  00 0e 61 05 0f 61 00 20 0f d4 57 03 02 25 01 1f   |..a..a. ..W..%..|
0037b0  60 5d 00 2c 0e 24 01 0b 1b 00 0f 4c 02 2e 1f 4d   |`].,.$.....L...M|
0037c0  4c 02 06 1f 4d 4c 02 35 1f 4d 4c 02 04 1f 4d 4c   |L...ML.5.ML...ML|
0037d0  02 33 1f 4d 4c 02 08 19 4d 4c 02 1f 56 67 00 25   |.3.ML...ML..Vg.%|
0037e0  00 79 25 31 4b 75 61 4c 05 0e 16 00 0f 46 02 2c   |.y%1KuaL.....F.,|
0037f0  00 ee 39 0e 58 9c 04 17 00 0f a4 0f 11 05 e9 25   |..9.X..........%|
003800  08 67 6d 20 65 6e ec 18 3b 47 75 4a 92 b3 09 19   |.gm en..;GuJ....|
003810  00 0f dc 01 2b 20 4e 69 1c b9 0e bc 00 05 18 00   |....+ Ni........|
003820  0f c1 03 2b 11 52 6c 4a 1e 6f 60 00 06 19 00 0f   |...+.RlJ.o`.....|
003830  22 04 2d 21 6e 42 88 55 0d 7d 01 05 19 00 0f 05   |".-!nB.U.}......|
003840  06 2a 00 2b 37 0e 5d 00 02 15 00 0e 99 28 0f 43   |.*.+7.]......(.C|
003850  05 20 04 c7 77 1f 2e 1e 00 0a 0e 4c 3d 0f 89 04   |. ..w......L=...|
003860  1f 0f 6a 00 07 07 1d 00 0f d4 00 2e 1f 4d d4 00   |..j..........M..|
003870  0a 1b 4d d4 00 1f 4e dc 65 27 27 69 6e 19 5b 03   |..M...N.e''in.[.|
003880  0e 00 0f 53 00 31 29 32 2e 0e 00 0f 53 00 31 29   |...S.1)2....S.1)|
003890  33 2e 0e 00 0f c4 89 19 0e 8d 71 7e 46 65 61 74   |3.........q~Feat|
0038a0  68 65 72 81 14 0b 1a 00 0f d3 04 2b 9f 53 69 67   |her........+.Sig|
0038b0  6e 70 6f 73 74 2e 17 00 03 0e 54 03 0f 41 67 18   |npost.....T..Ag.|
0038c0  ae 53 65 72 69 66 6c 75 78 2e 44 14 00 0f 38 3b   |.Seriflux.D...8;|
0038d0  29 29 35 2e 0e 00 0e e5 67 0f ea 1e 1a 36 58 75   |))5.....g....6Xu|
0038e0  65 d5 0b 07 12 00 0f 57 00 2c 00 9d 01 0a 21 74   |e......W.,....!t|
0038f0  02 12 00 0e dd 06 0f 57 00 1a 00 b0 05 16 48 f8   |.......W......H.|
003900  1f 09 14 00 0f 48 8f 2c 02 fc c4 2b 43 69 0e 01   |.....H.,...+Ci..|
003910  07 17 00 0e 8f 76 0f 61 00 20 00 38 0d 1b 57 72   |.....v.a. .8..Wr|
003920  64 08 19 00 0e 64 3a 0f 65 00 20 0c df 72 06 16   |d....d:.e. ..r..|
003930  00 0f 31 91 2c 02 49 00 00 f8 0d 05 44 42 0d 18   |..1.,.I.....DB..|
003940  00 0f 35 03 19 0e 63 00 00 8f f0 5e 4f 75 50 6f   |..5...c....^OuPo|
003950  2e 13 00 0e 82 7a 0f 59 00 1c 0c 56 00 2f 50 6f   |.....z.Y...V./Po|
003960  10 11 33 2c 31 2e 11 00 0f 58 00 33 2c 32 2e 11   |..3,1....X.3,2..|
003970  00 0f 58 00 33 2c 33 2e 11 00 0f 58 00 33 2c 34   |..X.3,3....X.3,4|
003980  2e 11 00 0f 58 00 33 2c 35 2e 11 00 0f 58 00 33   |....X.3,5....X.3|
003990  2c 36 2e 11 00 0f 58 00 33 2c 37 2e 11 00 0f 58   |,6....X.3,7....X|
0039a0  00 33 2c 38 2e 11 00 0f 58 00 33 2c 39 2e 11 00   |.3,8....X.3,9...|
0039b0  0f 1a 1f 1b 0c ce 11 24 44 61 07 1d 0b 10 00 0f   |.......$Da......|
0039c0  66 08 1b 0c 57 00 0a 55 00 07 53 00 1f 47 59 40   |f...W..U..S..GY@|
0039d0  1d 7c 42 75 67 6e 65 74 2e 11 00 0f c2 0c 31 09   |.|Bugnet......1.|
0039e0  03 1c 09 19 00 0f fb 06 2b 00 c3 0d 17 50 62 35   |........+....Pb5|
0039f0  09 14 00 0f 5b 00 33 1e 32 5b 00 02 b6 00 1f 78   |....[.3.2[.....x|
003a00  62 3c 35 06 81 25 08 b7 7c 0f 21 00 07 0f b2 99   |b<5..%..|.!.....|
003a10  1f 0a 97 14 04 81 08 0b 16 00 0f 57 00 28 00 0a   |...........W.(..|
003a20  43 0e 4d 99 02 16 00 0f e4 42 2e 1f 32 e4 42 04   |C.M......B..2.B.|
003a30  0e b8 4d 0f 95 3e 1c 45 44 65 6e 67 79 6a 0a 15   |..M..>.EDengyj..|
003a40  00 0e 65 69 0f eb fb 21 0e ee 49 0e 1d 00 0e e8   |..ei...!..I.....|
003a50  c1 0f 6b 00 22 0e f5 4b 0b 1b 00 0f bd fc 33 0e   |..k."..K......3.|
003a60  c3 4c 09 1a 00 0f 65 00 34 0e 8c 4b 08 1a 00 0e   |.L....e.4..K....|
003a70  a4 43 0f 65 00 21 0e bd 4c 05 18 00 0f 92 01 33   |.C.e.!..L......3|
003a80  0e bb 4c 0b 1b 00 0f 88 74 22 05 6c 47 7e 69 72   |..L.....t".lG~ir|
003a90  65 66 6c 79 2e 13 00 0f 4c 90 34 11 59 65 2b 06   |efly....L.4.Ye+.|
003aa0  4d 23 0f 1b 00 01 0f 6b 00 3c 2f 33 2e 1b 00 07   |M#.....k.</3....|
003ab0  0f 6b 00 3c 2f 34 2e 1b 00 07 0f 6b 00 3c 2f 35   |.k.</4.....k.</5|
003ac0  2e 1b 00 07 0f 8f 5e 2c 0a 4b 7d 1f 46 4b 7d 32   |......^,.K}.FK}2|
003ad0  1a 46 4b 7d 04 0f 00 0f 55 00 32 1a 33 55 00 0e   |.FK}....U.2.3U..|
003ae0  97 d8 0f 05 3b 27 2f 5f 32 07 3b 0d 0e 90 58 0f   |....;'/_2.;...X.|
003af0  7a 11 12 05 fe c7 3b 6c 61 77 17 3f 01 12 00 0f   |z.....;law.?....|
003b00  56 00 2b 10 48 f3 99 0b cc 80 1e 72 5a 7a 0f 56   |V.+.H......rZz.V|
003b10  00 1c 5a 54 6f 6f 74 68 57 00 03 13 00 0f 9a 5e   |..ZToothW......^|
003b20  19 0e 58 00 04 64 12 1f 33 79 12 01 0f b4 00 2b   |..X..d..3y.....+|
003b30  00 2c 0f 2d 6c 6c d0 82 22 6c 6c 58 00 1f 73 e7   |.,.-ll.."llX..s.|
003b40  c4 3f 0e 34 49 0b 1f 00 0f 78 00 45 1f 33 78 00   |.?.4I....x.E.3x.|
003b50  0b 0f a4 01 2c 7b 43 61 72 61 70 61 78 ab 02 04   |....,{Carapax...|
003b60  15 00 0f 33 09 2d 4d 5a 61 6f 50 39 07 02 15 00   |...3.-MZaoP9....|
003b70  0f 33 09 19 02 40 00 0b e8 1f 02 ba 0c 07 52 a4   |.3...@........R.|
003b80  0f 20 00 06 0f 5c 32 25 42 75 59 69 51 a2 32 0c   |. ...\2%BuYiQ.2.|
003b90  29 8b 0c 1c 00 0e 56 2b 0f 62 00 16 6e 54 65 58   |).....V+.b..nTeX|
003ba0  69 61 6f 61 00 09 1b 00 0f 4f 6b 16 00 36 06 01   |iaoa.....Ok..6..|
003bb0  f0 0d 0a 76 5c 05 17 00 1e 2e 17 00 0e 50 34 0f   |...v\........P4.|
003bc0  aa 0e 25 00 df 1b 11 61 99 a9 0f 18 00 04 0e 20   |..%....a....... |
003bd0  6a 0f 67 00 2a 02 c5 05 0f 1a 00 03 0f 9a 4d 34   |j.g.*.........M4|
003be0  0b 2a d5 07 17 00 0f 61 00 34 0b 01 8a 07 17 00   |.*.....a.4......|
003bf0  0f 61 00 34 00 6c 33 0f 17 00 03 0f 61 00 34 00   |.a.4.l3.....a.4.|
003c00  84 33 0f 17 00 03 0e 38 58 0f 61 00 22 1b 4c 1c   |.3.....8X.a.".L.|
003c10  03 08 18 00 0f 81 4f 34 00 ff 33 0f 17 00 03 0e   |......O4..3.....|
003c20  a3 0c 0f 61 00 22 2b 58 69 0d 69 09 19 00 0f c6   |...a."+Xi.i.....|
003c30  00 34 0b 9b 2d 07 17 00 0f 74 51 35 0b 0f 03 04   |.4..-....tQ5....|
003c40  14 00 0f 5f 00 35 0c 0e 8d 03 14 00 0f 5f 00 35   |..._.5......._.5|
003c50  0b 0b 03 04 14 00 0f 5f 00 36 0a 09 03 04 14 00   |......._.6......|
003c60  0e 94 be 0f 5f 00 23 0c 07 03 05 15 00 0f 51 53   |...._.#.......QS|
003c70  36 0a 05 03 04 14 00 0e ac c1 0f 5f 00 23 0d 03   |6.........._.#..|
003c80  03 06 16 00 0f c2 00 35 0b 01 03 04 14 00 0f 70   |.......5.......p|
003c90  37 30 1d 35 70 37 1f 35 1b 37 31 1b 35 1b 37 1f   |70.5p7.5.71.5.7.|
003ca0  35 c0 36 34 1e 35 c0 36 1f 35 61 36 36 07 5d 00   |5.64.5.6.5a66.].|
003cb0  0a 15 00 0f 0a 36 2f 1c 35 0a 36 1f 35 b5 35 31   |.....6/.5.6.5.51|
003cc0  1b 35 b5 35 04 55 00 1f 48 52 09 11 00 29 09 0a   |.5.5.U..HR...)..|
003cd0  4d 09 02 4d 00 08 10 00 0e c0 62 0f 3c b6 1a 2c   |M..M......b.<..,|
003ce0  73 70 60 65 02 53 00 1f 45 53 00 13 19 6f 08 65   |sp`e.S..ES...o.e|
003cf0  09 4d 00 1f 6f 4a 00 1a 29 75 6e ac 64 08 4a 00   |.M..oJ..)un.d.J.|
003d00  1f 75 94 00 1a 17 4d 94 00 1a 4d 94 00 15 4d 94   |.u....M...M...M.|
003d10  00 1f 57 0b b9 2d 07 56 00 08 15 00 0f 61 1e 2c   |..W..-.V.....a.,|
003d20  43 4d 6f 4b 75 af c0 05 7c b7 0e 19 00 0f 1a 3f   |CMoKu...|......?|
003d30  2c 03 4c 00 11 4e 9d be 0b d8 05 0c 1c 00 0e 50   |,.L..N.........P|
003d40  19 0f 59 5a 15 11 69 80 8f 0e fd 5d 08 1b 00 0f   |..YZ..i....]....|
003d50  74 2e 19 0a c9 00 06 c1 b1 01 27 c3 0e 15 00 0e   |t.........'.....|
003d60  45 16 0f 5d 00 1f 07 14 26 0f 19 00 05 0f ca 03   |E..]....&.......|
003d70  11 0b 88 18 48 75 6e 4c 75 61 56 06 11 00 0f 4d   |....HunLuaV....M|
003d80  00 14 06 cc 39 00 03 04 37 43 61 6f 42 82 06 11   |....9...7CaoB...|
003d90  00 0f 7b 81 32 00 62 16 2e 4b 75 0d a6 0a 1d 00   |..{.2.b..Ku.....|
003da0  0f 70 62 34 0f 6c 00 04 0b 1e 00 0f ee 18 33 0f   |.pb4.l........3.|
003db0  6c 00 04 0a 1d 00 0f 08 54 39 2e 75 5a 42 56 0e   |l.......T9.uZBV.|
003dc0  1b 00 0e c7 11 0f 27 42 26 13 6f 32 5f 0e 75 00   |......'B&.o2_.u.|
003dd0  0e 1e 00 0f 76 ae 12 0d ac 2f 03 38 01 3e 42 61   |....v..../.8.>Ba|
003de0  2e 13 00 0f a0 1b 28 21 42 75 61 75 0f 16 00 02   |......(!Buau....|
003df0  0f f7 1b 2d 1f 32 f7 1b 02 0e 55 46 0f e8 26 22   |...-.2....UF..&"|
003e00  00 61 c6 1b 44 75 ba 0c 1c 00 0e 4e b2 0f 6a 00   |.a..Du.....N..j.|
003e10  21 2d 54 75 45 d8 07 19 00 0e 14 b1 0f 64 00 23   |!-TuE........d.#|
003e20  2e 6f 4e cd 00 08 1b 00 0e 58 1e 0f ec c6 29 01   |.oN......X....).|
003e30  aa e4 00 99 1b 05 c0 e4 0f 24 00 0a 0e c4 bb 0f   |.........$......|
003e40  0a 02 16 00 21 5a 4e 50 61 43 69 65 02 06 1a 00   |....!ZNPaCie....|
003e50  0f 5f 00 31 0d 6d 02 06 1a 00 0f 46 21 2b 04 9b   |._.1.m.....F!+..|
003e60  01 09 0e 00 0e c3 03 0f 53 00 18 00 32 28 00 5f   |........S...2(._|
003e70  0f 08 0d 00 0f 79 64 26 1f 34 f9 65 08 07 1c 00   |.....yd&.4.e....|
003e80  0f 60 00 30 0e f9 65 07 1c 00 0f 60 00 30 0e f9   |.`.0..e....`.0..|
003e90  65 07 1c 00 0f 60 00 30 0e f9 65 07 1c 00 0f 60   |e....`.0..e....`|
003ea0  00 30 1e 35 60 00 0f d9 67 30 1f 35 e0 01 08 07   |.0.5`...g0.5....|
003eb0  1c 00 0f 60 00 30 0e e0 01 07 1c 00 0f 60 00 30   |...`.0.......`.0|
003ec0  0e e0 01 07 1c 00 0f 60 00 30 0e e0 01 07 1c 00   |.......`.0......|
003ed0  0f 60 00 30 0e e0 01 07 1c 00 0f 0d 43 32 0e 06   |.`.0........C2..|
003ee0  06 0b 1a 00 0f 0d 43 32 04 4c 00 1f 32 68 00 08   |......C2.L..2h..|
003ef0  0e 0d 43 0f 87 18 25 0c 57 75 07 19 00 0f 64 00   |..C...%.Wu....d.|
003f00  37 0b 66 75 07 19 00 0f 64 00 37 1f 34 64 00 05   |7.fu....d.7.4d..|
003f10  0f 17 20 35 00 b1 06 00 1c 34 0e 89 ce 06 1b 00   |.. 5.....4......|
003f20  0f 68 17 19 0d 7a 8b 49 61 6e 4d 61 df c2 0e 1c   |.h...z.IanMa....|
003f30  00 0f 44 26 2a 00 78 2c 06 3d 23 0b 16 00 0f 5b   |..D&*.x,.=#....[|
003f40  8b 27 35 4e 75 50 14 03 09 14 00 0e 74 03 0f dc   |.'5NuP......t...|
003f50  01 25 0c e8 11 08 1a 00 0e 74 03 0f 66 00 27 0e   |.%.......t..f.'.|
003f60  0d 03 08 1c 00 0e 39 5f 0f 8b a7 12 00 28 30 0a   |......9_.....(0.|
003f70  87 ee 03 13 00 0f 0d 1d 23 14 4b 6c 02 0e 69 4f   |........#.Kl..iO|
003f80  0d 1c 00 0f 1e 3d 28 03 d6 0f 1f 2e 17 00 03 0f   |.....=(.........|
003f90  e4 bf 36 0a 75 06 06 17 00 0f 81 3f 30 0d d1 0a   |..6.u......?0...|
003fa0  05 19 00 0f 5d 00 30 04 b8 00 0e 19 00 0e 67 85   |....].0.......g.|
003fb0  0f e6 91 23 10 65 dd 12 0e 6d 10 0c 1f 00 00 6f   |...#.e...m.....o|
003fc0  00 1f 7a 6f 00 38 0f e4 10 0a 0e 27 00 0f d4 92   |..zo.8.....'....|
003fd0  35 00 21 52 0e 87 ea 09 1d 00 0f c9 73 36 0e 6c   |5.!R........s6.l|
003fe0  00 0e 1e 00 0f 47 2a 35 0e 6c 00 0d 1d 00 0e 77   |.....G*5.l.....w|
003ff0  b0 0f d8 00 27 0e 32 02 0e 20 00 0e 33 9a 0f dc   |....'.2.. ..3...|
004000  00 27 0e 70 00 0e 1f 00 00 6f 00 1f 7c e0 00 39   |.'.p.....o..|..9|
004010  0f 1b 13 0b 0f a4 02 03 1f 7a f0 00 38 0f 2f 13   |.........z..8./.|
004020  0a 0f 7f 00 03 1f 6a ba 23 28 03 74 28 01 0c 97   |......j.#(.t(...|
004030  2d 44 65 77 00 0c 1f 00 0f 83 08 26 00 ee 06 01   |-Dew.......&....|
004040  be 00 0e d1 07 0b 1c 00 0f 31 44 19 00 e8 11 01   |.........1D.....|
004050  9c 1a 09 a0 f5 04 15 00 01 41 6e 0f 19 00 05 0f   |.........An.....|
004060  67 00 39 0a 70 1e 09 19 00 0f 67 00 39 0a 78 1e   |g.9.p.....g.9.x.|
004070  09 19 00 0f 67 00 38 0b a5 70 09 19 00 0f 67 00   |....g.8..p....g.|
004080  39 0a 86 1e 09 19 00 0f 6a 51 24 01 78 8b 0a 42   |9.......jQ$.x..B|
004090  0d 03 13 00 0f a5 03 0f 0e 52 08 01 09 fe 06 c7   |.........R......|
0040a0  11 2c 54 75 52 0d 02 12 00 04 07 fe 09 a1 0f 0b   |.,TuR...........|
0040b0  1b 00 0f 7f 00 50 09 d0 0d 0b 1b 00 0f 7f 00 50   |.....P.........P|
0040c0  0a 55 2a 0a 1b 00 0e bd 14 0f 7f 00 37 3c 59 65   |.U*.........7<Ye|
0040d0  4d 81 6b 0a 1a 00 0f 7d 00 4f 0e 7a 01 05 1a 00   |M.k....}.O.z....|
0040e0  0f 7d 00 4f 0e 78 01 05 1a 00 0f f6 01 49 10 5a   |.}.O.x.......I.Z|
0040f0  f6 5c 0e f4 02 08 1b 00 0f 7f 00 50 0e 7a 01 06   |.\.........P.z..|
004100  1b 00 0f 7f 00 50 0e 7c 01 06 1b 00 0f 82 21 1b   |.....P.|......!.|
004110  01 79 00 40 5f 57 61 69 7a 4b 05 e3 21 01 3e 03   |.y.@_WaizK..!.>.|
004120  27 53 48 4b c4 05 12 00 0f 5f 00 39 2d 32 2e 12   |'SHK....._.9-2..|
004130  00 0f 5f 00 39 1d 33 5f 00 0f 1d 01 3a 2d 34 2e   |.._.9.3_....:-4.|
004140  12 00 0f 5f 00 36 1d 59 7c 01 1f 59 7c 01 39 1d   |..._.6.Y|..Y|.9.|
004150  59 7c 01 1f 59 7c 01 39 1d 59 7c 01 1f 59 7c 01   |Y|..Y|.9.Y|..Y|.|
004160  39 1d 59 7c 01 13 59 7c 01 1f 5c 5f 00 31 32 5a   |9.Y|..Y|..\_.12Z|
004170  44 5f 52 52 0b 13 00 0f 61 00 3a 2e 32 2e 13 00   |D_RR....a.:.2...|
004180  0f 61 00 3a 2e 33 2e 13 00 0f 61 00 3a 1e 34 61   |.a.:.3....a.:.4a|
004190  00 0f 84 01 3a 02 ae 3f 0b 13 00 0f 61 00 3a 1e   |....:..?....a.:.|
0041a0  32 61 00 0f 84 01 3a 02 c0 3f 0b 13 00 0f 61 00   |2a....:..?....a.|
0041b0  3a 1e 34 61 00 0f 84 01 3a 3e 33 31 2e 13 00 0f   |:.4a....:>31....|
0041c0  61 00 3a 2e 32 2e 13 00 0f 61 00 3a 2e 33 2e 13   |a.:.2....a.:.3..|
0041d0  00 0f 61 00 3a 2e 34 2e 13 00 0e 89 13 0f 61 00   |..a.:.4.......a.|
0041e0  1d 02 4a 09 07 83 07 06 11 00 0f 5d 00 38 2c 32   |..J........].8,2|
0041f0  2e 11 00 0f 5d 00 38 2c 33 2e 11 00 0f 5d 00 38   |....].8,3....].8|
004200  1c 34 5d 00 0f 74 01 36 07 7b 07 06 11 00 0f 5d   |.4]..t.6.{.....]|
004210  00 38 1c 32 5d 00 0f 74 01 36 07 77 07 06 11 00   |.8.2]..t.6.w....|
004220  0f 5d 00 38 1c 34 5d 00 0f f0 08 30 02 4c 00 08   |.].8.4]....0.L..|
004230  73 07 07 12 00 0f 5f 00 39 2d 32 2e 12 00 0f 5f   |s....._.9-2...._|
004240  00 39 2d 33 2e 12 00 0f 5f 00 39 1d 34 5f 00 0f   |.9-3...._.9.4_..|
004250  7c 01 39 05 6b 07 07 12 00 0f 5f 00 39 1d 32 5f   ||.9.k....._.9.2_|
004260  00 0f 7c 01 39 05 67 07 07 12 00 0f 5f 00 39 1d   |..|.9.g....._.9.|
004270  34 5f 00 0f 7c 01 39 05 63 07 07 12 00 0f 5f 00   |4_..|.9.c....._.|
004280  39 1d 32 5f 00 0f 7c 01 39 05 5f 07 07 12 00 0f   |9.2_..|.9._.....|
004290  5f 00 39 0d 7c 01 02 5c 07 1f 56 28 1e 29 0e b3   |_.9.|..\..V(.)..|
0042a0  25 04 18 00 0f 5b 00 2f 1f 33 5b 00 04 0f 91 b6   |%....[./.3[.....|
0042b0  34 2b 33 2e 10 00 0f 90 6b 37 07 c7 ec 0e be 2a   |4+3.....k7.....*|
0042c0  09 1c 00 0f fd c8 23 7e 4a 5f 32 35 53 2e 42 14   |......#~J_25S.B.|
0042d0  00 0f 4f 00 25 2e 33 35 4f 00 1f 33 4f 00 27 2e   |..O.%.35O..3O.'.|
0042e0  34 35 4f 00 1f 34 4f 00 27 1e 35 4f 00 00 14 00   |45O..4O.'.5O....|
0042f0  0f 8e 20 11 0d 4f 00 10 53 da 00 2b 30 53 51 00   |.. ..O..S..+0SQ.|
004300  04 16 00 0f 53 00 26 1f 34 53 00 02 1f 34 53 00   |....S.&.4S...4S.|
004310  29 1f 35 53 00 02 1f 35 53 00 2a 1e 35 53 00 02   |).5S...5S.*.5S..|
004320  16 00 0e ab 17 0f 53 00 14 2e 36 30 52 00 00 15   |......S...60R...|
004330  00 0f a4 00 26 1e 36 f7 00 03 16 00 0f 5a 31 2f   |....&.6......Z1/|
004340  0e ad 94 06 1b 00 0f 5e 00 2f 0e d6 8c 06 1b 00   |.......^./......|
004350  0f 5e 00 2f 0e d0 8c 06 1b 00 0f 5e 00 2f 0e ca   |.^./.......^./..|
004360  8c 06 1b 00 0f 5e 00 2f 2f 36 2e 1b 00 07 0f 5e   |.....^.//6.....^|
004370  00 2f 2f 37 2e 1b 00 07 0f 74 54 29 29 30 2e 0e   |.//7.....tT))0..|
004380  00 0e be 04 0f 4b 00 18 05 64 17 05 10 00 0f 4f   |.....K...d.....O|
004390  00 2b 1b 32 4f 00 0f ba 74 23 30 5a 68 6f fc 4e   |.+.2O...t#0Zho.N|
0043a0  18 75 2f d2 0a 18 00 0f 57 00 2b 1f 32 57 00 04   |.u/.....W.+.2W..|
0043b0  0f ae 00 2c 07 af d6 0a 18 00 0f 57 00 2b 07 e1   |...,.......W.+..|
0043c0  d5 0a 18 00 0f 57 00 2b 1f 35 57 00 04 0f 48 92   |.....W.+.5W...H.|
0043d0  2a 29 36 2e 0e 00 0f 4b 00 29 29 37 2e 0e 00 0f   |*)6....K.))7....|
0043e0  30 92 14 09 1b 20 2a 6e 67 ca bd 07 12 00 0f d9   |0.... *ng.......|
0043f0  5d 2b 04 04 9a 0f 16 00 02 0f 62 e2 34 5e 58 69   |]+........b.4^Xi|
004400  75 4c 69 a9 aa 07 1a 00 0f 58 f5 26 03 1c 38 0e   |uLi......X.&..8.|
004410  d2 37 06 1a 00 0f 5c 00 2e 0e d4 06 05 1a 00 0f   |.7....\.........|
004420  5c 00 2e 0e d2 06 05 1a 00 0f 5c 00 2e 0e d0 06   |\.........\.....|
004430  05 1a 00 0f 5c 00 2e 0e ce 06 05 1a 00 0f 5c 00   |....\.........\.|
004440  2e 1f 36 5c 00 06 0e c4 d7 0f c5 23 1b 00 90 78   |..6\.......#...x|
004450  00 82 52 01 40 c6 0f 1a 00 06 0f 65 00 37 2f 32   |..R.@......e.7/2|
004460  2e 1a 00 06 0f a4 2e 32 06 12 55 0f 1c 00 08 0e   |.......2..U.....|
004470  5e bb 0f 6a 00 29 0e 10 2f 0a 1e 00 0f 3d 01 2d   |^..j.)../....=.-|
004480  02 b9 3c 4e 52 65 6e 59 15 b9 05 1a 00 0e 7d 2d   |..<NRenY......}-|
004490  0f cc 25 1d 0d b7 52 00 13 00 0e 4a 05 0f 48 91   |..%...R....J..H.|
0044a0  14 02 98 00 09 07 fb 0b 16 00 0f 1d fd 34 04 95   |.............4..|
0044b0  d9 0e e8 54 0e 1f 00 0f d9 1f 30 1d 42 d9 1f 1f   |...T......0.B...|
0044c0  42 cb 23 07 0b 1b 00 0f 7f 00 50 09 8b 02 0b 1b   |B.#.......P.....|
0044d0  00 0f 7f 00 50 1e 33 7f 00 0e cb 23 0f 7f 00 40   |....P.3....#...@|
0044e0  0e cb 23 0b 1a 00 0f 7d 00 4f 0e 7a 01 0e cb 23   |..#....}.O.z...#|
0044f0  0f 7d 00 46 0e 78 01 0e cb 23 0f 7d 00 40 0e cb   |.}.F.x...#.}.@..|
004500  23 0d 1b 00 0f 7f 00 50 1f 32 7f 00 07 0f f4 02   |#......P.2......|
004510  4a 0e cb 23 0d 1b 00 0f bc 32 27 26 43 65 0f 6f   |J..#.....2'&Ce.o|
004520  09 14 00 0e 95 2d 0f 37 05 21 00 d1 6c 30 5a 69   |.....-.7.!..l0Zi|
004530  43 55 bf 1e 57 88 96 09 1e 00 0e 64 3b 0f 5a 06   |CU..W......d;.Z.|
004540  1a 00 24 f8 3e 6f 75 52 43 2f 03 17 00 0f d9 8f   |..$.>ouRC/......|
004550  23 12 44 3f 83 19 2e 0e 00 0f 4e fb 1f 0a 61 3e   |#.D?......N...a>|
004560  05 67 66 0f 1d 00 09 0f 65 00 2d 04 91 06 1f 2e   |.gf.....e.-.....|
004570  1d 00 09 0f 1c 99 2c 00 0c 0d 3d 59 75 4d f1 58   |......,...=YuM.X|
004580  02 16 00 0e 88 2d 0f 5d 00 1f 09 64 09 0e 19 00   |.....-.]...d....|
004590  0f c0 00 2d 00 10 69 0e 51 2e 03 16 00 0e 4c 59   |...-..i.Q.....LY|
0045a0  0f 5d 00 1b 10 42 aa 18 0e 62 00 0c 1b 00 0f 67   |.]...B...b.....g|
0045b0  00 2d 10 4c ca 64 0e 67 00 0c 1b 00 0f 6d 19 2f   |.-.L.d.g.....m./|
0045c0  03 6d 04 07 6b 20 07 12 00 0f 5f 00 39 2d 32 2e   |.m..k ...._.9-2.|
0045d0  12 00 0f 5f 00 39 2d 33 2e 12 00 0f 5f 00 39 2d   |..._.9-3...._.9-|
0045e0  34 2e 12 00 0f 5f 00 36 07 73 20 07 12 00 0f 5f   |4...._.6.s ...._|
0045f0  00 39 1d 32 5f 00 0f 7c 01 37 07 77 20 07 12 00   |.9.2_..|.7.w ...|
004600  0f 5f 00 39 0b 7c 01 0f ee 27 33 03 4d 00 08 7b   |._.9.|...'3.M..{|
004610  20 08 13 00 0f 61 00 3a 2e 32 2e 13 00 0f 61 00   | ....a.:.2....a.|
004620  3a 2e 33 2e 13 00 0f 61 00 3a 1e 34 61 00 0f 84   |:.3....a.:.4a...|
004630  01 3a 05 83 20 08 13 00 0f 61 00 3a 1e 32 61 00   |.:.. ....a.:.2a.|
004640  0f 84 01 3a 05 87 20 08 13 00 0f 61 00 3a 1e 34   |...:.. ....a.:.4|
004650  61 00 0f 84 01 3a 05 8b 20 08 13 00 0f 61 00 3a   |a....:.. ....a.:|
004660  1e 32 61 00 0f 84 01 3a 05 8f 20 08 13 00 0f 61   |.2a....:.. ....a|
004670  00 3a 0e 84 01 02 92 20 1f 62 5c 52 30 28 48 75   |.:..... .b\R0(Hu|
004680  b9 79 0d 18 00 0e bb 0b 0f 67 00 27 4e 59 75 61   |.y.......g.'NYua|
004690  6e ee 53 0b 1d 00 0e d7 e3 0f 97 53 24 02 77 46   |n.S........S$.wF|
0046a0  0f 17 00 03 0f 3d 01 34 00 4e 00 0e d1 00 06 18   |.....=.4.N......|
0046b0  00 0f 63 54 35 2c 59 65 db e2 05 16 00 0f e1 a8   |..cT5,Ye........|
0046c0  35 4e 5a 6f 6e 67 ca 54 09 1a 00 0e cc b0 0f ce   |5NZong.T........|
0046d0  57 22 0e 71 02 0c 1b 00 0e 66 13 0f 69 00 26 0e   |W".q.....f..i.&.|
0046e0  73 02 0f 20 00 03 0e 39 0b 0f 0f 59 23 0d 75 02   |s.. ...9...Y#.u.|
0046f0  0a 1a 00 0f 43 01 34 0e 77 02 0c 1b 00 0f df 59   |....C.4.w......Y|
004700  34 0d 79 02 09 19 00 0f 93 aa 34 0f 7b 02 02 0d   |4.y.......4.{...|
004710  1d 00 0f 75 5b 34 3e 4a 75 58 7b 02 03 18 00 0f   |...u[4>JuX{.....|
004720  35 01 34 0d 43 4d 09 19 00 0f 37 59 35 0c c9 00   |5.4.CM....7Y5...|
004730  05 15 00 0f 75 04 35 0d c7 00 06 16 00 0f 13 62   |....u.5........b|
004740  3e 03 52 e3 1f 32 71 e3 0b 0e 2d e5 0f 5c 81 17   |>.R..2q...-..\..|
004750  08 14 ec 0a 15 00 0e c6 02 0f 90 4d 1f 0f 86 11   |...........M....|
004760  05 0d 21 00 0f 6d 00 31 0f 8e 11 05 0d 21 00 0f   |..!..m.1.....!..|
004770  d0 02 34 00 d6 3d 0a b0 14 08 19 00 0f 65 00 38   |..4..=.......e.8|
004780  0a 96 14 08 19 00 0f d4 02 35 0d cb 00 06 16 00   |.........5......|
004790  0f 63 00 39 1f 33 63 00 02 0e 2a f8 0f 99 60 26   |.c.9.3c...*...`&|
0047a0  0e 90 01 05 19 00 0f 65 00 38 1f 33 65 00 05 0f   |.......e.8.3e...|
0047b0  90 01 37 0c cb 00 06 16 00 0f 63 00 39 0e 90 01   |..7.......c.9...|
0047c0  05 c6 00 1f 6c 53 b1 38 0e 96 01 0b 1f 00 0f 71   |....lS.8.......q|
0047d0  00 3e 1f 33 71 00 0b 0e 3f 47 0f ff b2 2d 0e ae   |.>.3q...?G...-..|
0047e0  01 0c e0 00 0f 6f 00 3b 0e ba 01 0b de 00 1f 60   |.....o.;.......`|
0047f0  a6 b2 32 0e ba 01 05 19 00 0f 65 00 38 1f 33 65   |..2.......e.8.3e|
004800  00 05 0f 50 03 36 0d cb 00 06 16 00 0f 63 00 39   |...P.6.......c.9|
004810  0e 96 01 05 c6 00 1f 60 b5 64 32 0e 90 01 05 19   |.......`.d2.....|
004820  00 0f 65 00 38 1f 33 65 00 05 0f 90 01 37 0c cb   |..e.8.3e.....7..|
004830  00 06 16 00 0f 63 00 39 0e 90 01 05 c6 00 1f 66   |.....c.9.......f|
004840  5a 46 36 0a c9 00 0b 1b 00 0f 6b 00 39 0c a4 07   |ZF6.......k.9...|
004850  0b 1b 00 0f 6b 00 39 0c 7f 06 0b 1b 00 0f 6b 00   |....k.9.......k.|
004860  38 0d 9a 03 0b 1b 00 0f 6b 00 39 0c 75 02 0b 1b   |8.......k.9.u...|
004870  00 0e 5f 0f 0f 6b 00 26 00 85 63 2b 57 65 4e 1f   |.._..k.&..c+WeN.|
004880  1e 44 1f 00 0f 73 00 40 1f 32 73 00 0b 0f e6 00   |.D...s.@.2s.....|
004890  41 2f 33 2e 1f 00 0b 0f 14 d4 29 03 94 0c 00 e4   |A/3.......).....|
0048a0  78 6a 46 75 5a 68 61 6e 27 2a 0e 1d 00 0e 5e 69   |xjFuZhan'*....^i|
0048b0  0f e3 60 25 0d e0 26 04 17 00 0f 3e 83 2b 05 5d   |..`%..&....>.+.]|
0048c0  00 0f 17 00 03 0f 44 56 31 00 db 72 01 d0 88 0f   |......DV1..r....|
0048d0  1a 00 06 0f a0 27 32 04 4c 00 0e 34 27 07 1c 00   |.....'2.L..4'...|
0048e0  0f e3 8e 29 40 4e 5f 59 65 e4 67 07 0c 00 0f c7   |...)@N_Ye.g.....|
0048f0  5b 2b 04 fa f7 09 0e 00 0e 22 53 0f c1 7c 12 00   |[+......."S..|..|
004900  04 27 01 e7 dd 13 75 68 af 0f 1b 00 07 0f 70 36   |.'....uh......p6|
004910  1a 00 cd 77 32 52 75 54 ee cc 02 0b 00 01 e9 35   |...w2RuT.......5|
004920  2c 31 2e 11 00 0f 57 00 32 2c 32 2e 11 00 0f 57   |,1....W.2,2....W|
004930  00 32 2c 33 2e 11 00 0f 45 83 2c 50 43 6f 6e 74   |.2,3....E.,PCont|
004940  72 5b f8 1a 6f 2f d2 08 18 00 0e d7 7e 0f 1b fd   |r[..o/......~...|
004950  13 15 6e 5f 21 06 11 00 0f c9 d8 34 21 58 69 38   |..n_!......4!Xi8|
004960  2f 0b ce eb 0e 1d 00 0f a5 d9 34 01 98 01 4e 48   |/.........4...NH|
004970  75 61 4c d2 5f 07 1c 00 0f 74 7d 2e 1f 73 74 7d   |uaL._....t}..st}|
004980  04 01 36 ee 1f 41 1b 05 11 05 69 cc 6a 6c 69 64   |..6..A....i.jlid|
004990  65 72 2e 0f 00 0f d6 22 2d 21 51 69 0e 06 1d 67   |er....."-!Qi...g|
0049a0  65 2b 06 19 00 0e 93 0d 0f 01 88 1b 07 ba 01 4a   |e+.............J|
0049b0  42 72 6f 6b bc eb 0e 1e 00 0f db fb 0f 06 d2 00   |Brok............|
0049c0  20 48 65 fd b9 0e 22 52 05 18 00 0f 39 7e 05 0e   | He..."R....9~..|
0049d0  21 00 0e 59 0f 0f 77 00 29 3d 44 69 42 98 67 0b   |!..Y..w.)=DiB.g.|
0049e0  1e 00 0e 87 52 0f 71 00 2b 0d 3c e6 0a 1d 00 0e   |....R.q.+.<.....|
0049f0  cd 08 0f 6f 00 29 0f 25 7f 02 0c 1f 00 0f 53 01   |...o.).%......S.|
004a00  3b 0e 31 7f 0d 1e 00 0f 71 00 3c 0e 3d 7f 0c 1e   |;.1.....q.<.=...|
004a10  00 0e 8c 15 0f 71 00 29 0e 99 56 09 1c 00 0f 19   |.....q.)..V.....|
004a20  03 3b 0f 35 55 04 0e 21 00 0f 55 01 3b 0e a1 56   |.;.5U..!..U.;..V|
004a30  0d 1e 00 0f aa 02 3b 0e 3d 80 0e 1f 00 0f 77 dd   |......;.=.....w.|
004a40  12 46 46 61 73 68 d7 08 03 0e 00 55 5f 31 30 30   |.FFash.....U_100|
004a50  30 74 34 0a 15 00 0f 55 00 2c 04 2b 0a 0a 15 00   |0t4....U.,.+....|
004a60  0f 55 00 2c 04 80 0c 0a 15 00 0f 55 00 2c 04 5f   |.U.,.......U.,._|
004a70  34 0a 15 00 0f 55 00 2b 1e 31 54 01 00 15 00 0f   |4....U.+.1T.....|
004a80  55 00 2c 0e 54 01 00 15 00 0f 55 00 2c 0e 54 01   |U.,.T.....U.,.T.|
004a90  00 15 00 0f 55 00 2c 1f 34 55 00 01 0f 54 01 2c   |....U.,.4U...T.,|
004aa0  1e 32 54 01 00 15 00 0f 55 00 2c 0e 54 01 00 15   |.2T.....U.,.T...|
004ab0  00 0f 55 00 2c 0e 54 01 00 15 00 0f 55 00 2c 1f   |..U.,.T.....U.,.|
004ac0  34 55 00 01 0f 54 01 2c 1e 33 54 01 00 15 00 0f   |4U...T.,.3T.....|
004ad0  55 00 2c 0e 54 01 00 15 00 0f 55 00 2c 1f 33 55   |U.,.T.....U.,.3U|
004ae0  00 01 0f 54 01 29 1e 31 fb 04 03 15 00 0f 55 00   |...T.).1......U.|
004af0  2c 1e 32 55 00 0f fb 04 2a 1e 32 aa 00 04 15 00   |,.2U....*.2.....|
004b00  0f b3 2d 2d 28 48 75 a1 7e 0b 16 00 0f 36 3b 34   |..--(Hu.~....6;4|
004b10  30 47 6f 75 e4 84 2f 31 2e 1a 00 06 0f 88 0e 30   |0Gou../1.......0|
004b20  1c 32 36 0f 1f 32 57 00 34 2c 32 2e 11 00 0f 57   |.26..2W.4,2....W|
004b30  00 32 1c 33 57 00 0e ac 16 0f e1 2f 1d 00 22 70   |.2.3W....../.."p|
004b40  00 e1 81 3d 70 65 74 16 3a 0a 1d 00 0f 6b 00 3a   |...=pet.:....k.:|
004b50  1f 32 6b 00 09 0e 2d 01 0f f7 2f 1e 05 e1 0e 08   |.2k...-.../.....|
004b60  13 00 0f 38 0e 2d 20 48 65 cd 2f 0e 5d 00 07 19   |...8.- He./.]...|
004b70  00 0e 5e 8a 0f 01 3a 1c 6d 61 76 65 42 6f 78 8b   |..^...:.maveBox.|
004b80  01 05 18 00 0f 61 00 35 0c 81 01 05 18 00 0f 5b   |.....a.5.......[|
004b90  c2 1a 98 52 65 70 61 69 72 4b 69 74 fd 0e 05 15   |...RepairKit....|
004ba0  00 3a 5f 57 51 e3 16 0a 1a 00 0f 6a 00 3c 1f 32   |.:_WQ......j.<.2|
004bb0  6a 00 06 0f d4 00 3d 09 d1 16 0a 1a 00 0f 6a 00   |j.....=.......j.|
004bc0  3c 09 c5 3e 0a 1a 00 0f 6a 00 39 2e 5a 42 a8 01   |<..>....j.9.ZB..|
004bd0  06 1a 00 0f 6a 00 3c 0e a8 01 05 1a 00 0f 6a 00   |....j.<.......j.|
004be0  3c 0e a8 01 05 1a 00 0f 6a 00 3c 0e a8 01 05 1a   |<.......j.<.....|
004bf0  00 0f 13 3e 2d ac 57 65 61 70 6f 6e 54 72 61 69   |...>-.WeaponTrai|
004c00  29 0f 07 1a 00 0f da 04 11 0d 42 44 b1 42 61 74   |).........BD.Bat|
004c10  74 6c 65 66 69 65 6c 64 f7 bc 1f 2e 1e 00 0a 0e   |tlefield........|
004c20  24 32 0f 1f 3e 20 05 fd 01 0d 18 00 0f 9c 05 2d   |$2..> .........-|
004c30  94 50 6c 61 6e 74 5f 43 61 76 fe 15 0e 19 00 0e   |.Plant_Cav......|
004c40  b9 10 0f 63 00 21 af 47 72 61 73 73 6c 61 6e 64   |...c.!.Grassland|
004c50  2e 1e 00 0a 0f d0 00 33 5f 48 69 6c 6c 2e 19 00   |.......3_Hill...|
004c60  05 0f d4 65 2d 02 4a 00 85 52 61 69 6e 46 6f 72   |...e-.J..RainFor|
004c70  65 8c ea 0f 1f 00 05 0e a3 10 0f 6f 00 21 9e 53   |e..........o.!.S|
004c80  6e 6f 77 6d 6f 75 6e 74 d0 02 0e 21 00 0f 3c 03   |nowmount...!..<.|
004c90  2d 03 52 00 5f 77 61 6d 70 2e 1a 00 06 0f fd 37   |-.R._wamp......7|
004ca0  2d 02 4b 00 7f 56 61 6c 6c 65 79 2e 1b 00 07 0e   |-.K..Valley.....|
004cb0  c4 2c 0f 67 00 22 5c 6f 6c 63 61 6e 8e 39 09 1c   |.,.g."\olcan.9..|
004cc0  00 0f 17 02 2d 92 54 6f 74 65 6d 50 6f 6c 65 60   |....-.TotemPole`|
004cd0  14 0c 51 ab 0c 1f 00 0f 17 0a 2d 06 50 00 3e 44   |..Q.......-.P.>D|
004ce0  75 59 6d 00 08 1d 00 0f da 00 36 00 ac 0c 06 4c   |uYm.......6....L|
004cf0  2f 0f 1f 00 05 0f 7e ab 2b 67 4d 6f 6f 73 65 2e   |/.....~.+gMoose.|
004d00  0c 00 0e 77 84 0f 4f 00 1e 6c 5f 53 6c 65 64 2e   |...w..O..l_Sled.|
004d10  11 00 0f 68 ed 25 15 6a a1 cf 74 61 6c 63 65 64   |...h.%.j..talced|
004d20  6f 6e bf 02 0b 16 00 0f 05 a5 2b 5c 50 6f 69 73   |on........+\Pois|
004d30  6f 62 49 02 15 00 0f 4e f2 24 00 33 1d 3a 52 61   |obI....N.$.3.:Ra|
004d40  6e 8f 81 05 15 00 0f cc 38 1b 0c 67 01 5b 4b 75   |n.......8..g.[Ku|
004d50  72 6d 61 08 1e 09 14 00 0e d8 05 0f 61 1e 20 0d   |rma.........a. .|
004d60  19 8d 09 16 00 0f 3a b7 32 02 1a 1f 0f 18 00 04   |......:.2.......|
004d70  0f 96 b9 33 1e 65 9e b7 09 1a 00 0f c8 00 31 00   |...3.e........1.|
004d80  6d 76 05 6f 0d 0d 18 00 0f 51 77 35 1e 4c c8 00   |mv.o.....Qw5.L..|
004d90  07 1a 00 0f 66 00 32 04 53 02 0f 1a 00 06 0f 13   |....f.2.S.......|
004da0  49 34 02 4c 00 0e a7 48 07 1c 00 0f d4 a3 32 26   |I4.L...H......2&|
004db0  59 69 ea f7 0c 17 00 0e eb 06 0f 61 00 20 03 36   |Yi.........a. .6|
004dc0  79 0c 9c 9d 09 1b 00 0f 69 00 3a 0b aa 9d 09 1b   |y.......i.:.....|
004dd0  00 0f 69 00 3a 0c a6 94 08 1b 00 0f 69 00 3a 09   |..i.:.......i.:.|
004de0  96 0c 0b 1b 00 0f 69 00 3a 1f 35 69 00 07 0f a5   |......i.:.5i....|
004df0  e0 12 05 6a 0d 58 45 6d 6f 74 65 68 00 01 11 00   |...j.XEmoteh....|
004e00  29 5f 32 83 53 04 14 00 0f 5a 00 32 3e 38 2e 44   |)_2.S....Z.2>8.D|
004e10  14 00 0f 5a 00 32 3e 39 2e 44 14 00 0f 5a 00 31   |...Z.2>9.D...Z.1|
004e20  14 33 39 54 09 14 00 0f 5a 00 32 09 6d 03 04 14   |.39T....Z.2.m...|
004e30  00 0f 5a 00 32 09 5e 03 04 14 00 0f 5a 00 32 09   |..Z.2.^.....Z.2.|
004e40  4f 03 04 14 00 0f 5a 00 32 09 40 03 04 14 00 0f   |O.....Z.2.@.....|
004e50  5a 00 32 09 31 03 04 14 00 0f 5a 00 32 09 3f 50   |Z.2.1.....Z.2.?P|
004e60  04 14 00 0f 5a 00 32 0d 84 03 00 14 00 0f 5a 00   |....Z.2.......Z.|
004e70  32 0d 84 03 00 14 00 0f 5a 00 32 2e 39 2e 14 00   |2.......Z.2.9...|
004e80  0f 84 03 32 1d 34 84 03 00 14 00 0f 5a 00 32 0d   |...2.4......Z.2.|
004e90  84 03 00 14 00 0f 5a 00 32 0d 84 03 00 14 00 0f   |......Z.2.......|
004ea0  5a 00 32 0d 84 03 00 14 00 0f 5a 00 32 0d 84 03   |Z.2.......Z.2...|
004eb0  00 14 00 0f 5a 00 32 0d 84 03 00 14 00 0f 5a 00   |....Z.2.......Z.|
004ec0  32 0d 84 03 00 14 00 0f 5a 00 32 0d 84 03 00 14   |2.......Z.2.....|
004ed0  00 0f 5a 00 32 0d 84 03 00 14 00 0f 5a 00 32 2e   |..Z.2.......Z.2.|
004ee0  39 2e 14 00 0f 84 03 32 1d 35 84 03 00 14 00 0f   |9......2.5......|
004ef0  5a 00 32 0d 84 03 00 14 00 0f 5a 00 32 0d 84 03   |Z.2.......Z.2...|
004f00  00 14 00 0f 5a 00 32 0d 84 03 00 14 00 0f 5a 00   |....Z.2.......Z.|
004f10  32 0d 84 03 00 14 00 0f 5a 00 32 0d 84 03 00 14   |2.......Z.2.....|
004f20  00 0f 5a 00 32 0d 84 03 00 14 00 0f 5a 00 32 0d   |..Z.2.......Z.2.|
004f30  84 03 00 14 00 0f 5a 00 32 0d 84 03 00 14 00 0f   |......Z.2.......|
004f40  5a 00 32 2e 39 2e 14 00 0f 84 03 32 1d 36 84 03   |Z.2.9......2.6..|
004f50  00 14 00 0f e4 5b 1f cd 42 65 61 63 6f 6e 54 6f   |.....[..BeaconTo|
004f60  77 65 72 2e 12 00 0f f8 13 19 04 9e c0 00 74 15   |wer...........t.|
004f70  f1 02 6e 67 65 50 6c 61 74 66 6f 72 6d 5f 54 72   |..ngePlatform_Tr|
004f80  69 62 65 e6 18 0f 22 00 0e 0e fd 27 0f 6f 00 1f   |ibe..."....'.o..|
004f90  6f 52 6f 62 62 65 72 70 00 0a 06 23 00 0f e5 21   |oRobberp...#...!|
004fa0  27 1e 33 8a 27 04 15 00 0f 55 00 2c 1e 32 55 00   |'.3.'....U.,.2U.|
004fb0  0f 8f 22 2a 1e 33 8a 27 04 15 00 0f 55 00 2c 0c   |.."*.3.'....U.,.|
004fc0  e2 24 02 15 00 0f 55 00 2c 04 99 04 0a 15 00 0f   |.$....U.,.......|
004fd0  74 68 28 10 42 16 14 06 a5 a8 0d 18 00 0f 32 7f   |th(.B.........2.|
004fe0  27 04 c9 90 4c 48 6f 75 73 fd 1a 09 1c 00 0f 63   |'...LHous......c|
004ff0  00 27 01 39 12 3e 47 75 69 63 00 0b 1c 00 0f 9e   |.'.9.>Guic......|
005000  20 19 0d 7b 2f 3e 59 75 58 62 00 0b 1b 00 0f 36   | ..{/>YuXb.....6|
005010  85 1f 05 b6 42 00 7b 45 0e 5f 00 08 19 00 0f cb   |....B.{E._......|
005020  18 19 01 15 16 05 96 69 33 69 6c 64 27 16 85 48   |.......i3ild'..H|
005030  61 6e 64 52 61 69 6c b8 12 0f 1d 00 03 0f 9f 02   |andRail.........|
005040  27 1e 34 f3 03 04 15 00 0f 55 00 2c 1e 32 55 00   |'.4......U.,.2U.|
005050  0f f3 03 2a 1e 34 f3 03 04 15 00 0f bd ac 2a 8e   |...*.4........*.|
005060  42 65 65 50 75 70 61 2e 13 00 0f ac 00 2c 0c 4a   |BeePupa......,.J|
005070  04 02 15 00 0f 56 6a 26 0c ba 68 02 14 00 0f de   |.....Vj&..h.....|
005080  cf 14 01 65 02 65 46 65 73 74 69 76 7a 13 04 0f   |...e.eFestivz...|
005090  00 cf 5f 52 65 64 4c 61 6e 74 65 72 6e 2e 1a 00   |.._RedLantern...|
0050a0  06 0f 5a aa 23 06 a8 7c 25 72 6b cf 1c 07 12 00   |..Z.#..|%rk.....|
0050b0  0f 0c 1a 11 1c 53 b5 bb 03 3b 00 35 52 6f 61 65   |.....S...;.5Roae|
0050c0  1e 0d 18 00 0e d9 03 0f 59 00 17 8f 53 65 74 4d   |........Y...SetM|
0050d0  65 61 6c 2e 1a 00 06 0f 18 02 2c 1e 35 18 02 03   |eal.......,.5...|
0050e0  0d 06 1f 5c d0 1b 2c 9f 41 63 74 69 76 69 74 79   |...\..,.Activity|
0050f0  2e 15 00 01 0e f8 d3 0f 2a 02 1f 34 54 72 65 f0   |........*..4Tre.|
005100  04 09 14 00 0e 9c 19 0f 5c 00 1f 0a f3 f1 0c 17   |........\.......|
005110  00 0f e8 02 31 30 46 6f 6f 51 a4 4f 73 69 63 2e   |....10FooQ.Osic.|
005120  1a 00 06 0f 68 00 36 6f 44 72 69 6e 6b 2e 1a 00   |....h.6oDrink...|
005130  06 0e 06 1a 0f 68 00 24 34 4d 65 61 06 03 0e 19   |.....h.$4Mea....|
005140  00 0f ce 00 36 01 13 20 1f 2e 1a 00 06 0e 6e 1a   |....6.. ......n.|
005150  0f 68 00 24 09 29 04 0f 1b 00 01 0f 4c c0 2b 00   |.h.$.)......L.+.|
005160  0e 22 5f 42 61 6c 6c 2e 17 00 03 0f 56 89 11 05   |."_Ball.....V...|
005170  c3 0c 0b c8 00 03 63 d7 03 ee af 0e d6 02 0f 25   |......c........%|
005180  00 10 00 7f 00 1f 80 7f 00 3b 0d f3 02 0f 28 00   |.........;....(.|
005190  0e 0f 85 00 45 08 10 03 0f 28 00 0e 00 85 00 1f   |....E....(......|
0051a0  7e 85 00 40 07 2d 03 0f 27 00 0d 0f 08 01 45 08   |~..@.-..'.....E.|
0051b0  4a 03 0f 28 00 0e 00 85 00 1f 82 85 00 40 0e 90   |J..(.........@..|
0051c0  07 0f 29 00 0a 0e ca 0a 0f 87 00 25 0e 79 00 0b   |..)........%.y..|
0051d0  1b 00 0f 5c 07 27 1e 35 ca 0a 04 15 00 0f 55 00   |...\.'.5......U.|
0051e0  2a 1e 31 55 00 01 15 00 0f 5c 05 31 85 47 6f 6c   |*.1U.....\.1.Gol|
0051f0  64 65 6e 44 65 a7 10 1e 46 1a 00 0f 89 02 40 0d   |denDe...F.....@.|
005200  77 00 0f 28 00 0e 0e 6d 76 0f ed 00 1f 40 53 70   |w..(...mv....@Sp|
005210  72 69 97 22 7d 69 66 74 54 61 62 6c 49 08 0c 20   |ri."}iftTablI.. |
005220  00 0f 55 06 36 02 59 00 1f 2e 1b 00 07 0f 6a 00   |..U.6.Y.......j.|
005230  31 40 53 74 72 69 2a 77 2d 67 68 28 07 07 1b 00   |1@Stri*w-gh(....|
005240  0f 48 01 31 06 f9 6a 0e d9 00 0e 20 00 02 de 00   |.H.1..j.... ....|
005250  1f 6b 9d 09 33 0f 72 00 04 0a 1e 00 0f 75 08 31   |.k..3.r......u.1|
005260  00 3f ba 55 77 6f 72 6b 5f 7c 03 0e 1a 00 0f 68   |.?.Uwork_|.....h|
005270  00 3a 05 ae 0e 0e 1a 00 0f 6d 76 11 0d 4c 0c 00   |.:.......mv..L..|
005280  ac f5 1c 4a 59 9b 03 14 00 00 51 00 1f 8f d2 03   |...JY.....Q.....|
005290  1e 02 5d 01 0f 6e 08 12 0a a7 01 0f 2c 00 12 00   |..]..n......,...|
0052a0  94 00 1f 93 94 00 42 0e af 02 0f 2e 00 19 00 98   |......B.........|
0052b0  00 1f 87 98 00 42 0d f6 0e 0f 28 00 0e 00 8c 00   |.....B....(.....|
0052c0  1f 83 8c 00 42 0e 2e 02 0f 26 00 09 00 88 00 1f   |....B....&......|
0052d0  89 88 00 43 0d c5 04 0f 29 00 0f 0f 8e 00 47 0e   |...C....).....G.|
0052e0  bd 05 0f 29 00 0f 0f c3 d2 2b 9d 43 6f 6c 6f 72   |...).....+.Color|
0052f0  52 69 62 62 63 2a 07 1a 00 00 63 00 1f 67 e0 04   |Ribbc*....c..g..|
005300  36 3f 5f 56 2e 1c 00 08 0f 59 0f 11 03 2a 75 0a   |6?_V.....Y...*u.|
005310  c1 08 06 f0 71 46 48 61 74 31 8e 13 0d 18 00 0f   |....qFHat1......|
005320  62 00 36 0e 7e 73 03 18 00 0f 62 00 36 0e 84 73   |b.6.~s....b.6..s|
005330  03 18 00 0f 7b 1a 32 0d a5 1d 00 14 00 0f aa 76   |....{.2........v|
005340  29 29 38 2e 0e 00 0f 4b 00 29 29 39 2e 0e 00 0f   |))8....K.))9....|
005350  4b 00 28 39 31 30 2e 0e 00 0f 4b 00 29 19 31 4b   |K.(910....K.).1K|
005360  00 0f 2c 01 29 05 56 40 03 0e 00 0f d1 01 32 2e   |..,.).V@......2.|
005370  32 2e 14 00 0f 5a 00 33 0d 1c 1f 00 14 00 0f 5a   |2....Z.3.......Z|
005380  00 32 2e 34 2e 14 00 0f df 02 33 0d 1c 1f 00 14   |.2.4......3.....|
005390  00 0f 5a 00 32 0d 1c 1f 00 14 00 0f 5a 00 32 2e   |..Z.2.......Z.2.|
0053a0  37 2e 14 00 01 1c 1f 1f 74 96 aa 36 00 d2 4b 6f   |7.......t..6..Ko|
0053b0  76 65 79 6f 72 2e 22 00 0e 0e f5 9b 0f 79 00 32   |veyor."......y.2|
0053c0  5f 5f 42 6f 78 2e 26 00 12 0f 79 5d 1f 01 ce 37   |__Box.&...y]...7|
0053d0  00 de ca 35 72 6f 75 63 36 0a 15 00 0e 63 10 0f   |...5rouc6....c..|
0053e0  d6 00 33 7f 50 69 6c 6c 61 72 2e 29 00 15 0f 8a   |..3.Pillar.)....|
0053f0  1b 27 06 90 ca 1f 2e 19 00 05 00 5d 00 1f 76 21   |.'.........]..v!|
005400  cb 2e 11 46 4a 00 24 61 69 2b 7c 20 53 6d 4a 14   |...FJ.$ai+| SmJ.|
005410  0f 20 00 0c 0e ae 02 0f 7b 00 26 4f 46 61 4d 75   |. ......{.&OFaMu|
005420  7a 00 08 0b 1f 00 0f f4 00 38 5f 57 61 4a 75 65   |z........8_WaJue|
005430  7a 00 08 0c 20 00 0a e3 1a 40 41 64 64 69 e6 03   |z... ....@Addi..|
005440  51 4d 61 70 30 31 89 00 12 50 89 00 00 d6 03 1e   |QMap01...P......|
005450  2f 75 f1 2b 4b 2e 10 00 0a de 1b 0f 4f 00 1c 8e   |/u.+K.......O...|
005460  53 6f 62 65 63 6b 2e 42 14 00 0f 57 00 2b 7e 63   |Sobeck.B...W.+~c|
005470  61 72 61 62 2e 42 14 00 0a 2c 13 0f 57 00 0f 0c   |arab.B...,..W...|
005480  d3 08 31 44 4c 43 21 3b 00 52 00 0e 89 7d 09 1e   |..1DLC!;.R...}..|
005490  00 0f 6b 00 39 0e 20 0a 09 1e 00 0f 6b 00 39 0e   |..k.9. .....k.9.|
0054a0  29 0a 09 1e 00 0f 6b 00 39 0e 32 0a 09 1e 00 0f   |).....k.9.2.....|
0054b0  6b 00 39 0e c5 7d 09 1e 00 0a 48 36 0f 6b 00 0b   |k.9..}....H6.k..|
0054c0  51 4d 61 74 65 72 50 76 00 12 f8 08 65 a7 7e 4b   |QMaterPv....e.~K|
0054d0  5f 42 6f 6e 65 2e 13 00 0f 5f 00 35 25 53 6b 48   |_Bone...._.5%SkH|
0054e0  3b 08 13 00 0a 9d 1c 0f 5f 00 27 01 f9 c7 2e 2e   |;......._.'.....|
0054f0  44 14 00 0a 40 32 0f 61 00 24 03 81 03 01 aa c7   |D...@2.a.$......|
005500  1f 2e 18 00 04 0a fd 25 0f 69 00 2b 7a 54 65 6e   |.......%.i.+zTen|
005510  74 61 63 6c c7 d7 0a 1b 00 0f d8 00 39 0d 3d 01   |tacl........9.=.|
005520  08 18 00 0a 77 3c 0f 69 00 25 02 19 05 0c 64 02   |....w<.i.%....d.|
005530  07 17 00 0f 67 00 39 0c 6c 02 07 17 00 0f 37 01   |....g.9.l.....7.|
005540  33 02 50 00 0e 37 01 07 18 00 0f 0f 02 14 a3 50   |3.P..7.........P|
005550  72 6f 70 2f 45 71 75 69 70 66 00 03 db 03 29 5f   |rop/Equipf....)_|
005560  31 c9 bf 00 f3 03 02 17 00 1f 2e 17 00 03 0f 6f   |1..............o|
005570  00 2d 1f 32 6f 00 03 0b 14 fe 05 17 00 0f 6f 00   |.-.2o.........o.|
005580  2d 1f 33 6f 00 03 04 6a 6f 0c 17 00 0a d3 3f 0f   |-.3o...jo.....?.|
005590  4d 01 37 0f e0 00 05 1c 31 60 5c 0f 51 01 37 0f   |M.7.....1`\.Q.7.|
0055a0  53 01 07 0e 73 00 0f 55 01 34 0f 73 00 05 1e 33   |S...s..U.4.s...3|
0055b0  7e 07 0f 59 01 25 01 06 c2 0c a4 02 0a 15 00 0f   |~..Y.%..........|
0055c0  6b 00 2d 1e 32 6b 00 06 a0 02 0a 15 00 0f 6b 00   |k.-.2k........k.|
0055d0  2d 1e 33 6b 00 06 9c 02 0a 15 00 0f e7 03 35 0b   |-.3k..........5.|
0055e0  2c 01 0e d8 00 06 96 02 1f 6a 45 01 3e 0f 47 01   |,........jE.>.G.|
0055f0  05 0f e7 03 36 0b 34 01 0e 6f 00 06 8e 02 1f 6c   |....6.4..o.....l|
005600  4d 01 30 04 3c c4 0c 91 02 0d 18 00 0f 71 00 2d   |M.0.<........q.-|
005610  1e 32 71 00 09 97 02 0d 18 00 0f 71 00 2d 1f 33   |.2q........q.-.3|
005620  71 00 04 1e 33 71 00 06 a0 02 1f 70 53 01 41 0e   |q...3q.....pS.A.|
005630  e4 00 0a a6 02 1f 70 57 01 41 0f 59 01 08 0e 75   |......pW.A.Y...u|
005640  00 0f 5b 01 35 0e 75 00 0a b2 02 0f 5f 01 31 06   |..[.5.u....._.1.|
005650  91 c6 0c b4 02 1e 58 1a 00 0f 5f 01 35 0e 5b 00   |......X..._.5.[.|
005660  1f 32 75 00 06 0f 5f 01 36 0e 5b 00 1e 33 75 00   |.2u..._.6.[..3u.|
005670  08 be 02 1f 74 5f 01 43 0e ec 00 0c c2 02 1f 74   |....t_.C.......t|
005680  63 01 43 0f 65 01 0a 0e 79 00 0f 67 01 37 0e 79   |c.C.e...y..g.7.y|
005690  00 0c ca 02 1f 68 6b 01 32 1e 65 0b 08 0c 16 00   |.....hk.2.e.....|
0056a0  0f 6d 00 2d 1e 32 6d 00 09 be 02 1c 65 0e 08 1f   |.m.-.2m.....e...|
0056b0  68 53 01 32 1e 65 0f 08 0c 16 00 0f c3 06 35 0c   |hS.2.e........5.|
0056c0  31 01 0e dc 00 07 aa 02 1f 6c 4b 01 3f 0f 4d 01   |1........lK.?.M.|
0056d0  06 0f c3 06 36 0c 39 01 0e 71 00 0f a4 0a 3c 01   |....6.9..q....<.|
0056e0  44 cb 0c 99 02 0a 15 00 0f a4 0a 35 09 56 00 1e   |D..........5.V..|
0056f0  32 6b 00 0f a4 0a 38 09 56 00 1e 33 6b 00 0f a4   |2k....8.V..3k...|
005700  0a 38 0b 2c 01 0e d8 00 0f a4 0a 3b 0b 30 01 0e   |.8.,.......;.0..|
005710  47 01 0f a4 0a 3b 0b 34 01 0e 6f 00 0f 28 05 26   |G....;.4..o..(.&|
005720  60 61 6e 64 69 74 73 67 00 33 45 47 5f 0e 00 00   |`anditsg.3EG_...|
005730  e5 7d 62 41 72 6d 5f 4c 76 8b 02 0f 1a 00 03 0f   |.}bArm_Lv.......|
005740  6d 00 3f 1f 32 6d 00 06 0f da 00 40 2f 33 2e 1a   |m.?.2m.....@/3..|
005750  00 06 0f 6d 00 3f 2f 34 2e 1a 00 06 0e 23 02 0f   |...m.?/4.....#..|
005760  6d 00 26 01 b0 78 0e b5 01 09 1b 00 0f 6f 00 40   |m.&..x.......o.@|
005770  0e b7 01 06 1b 00 0f 6f 00 40 0e b9 01 06 1b 00   |.......o.@......|
005780  0f 6f 00 40 1f 34 6f 00 07 0f bc 01 38 00 cd 23   |.o.@.4o.....8..#|
005790  1e 74 bc 01 0a 1b 00 0f 6f 00 40 0e bc 01 06 1b   |.t......o.@.....|
0057a0  00 0f 6f 00 40 0e bc 01 06 1b 00 0f 6f 00 40 0e   |..o.@.......o.@.|
0057b0  bc 01 06 1b 00 0f e5 03 38 3e 4c 65 67 bb 01 09   |........8>Leg...|
0057c0  1a 00 0f 6d 00 3f 0e b9 01 05 1a 00 0f 6d 00 3f   |...m.?.......m.?|
0057d0  0e b7 01 05 1a 00 0f 6d 00 3f 0e b5 01 05 1a 00   |.......m.?......|
0057e0  0a fc 2a 0f 6d 00 11 00 cb e1 03 6a 00 01 9b 3e   |..*.m......j...>|
0057f0  10 45 c8 8a 0b dc 06 0e 19 00 0f 68 00 3b 04 ab   |.E.........h.;..|
005800  01 0e 19 00 0f 68 00 3b 04 a6 01 0e 19 00 0f 68   |.....h.;.......h|
005810  00 3b 1f 34 68 00 05 0b 4f 5b 0f 68 00 26 0c c8   |.;.4h...O[.h.&..|
005820  06 1e 54 1a 00 0f 6a 00 3c 0e a3 01 09 c2 06 0f   |..T...j.<.......|
005830  6a 00 38 0e a5 01 09 bd 06 0f 6a 00 38 1f 34 6a   |j.8.......j.8.4j|
005840  00 06 0f a8 01 35 0c b4 06 0e 1a 00 0f a8 01 35   |.....5.........5|
005850  0c af 06 0e 1a 00 0f a8 01 35 0c aa 06 0e 1a 00   |.........5......|
005860  0f a8 01 35 0c a5 06 0e 1a 00 0f f0 04 35 0b a0   |...5.........5..|
005870  06 0e 19 00 0f 68 00 3b 1f 32 68 00 05 0f f0 04   |.....h.;.2h.....|
005880  35 0b 96 06 0e 19 00 0f 68 00 3b 0e a1 01 0f 90   |5.......h.;.....|
005890  06 39 0e 6c 0d 0e 19 00 0f 68 00 3b 1e 32 68 00   |.9.l.....h.;.2h.|
0058a0  0f 90 06 38 0e 62 0d 0e 19 00 0f 68 00 3b 1e 34   |...8.b.....h.;.4|
0058b0  68 00 0f 90 06 38 0e 58 0d 0f 1a 00 01 0f 6a 00   |h....8.X......j.|
0058c0  3c 0e a3 01 0f 90 06 3a 0e 4e 0d 0f 1a 00 01 0f   |<......:.N......|
0058d0  6a 00 3c 0e a7 01 0f 90 06 3a 0e 44 0d 0f 1a 00   |j.<......:.D....|
0058e0  01 0f 6a 00 3c 0e a8 01 0f 90 06 3a 0e 3a 0d 0f   |..j.<......:.:..|
0058f0  1a 00 01 0f 6a 00 3c 0e a8 01 0f 90 06 3a 0e 30   |....j.<......:.0|
005900  0d 0e 19 00 0f 68 00 3b 0e a5 01 0f 90 06 39 0e   |.....h.;......9.|
005910  26 0d 0e 19 00 0f 68 00 3b 0e a1 01 0f 90 06 27   |&.....h.;......'|
005920  48 57 6f 6c 66 68 00 1f 46 20 0d 05 09 19 00 0f   |HWolfh..F ......|
005930  68 00 3b 09 a0 01 09 19 00 0f 68 00 3b 09 a0 01   |h.;.......h.;...|
005940  09 19 00 0f 68 00 3b 1e 34 68 00 0e 90 06 0f 68   |....h.;.4h.....h|
005950  00 29 0e 90 06 0d 1a 00 0f 6a 00 3c 0e a3 01 0e   |.).......j.<....|
005960  90 06 0f 6a 00 33 0e a5 01 0e 90 06 0f 6a 00 33   |...j.3.......j.3|
005970  1f 34 6a 00 06 0f a8 01 35 0e 90 06 0d 1a 00 0f   |.4j.....5.......|
005980  6a 00 3c 1f 32 6a 00 06 0f a8 01 35 0e 90 06 0d   |j.<.2j.....5....|
005990  1a 00 0f 6a 00 3c 1f 34 6a 00 06 0f f0 04 35 0e   |...j.<.4j.....5.|
0059a0  90 06 0b 19 00 0f 68 00 3b 1f 32 68 00 05 0f f0   |......h.;.2h....|
0059b0  04 35 0e 90 06 0b 19 00 0f 68 00 3b 0e a1 01 0f   |.5.......h.;....|
0059c0  90 06 39 0e 20 0d 0e 19 00 0f 68 00 3b 1e 32 68   |..9. .....h.;.2h|
0059d0  00 0f 90 06 38 0e 20 0d 0e 19 00 0f 68 00 3b 1e   |....8. .....h.;.|
0059e0  34 68 00 0f 90 06 38 0f 20 0d 05 0a 1a 00 0f 6a   |4h....8. ......j|
0059f0  00 3c 0e a3 01 0f 90 06 3a 0f 20 0d 05 0a 1a 00   |.<......:. .....|
005a00  0f 6a 00 3c 0e a7 01 0f 90 06 3a 0f 20 0d 05 0a   |.j.<......:. ...|
005a10  1a 00 0f 6a 00 3c 0e a8 01 0f 90 06 3a 0f 20 0d   |...j.<......:. .|
005a20  05 0a 1a 00 0f 6a 00 3c 0e a8 01 0f 90 06 3a 0e   |.....j.<......:.|
005a30  20 0d 0e 19 00 0f 68 00 3b 0e a5 01 0f 90 06 39   | .....h.;......9|
005a40  0e 20 0d 0e 19 00 0f 68 00 3b 0e a1 01 08 90 06   |. .....h.;......|
005a50  0f 5e 7a 28 1e 33 5e 7a 0f 7a 57 2a 1e 32 55 00   |.^z(.3^z.zW*.2U.|
005a60  04 15 00 0f 25 fa 2c 00 e2 05 2c 6f 72 4a 6f 02   |....%.,...,orJo.|
005a70  15 00 00 5b 00 1f 4d 8b 89 20 3d 4d 6f 6e 9d 37   |...[..M.. =Mon.7|
005a80  02 13 00 0f 52 00 2b 2e 32 2e 13 00 0f a9 01 2c   |....R.+.2......,|
005a90  1f 34 a9 01 01 0f fe 01 2d 0c c1 52 02 15 00 0f   |.4......-..R....|
005aa0  fe 01 2c 1e 34 fe 01 0f aa 00 2a 1e 32 aa 00 04   |..,.4.....*.2...|
005ab0  15 00 0f 9c 3e 32 0d 5e 5d 00 14 00 0f 5a 00 32   |....>2.^]....Z.2|
005ac0  2e 39 2e 14 00 0f 5e 5d 32 1d 37 5e 5d 00 14 00   |.9....^]2.7^]...|
005ad0  0a b4 02 0f 6c 35 0b 20 57 68 b7 1e 13 50 2c 76   |....l5. Wh...P,v|
005ae0  10 5f 0f 00 02 9d 05 09 11 00 0f 52 00 2d 2c 33   |._.........R.-,3|
005af0  2e 11 00 0f 52 00 2d 2c 34 2e 11 00 0f 52 00 2d   |....R.-,4....R.-|
005b00  2c 35 2e 11 00 0f 52 00 2d 2c 36 2e 11 00 0f 52   |,5....R.-,6....R|
005b10  00 2d 2c 37 2e 11 00 0f 52 00 2d 1c 38 52 00 01   |.-,7....R.-.8R..|
005b20  f2 02 1f 44 b8 3f 1e 16 54 aa ed 04 0f 00 0f e9   |...D.?..T.......|
005b30  7f 34 00 5f 40 16 59 c4 9e 1e 47 1a 00 0f 0b ef   |.4._@.Y...G.....|
005b40  1f 80 42 69 4e 61 6e 53 75 6f 24 7f 1e 2e 13 00   |..BiNanSuo$.....|
005b50  0f 51 00 2a 2e 33 2e 13 00 0f 51 00 2a 2e 34 2e   |.Q.*.3....Q.*.4.|
005b60  13 00 0f 51 00 2a 1e 35 51 00 0f 0c be 29 05 67   |...Q.*.5Q....).g|
005b70  65 03 0e 00 0f 51 c1 2e 0a b8 65 0b 1b 00 0e 7f   |e....Q....e.....|
005b80  41 0f 99 7b 12 0c 4b 3a 09 84 7b 03 9a 2c 0f 1f   |A..{..K:..{..,..|
005b90  00 0b 0e 3c ef 0f 79 00 35 0e f2 7c 0d 21 00 0f   |...<..y.5..|.!..|
005ba0  f6 00 46 0f 7b 00 0c 1f 32 f6 00 46 1f 32 7b 00   |..F.{...2..F.2{.|
005bb0  0f 0f f6 00 47 0e f9 7d 0a 1f 00 0f f6 00 46 1f   |....G..}......F.|
005bc0  33 f6 00 0d 1f 33 f6 00 48 0e 85 7e 0a 1f 00 0f   |3....3..H..~....|
005bd0  f6 00 46 1f 34 f6 00 0d 1f 34 f6 00 48 2f 35 2e   |..F.4....4..H/5.|
005be0  1f 00 0b 0f f6 00 46 1e 35 f6 00 0d 21 00 0f 7a   |......F.5...!..z|
005bf0  4e 31 87 53 61 6e 78 69 6e 67 64 7e b9 0f 1c 00   |N1.Sanxingd~....|
005c00  02 0f 6c 00 3c 1f 32 6c 00 08 0b 7d cd 0f ef 3f   |..l.<.2l...}...?|
005c10  14 10 43 04 0f 09 62 7a 4c 75 66 61 2e 11 00 0e   |..C...bzLufa....|
005c20  e6 45 0f 5b 00 20 4a 46 69 67 2e 0f 00 0a b9 60   |.E.[. JFig.....`|
005c30  0f 57 00 25 4b 6c 61 78 2e 10 00 0a 08 49 0f 59   |.W.%Klax.....I.Y|
005c40  00 24 4a 47 61 72 6c f2 5b 02 12 00 0f 26 44 22   |.$JGarl.[....&D"|
005c50  0d 5d 00 7e 69 6e 67 65 6c 69 2e 13 00 0f c7 01   |.].~ingeli......|
005c60  32 6c 4f 6e 69 6f 6e 2e 11 00 0f 5b 00 32 2b 57   |2lOnion....[.2+W|
005c70  68 ff 5b 01 11 00 0a 5a 0d 0f 5b 00 14 3a 46 72   |h.[....Z..[..:Fr|
005c80  75 c0 83 5b 44 61 74 65 2e 10 00 0a 72 61 0f 5a   |u..[Date....ra.Z|
005c90  00 24 00 04 82 3c 70 65 2e 11 00 0a cc 80 0f 5c   |.$...<pe.......\|
005ca0  00 14 5d 53 65 65 64 2f 22 03 00 16 00 1f 2e 16   |..]Seed/".......|
005cb0  00 02 0a 4d 53 0f 65 00 24 01 0a 01 0c 64 00 05   |...MS.e.$....d..|
005cc0  15 00 0f 5a 46 22 0c 63 00 00 91 03 0c 62 00 04   |...ZF".c.....b..|
005cd0  14 00 0f c4 00 32 01 9a 03 0d 62 00 04 15 00 0f   |.....2....b.....|
005ce0  15 45 22 0c 63 00 03 a2 03 0c 65 00 07 17 00 0f   |.E".c.....e.....|
005cf0  f3 01 32 02 3d 02 0d 66 00 05 16 00 0f 65 00 32   |..2.=..f.....e.2|
005d00  02 b3 03 0c 65 00 06 16 00 0a 76 f0 0f 65 00 0b   |....e.....v..e..|
005d10  00 dc 55 09 3b a4 0b b6 5c 13 42 9e 5c 1f 5f 50   |..U.;...\.B.\._P|
005d20  00 24 00 20 00 8b 4c 6f 74 75 73 57 61 74 5a 00   |.$. ..LotusWatZ.|
005d30  09 1a 00 0f 27 04 19 0c 64 00 00 ee 02 44 53 79   |....'...d....DSy|
005d40  72 75 37 84 0a 15 00 0f 27 04 19 0c 5a 00 99 46   |ru7.....'...Z..F|
005d50  69 73 68 5f 4b 61 73 68 fa 06 06 16 00 0f f1 0f   |ish_Kash........|
005d60  19 0d 5c 00 5c 6c 6f 75 72 2e 11 00 0e a2 16 0f   |..\.\lour.......|
005d70  52 00 18 42 72 69 65 64 08 02 00 ac 57 2f 73 2e   |R..Bried....W/s.|
005d80  1c 00 08 0a 71 68 0f 68 00 1b 55 49 6e 63 65 6e   |....qh.h..UIncen|
005d90  9a 6b 08 13 00 0f 10 01 29 3a 4b 61 53 67 01 05   |.k......):KaSg..|
005da0  62 01 0f be 01 25 01 ee 00 4e 73 61 6c 61 28 03   |b....%...Nsala(.|
005db0  01 16 00 0f 04 01 29 8e 50 61 6e 63 61 6b 65 2e   |......).Pancake.|
005dc0  13 00 0a 7b 66 0f 56 00 1c ac 65 70 70 65 72 6d   |...{f.V...epperm|
005dd0  69 6e 74 77 2f 03 0b 1b 00 0a f6 57 0f 66 00 1b   |intw/......W.f..|
005de0  01 c3 69 20 65 64 8a 06 19 46 72 01 09 19 00 0f   |..i ed...Fr.....|
005df0  62 00 31 0d 6e 08 09 19 00 0f 2a 01 29 80 53 61   |b.1.n.....*.).Sa|
005e00  63 68 61 49 6e 63 f9 85 0b 88 01 0b 1b 00 0f 52   |chaInc.........R|
005e10  03 29 07 4b 00 3a 50 61 73 83 08 0c 1c 00 0f 30   |.).K.:Pas......0|
005e20  01 29 ba 53 63 65 6e 74 65 64 70 6f 77 64 f6 01   |.).Scentedpowd..|
005e30  09 19 00 0a 3b 86 0f 62 00 1c 9a 70 69 72 61 6c   |....;..b...piral|
005e40  5f 42 72 65 0e 03 08 18 00 0f 38 06 29 2a 57 69   |_Bre......8.)*Wi|
005e50  d5 4c 00 10 00 0f 38 06 19 05 ed 06 09 b4 04 4e   |.L....8........N|
005e60  61 6e 6b 69 6d 04 08 18 00 00 64 00 1f 4f 64 00   |ankim.....d..Od.|
005e70  28 2a 4d 69 2f 66 00 10 00 0a 34 13 0f 54 00 1f   |(*Mi/f....4..T..|
005e80  01 d1 06 39 6c 69 6c 89 65 05 15 00 0f 7d 67 1a   |...9lil.e....}g.|
005e90  0c e3 0e 2f 4c 43 e7 0e 06 06 d5 3f 0f 22 00 0e   |.../LC.....?."..|
005ea0  0f 83 00 4d 0e 6b 0f 0d 22 00 0f 83 00 4d 0f 55   |...M.k.."....M.U|
005eb0  12 07 09 12 40 1f 82 89 01 49 0f 08 01 10 03 4e   |....@....I.....N|
005ec0  14 1f 82 8d 01 49 0f 8f 01 12 0f 87 00 4e 0f 6d   |.....I.......N.m|
005ed0  13 09 0b 5a 40 1f 7d ef 60 1f 9f 61 6e 58 69 6e   |...Z@.}.`..anXin|
005ee0  67 44 75 69 f3 60 02 06 1f 00 0a 1e 03 0f 21 00   |gDui.`........!.|
005ef0  02 0f 82 00 4d 1f 32 82 00 0d 0e d6 ab 0f 5c 58   |....M.2.......\X|
005f00  27 00 ae 49 38 4c 69 65 c0 59 0f 1c 00 02 0f b3   |'..I8Lie.Y......|
005f10  1e 2c 04 a4 5c 0a 15 00 0f 55 00 2c 04 9f 5c 0a   |.,..\....U.,..\.|
005f20  15 00 0f 55 00 2c 04 58 1e 0a 15 00 0f 55 00 2c   |...U.,.X.....U.,|
005f30  04 53 1e 0a 15 00 0f ab 90 11 05 67 fe 11 2f a9   |.S.........g../.|
005f40  1b 26 6f 75 08 59 03 11 00 9f 5f 45 78 70 6c 6f   |.&ou.Y...._Explo|
005f50  64 65 2e 19 00 05 0f 33 db 2f 09 6c 1f 0b 1b 00   |de.....3./.l....|
005f60  0f 5e 00 2f 09 70 1f 0b 1b 00 0f 5e 00 2e 1e 31   |.^./.p.....^...1|
005f70  9e 1a 06 1b 00 0f 5e 00 2f 0e 22 5a 06 1b 00 0f   |......^./."Z....|
005f80  5e 00 2f 1f 32 5e 00 07 0e 55 9b 0f 69 65 1a 01   |^./.2^...U..ie..|
005f90  1d 91 2e 2e 42 14 00 0e 5b 04 0f 94 02 29 03 b0   |....B...[....)..|
005fa0  5c 0f 1f 00 0b 0a c8 ab 0f 74 25 11 63 53 61 64   |\........t%.cSad|
005fb0  64 6c 65 7b 75 12 41 eb 96 02 0a 00 0e a2 0a 0f   |dle{u.A.........|
005fc0  4c 00 1a 67 43 61 6d 65 6c 2e 0c 00 0e 52 0b 0f   |L..gCamel....R..|
005fd0  50 00 1f 50 5f 50 65 6e 64 75 70 1e 42 14 00 0e   |P..P_Pendup.B...|
005fe0  02 0b 0f 60 00 27 02 3f 27 0e 16 00 0e 3a 11 0f   |...`.'.?'....:..|
005ff0  64 00 1a bc 52 68 69 6e 6f 63 65 72 6f 73 2e 11   |d...Rhinoceros..|
006000  00 00 5a 00 1f 84 bc 60 37 20 44 6f 71 4d 0d 50   |..Z....`7 DoqM.P|
006010  60 0f 2a 00 10 0f ae d1 1f 53 52 75 51 69 6e f3   |`.*......SRuQin.|
006020  02 04 c5 03 09 14 00 0f 53 00 2b 04 ba 03 09 14   |........S.+.....|
006030  00 0f 53 00 2b 04 b1 0a 09 14 00 0f 53 00 2b 04   |..S.+.......S.+.|
006040  63 1c 09 14 00 0f 53 00 2b 04 c0 1b 09 14 00 0f   |c.....S.+.......|
006050  53 00 2b 1e 36 53 00 02 9c 23 1f 61 f1 8e 1c 4b   |S.+.6S...#.a...K|
006060  53 75 6d 6d d5 b1 01 12 00 0c 32 fe 06 16 00 0f   |Summ......2.....|
006070  66 00 3a 0b 63 fd 06 16 00 0f cc 00 3b 0a 30 fe   |f.:.c.......;.0.|
006080  06 16 00 0f 66 00 3b 0a fd fe 06 16 00 0f 32 01   |....f.;.......2.|
006090  3b 0a 2e fe 06 16 00 0f d3 6a 36 0e 36 60 03 18   |;........j6.6`..|
0060a0  00 0f 71 82 2c 0c f0 0a 02 15 00 0f 4e de 26 03   |..q.,.......N.&.|
0060b0  32 01 0e e4 6b 06 1a 00 0f 13 01 36 0e b2 de 03   |2...k......6....|
0060c0  18 00 0f 13 01 2c 1e 37 13 01 03 ae 0b 1f 45 b7   |.....,.7......E.|
0060d0  00 13 02 3f 00 ab 55 53 42 5f 45 6d 70 74 79 2e   |...?..USB_Empty.|
0060e0  10 00 0e d9 7f 0f 8f d6 18 05 b1 05 05 10 00 0f   |................|
0060f0  4f 00 2b 1b 33 4f 00 0f 47 2d 1a 0a 2c 2d 8c 4e   |O.+.3O..G-..,-.N|
006100  75 50 61 6f 5f 50 72 26 9c 05 18 00 0f 60 74 11   |uPao_Pr&.....`t.|
006110  05 90 0e 04 8b 09 05 58 0e 30 58 75 6e e5 54 30   |.......X.0Xun.T0|
006120  59 69 57 2a b3 3f 61 6f 2e 22 00 0e 0f 2b 68 27   |YiW*.?ao."...+h'|
006130  02 b3 00 25 49 72 f3 15 0e 19 00 0f 80 1f 19 01   |...%Ir..........|
006140  63 14 1c 46 2b 1c 00 e0 1a 15 41 a9 87 09 14 00   |c..F+.....A.....|
006150  0e ed 1c 0f 5d 00 24 0b a4 0f 05 16 00 0e 38 61   |....].$.......8a|
006160  0f 61 00 21 8a 44 72 6f 6d 65 64 61 72 a8 79 09   |.a.!.Dromedar.y.|
006170  1a 00 0e ed 4a 0f 69 00 2a 0e d0 00 08 1c 00 0e   |....J.i.*.......|
006180  a7 65 0f 6d 00 21 07 48 0a 0f 1b 00 07 0e 1f 64   |.e.m.!.H.......d|
006190  0f 6b 00 2b 0e d9 00 09 1d 00 0f 67 cf 19 04 ae   |.k.+.......g....|
0061a0  06 05 fb 89 09 c6 c9 46 72 65 6e 61 b7 e9 09 14   |.......Frena....|
0061b0  00 0f 65 00 3d 1e 32 65 00 0f ca 00 3f 09 6a 06   |..e.=.2e....?.j.|
0061c0  04 14 00 0f 65 00 3b 00 e5 ba 0e 14 00 0f 2f 01   |....e.;......./.|
0061d0  3c 0b 64 15 04 14 00 0f 65 00 3d 1e 33 65 00 0f   |<.d.....e.=.3e..|
0061e0  2f 01 3d 00 de ac 0e 14 00 0f 2f 01 3c 0b 0c 16   |/.=......./.<...|
0061f0  04 14 00 0f 65 00 3d 1e 33 65 00 0f 2f 01 3d 2e   |....e.=.3e../.=.|
006200  33 5f 2f 01 1f 33 2f 01 3d 0b b4 16 04 14 00 0f   |3_/..3/.=.......|
006210  65 00 3d 1e 33 65 00 0f 2f 01 3d 2e 34 5f 2f 01   |e.=.3e../.=.4_/.|
006220  1f 34 2f 01 3d 0b 5a 2a 04 14 00 0f 65 00 3d 1e   |.4/.=.Z*....e.=.|
006230  33 65 00 0e 8b 9d 0f 65 00 2b 2e 45 67 31 01 03   |3e.....e.+.Eg1..|
006240  16 00 0f 69 00 3f 0e 35 01 01 16 00 0f 69 00 3f   |...i.?.5.....i.?|
006250  1f 33 69 00 02 0e 40 cb 0f 69 00 2c 59 4e 6f 4e   |.3i...@..i.,YNoN|
006260  61 6d b1 1d 09 19 00 0e cd d5 0f 6f 00 29 0e 6d   |am.........o.).m|
006270  00 07 17 00 0f 4f 6b 39 3a 54 61 69 f6 6c 06 17   |.....Ok9:Tai.l..|
006280  00 0f 83 92 11 6c 53 68 75 4a 75 4b c4 7e 00 13   |.....lShuJuK.~..|
006290  00 d6 5f 6e 76 6c 69 75 6c 61 6e 67 7a 68 65 63   |.._nvliulangzhec|
0062a0  83 0f 23 00 09 0f 71 00 3a 2f 32 2e 23 00 0f 0f   |..#...q.:/2.#...|
0062b0  71 00 3a 2f 33 2e 23 00 0f 0f 71 00 3a 2f 34 2e   |q.:/3.#...q.:/4.|
0062c0  23 00 0f 0f 71 00 3a 2f 35 2e 23 00 0f 0f 71 00   |#...q.:/5.#...q.|
0062d0  3a 2f 36 2e 23 00 0f 0f 71 00 3a 2f 37 2e 23 00   |:/6.#...q.:/7.#.|
0062e0  0f 0f 71 00 3a 2f 38 2e 23 00 0f 0f 71 00 3a 2f   |..q.:/8.#...q.:/|
0062f0  39 2e 23 00 0f 0f 71 00 39 0a ca 1a 0f 23 00 04   |9.#...q.9....#..|
006300  0f 71 00 3a 0e 6a 04 0e 23 00 0f 71 00 3a 0e 6a   |.q.:.j..#..q.:.j|
006310  04 0e 23 00 0f 71 00 3a 0e 6a 04 0e 23 00 0f 71   |..#..q.:.j..#..q|
006320  00 3a 0e 6a 04 0e 23 00 0f 71 00 3a 0e 6a 04 0e   |.:.j..#..q.:.j..|
006330  23 00 0f 71 00 3a 0e 6a 04 0e 23 00 0f 71 00 3a   |#..q.:.j..#..q.:|
006340  0e 6a 04 0e 23 00 0f 71 00 3a 0e 6a 04 0e 23 00   |.j..#..q.:.j..#.|
006350  0f 71 00 3a 1f 39 71 00 0f 0f 6a 04 3a 1e 32 6a   |.q.:.9q...j.:.2j|
006360  04 0e 23 00 0f 71 00 3a 0e 6a 04 0e 23 00 0f 71   |..#..q.:.j..#..q|
006370  00 3a 0e 6a 04 0e 23 00 0f 71 00 3a 0e 6a 04 0e   |.:.j..#..q.:.j..|
006380  23 00 0f 71 00 3a 0e 6a 04 0e 23 00 0f 71 00 3a   |#..q.:.j..#..q.:|
006390  0e 6a 04 0e 23 00 0f 71 00 3a 1f 36 71 00 0f 0e   |.j..#..q.:.6q...|
0063a0  64 f7 0f 71 00 1b 10 77 49 00 1e 69 74 0b 0a 1d   |d..q...wI..it...|
0063b0  00 0f 65 00 34 0e 94 02 08 1d 00 0f 65 00 34 0e   |..e.4.......e.4.|
0063c0  88 02 08 1d 00 0f 65 00 34 0e 7c 02 08 1d 00 0f   |......e.4.|.....|
0063d0  65 00 34 0e 70 02 08 1d 00 0e 1e b8 0f 65 00 1a   |e.4.p........e..|
0063e0  7f 70 61 6e 6c 75 61 6e 71 0d 07 09 21 00 0f 6d   |.panluanq...!..m|
0063f0  00 38 0e 05 02 0c 21 00 0f 6d 00 38 0e 0d 02 0c   |.8....!..m.8....|
006400  21 00 0f 6d 00 38 0e 15 02 0c 21 00 0f 6d 00 38   |!..m.8....!..m.8|
006410  0e 1d 02 0c 21 00 0e f0 42 0f 6d 00 1a 8e 68 75   |....!...B.m...hu|
006420  65 72 77 75 65 72 1f 02 0c 1f 00 0f 69 00 36 0e   |erwuer......i.6.|
006430  1b 02 0a 1f 00 0f 69 00 36 0e 17 02 0a 1f 00 0f   |......i.6.......|
006440  69 00 36 0e 13 02 0a 1f 00 0e 4d 8c 0f 69 00 1a   |i.6.......M..i..|
006450  4e 73 68 69 6b c0 03 0a 1c 00 0f 63 00 33 0e 9b   |Nshik......c.3..|
006460  01 07 1c 00 0e e7 29 0f 63 00 1a 7e 63 68 61 6f   |......).c..~chao|
006470  62 65 6e c8 00 0b 1e 00 0f 67 00 35 1f 32 67 00   |ben......g.5.2g.|
006480  0a 0f ce 00 36 0e 65 02 09 1e 00 0f 67 00 35 0e   |....6.e.....g.5.|
006490  63 02 09 1e 00 0e ef 28 0f 8c 06 1b cf 65 69 7a   |c......(.....eiz|
0064a0  68 69 77 65 6e 6d 69 6e 67 27 08 05 0b 24 00 0f   |hiwenming'...$..|
0064b0  73 00 3b 2f 32 2e 24 00 10 0f 73 00 3b 2f 33 2e   |s.;/2.$...s.;/3.|
0064c0  24 00 10 0f 73 00 3b 1f 34 73 00 10 0f cc 01 3c   |$...s.;.4s.....<|
0064d0  2f 35 2e 24 00 10 0f 73 00 3b 2f 36 2e 24 00 10   |/5.$...s.;/6.$..|
0064e0  0f 73 00 3b 2f 37 2e 24 00 10 0f fd 3f 19 21 53   |.s.;/7.$....?.!S|
0064f0  68 3b 72 44 61 74 30 31 34 c2 00 a8 4a 02 12 00   |h;rDat014...J...|
006500  1d 2e 12 00 0f 5b 00 1e 00 05 00 28 30 33 5b 00   |.....[.....(03[.|
006510  02 12 00 1d 2e 12 00 0e dc 17 0f 5b 00 1e 87 52   |...........[...R|
006520  61 66 74 53 74 65 65 02 93 0d 18 00 0e b1 22 0f   |aftStee.......".|
006530  67 00 1f 7e 75 64 64 65 72 53 2e 13 00 0e 31 42   |g..~udderS....1B|
006540  0f 1f 01 1f 31 61 6e 64 68 be 1e 44 14 00 0f bc   |....1andh..D....|
006550  00 30 8e 45 6e 67 69 6e 65 53 2e 13 00 0e f9 3f   |.0.EngineS.....?|
006560  0f bc 00 1f 89 70 65 65 64 53 61 69 6c 60 00 06   |.....peedSail`..|
006570  16 00 0e 06 44 0f 63 00 1d 00 87 38 3c 67 53 2e   |....D.c....8<gS.|
006580  11 00 0f bc 00 1e 48 44 65 63 6b 57 00 00 10 00   |......HDeckW....|
006590  00 b0 3d 29 6f 72 f5 02 07 17 00 0e 8c 24 0f 63   |..=)or.......$.c|
0065a0  00 21 4e 57 61 6c 6c 62 00 01 16 00 0e 4a 40 0f   |.!NWallb.....J@.|
0065b0  dd 01 24 08 85 db 0c 17 00 0f 07 c3 19 58 45 67   |..$..........XEg|
0065c0  79 70 74 64 a9 01 3e 03 68 68 69 63 6b 65 6e ca   |yptd..>.hhicken.|
0065d0  a9 0e 1c 00 0e 8b aa 0f 69 00 1e 00 2e 42 00 cf   |........i....B..|
0065e0  04 04 46 27 0d 18 00 0e 9d c4 0f 61 00 1c 49 48   |..F'.......a..IH|
0065f0  69 70 70 b6 ab 0e 1a 00 0b 70 1c 0f 65 00 1f 00   |ipp......p..e...|
006600  ba 03 31 67 61 43 cc c7 1f 2e 1b 00 07 0f 56 05   |..1gaC........V.|
006610  23 1d 32 56 05 2d 32 2e 12 00 0f 33 04 23 1e 32   |#.2V.-2....3.#.2|
006620  ef 04 2e 4d 2e 13 00 0f 33 04 23 1f 32 33 04 02   |...M....3.#.23..|
006630  09 60 00 06 16 00 0f 33 04 23 1c 32 33 04 2c 4d   |.`.....3.#.23.,M|
006640  2e 11 00 0f 19 01 30 02 58 03 2e 4d 2e 13 00 0f   |......0.X..M....|
006650  08 06 23 09 5d 00 79 41 69 6c 65 72 6f 6e 5e 00   |..#.].yAileron^.|
006660  04 14 00 0f 30 02 2f 21 30 32 72 e7 1d 2e 12 00   |....0./!02r.....|
006670  0f 5b 00 32 07 5b 1f 07 12 00 0f 00 21 3d 0e bf   |.[.2.[......!=..|
006680  27 03 16 00 0f 69 00 3f 1f 32 69 00 02 0f d2 21   |'....i.?.2i....!|
006690  3e 0e c7 27 03 16 00 0f 69 00 3d 0e cb 27 03 16   |>..'....i.=..'..|
0066a0  00 0f 69 00 3f 1f 32 69 00 02 0f 3b 01 3e 0e d3   |..i.?.2i...;.>..|
0066b0  27 03 16 00 0f 69 00 3d 0e d7 27 03 16 00 0f 69   |'....i.=..'....i|
0066c0  00 3f 1f 32 69 00 02 0f 3b 01 3e 0e df 27 03 16   |.?.2i...;.>..'..|
0066d0  00 0f 69 00 3d 0e e3 27 03 16 00 0f 69 00 3f 1f   |..i.=..'....i.?.|
0066e0  32 69 00 02 0f 3b 01 3e 0e eb 27 03 16 00 0e 0e   |2i...;.>..'.....|
0066f0  50 0f 57 33 28 03 94 95 0f 19 00 05 0e 24 a5 0f   |P.W3(........$..|
006700  29 34 29 6b 61 63 6b 61 6c 4b 43 a0 0d 1d 00 0f   |)4)kackalKC.....|
006710  e0 00 3b 02 1d 96 0f 19 00 05 0f dd 0b 33 5e 53   |..;..........3^S|
006720  6c 6f 70 65 7b 0b 02 17 00 0f 53 46 19 59 53 74   |lope{.....SF.YSt|
006730  61 74 75 0d 02 02 12 00 04 f5 40 0a 55 12 0a 1b   |atu.......@.U...|
006740  00 0a 37 01 0f 68 00 2c 0b 33 c7 0c 1d 00 0f d4   |..7..h.,.3......|
006750  00 39 0f 6a 00 08 1f 32 d4 00 39 0b f4 04 0d 1d   |.9.j...2..9.....|
006760  00 0f d4 00 39 0a 17 13 0a 1b 00 0f d4 00 39 0b   |....9.........9.|
006770  8d 04 0d 1d 00 0a a7 35 0f 58 99 12 02 4e 4b 23   |.......5.X...NK#|
006780  65 79 ff 9f 1e 2e 13 00 0f 55 00 2e 1e 32 55 00   |ey.......U...2U.|
006790  0f aa 00 2f 2e 33 2e 13 00 0f 55 00 2e 1e 34 55   |.../.3....U...4U|
0067a0  00 0b 5f c9 0f 55 00 1f 00 f4 9d 21 6e 73 28 bc   |.._..U.....!ns(.|
0067b0  0e 5e 01 08 1d 00 0f 69 00 38 0e 72 01 08 1d 00   |.^.....i.8.r....|
0067c0  0f 69 00 38 1f 33 69 00 09 0f 87 13 24 1f 32 87   |.i.8.3i.....$.2.|
0067d0  10 04 0e 1d 0d 03 18 00 0f 67 52 32 01 dc 49 0c   |.........gR2..I.|
0067e0  37 51 05 15 00 0f ae 4a 19 02 b7 fd 0f ab f4 02   |7Q.....J........|
0067f0  4a 42 61 62 6f f4 4c 07 17 00 0e 24 4c 0f 64 00   |JBabo.L....$L.d.|
006800  22 49 48 79 65 6e b9 4d 06 16 00 0e 24 4c 0f 62   |"IHyen.M....$L.b|
006810  00 22 1b 4c b8 4d 05 15 00 0a 8e 38 0f 60 00 26   |.".L.M.....8.`.&|
006820  87 50 68 61 72 61 6f 68 48 38 a1 0e 1d 00 04 40   |.PharaohH8.....@|
006830  a1 1f 69 70 00 2f 0e 59 11 0f 1c 00 02 0f 04 02   |..ip./.Y........|
006840  34 02 f9 08 1f 2e 17 00 03 0e 2d 06 0f 64 00 22   |4.........-..d."|
006850  0f 70 37 03 0b 1b 00 0f 92 6a 14 02 9e 03 00 78   |.p7......j.....x|
006860  09 1a 6d 49 f8 04 14 00 0e d6 02 0c 1b 00 0e 6b   |..mI...........k|
006870  07 0f 6a 00 24 0d dc 02 0a 1a 00 0e 34 50 0f 68   |..j.$.......4P.h|
006880  00 24 0c e2 02 09 19 00 00 66 00 1f 71 66 00 31   |.$.......f..qf.1|
006890  0e e8 02 0f 21 00 08 0a 9a 0b 0f 76 00 28 0e ee   |....!......v.(..|
0068a0  02 0f 20 00 06 0f 22 02 36 0e f4 02 0b 1b 00 00   |.. ...".6.......|
0068b0  6a 00 1f 6d 6a 00 31 0e fa 02 0f 1f 00 04 0f ce   |j..mj.1.........|
0068c0  03 34 0e 50 0d 07 17 00 0e f8 02 0f 64 00 28 0e   |.4.P........d.(.|
0068d0  47 fb 05 19 00 0f 68 00 3b 0e 4c fb 04 19 00 0f   |G.....h.;.L.....|
0068e0  9e 04 34 0e 18 0e 0e 1b 00 0b 3a b3 0f 6c 00 30   |..4.......:..l.0|
0068f0  0e b9 ff 09 1d 00 0f 70 00 3f 0e ba ff 08 1d 00   |.......p.?......|
006900  0f 80 02 35 0d f0 0e 07 17 00 0f 18 02 35 02 4d   |...5.........5.M|
006910  00 0e 80 02 04 19 00 0f 68 00 3b 0e 80 02 04 19   |........h.;.....|
006920  00 0f 90 04 36 0e 06 11 0b 1b 00 0e 5a 08 0f 6a   |....6.......Z..j|
006930  00 2a 0b b7 0d 0c 1d 00 0f 6e 00 3d 0a 8f 0e 0c   |.*.......n.=....|
006940  1d 00 0f 6c 05 36 0f e0 11 04 0e 1f 00 0f 32 07   |...l.6........2.|
006950  36 0e ce 03 0f 21 00 08 0f 76 00 41 1f 33 76 00   |6....!...v.A.3v.|
006960  0d 0f a4 02 38 0e ca 12 0a 1b 00 0f 36 02 37 0e   |....8.......6.7.|
006970  e0 03 0e 1d 00 0f 6e 00 3d 0f a4 02 04 07 ea 03   |......n.=.......|
006980  1f 61 35 11 2c 00 85 dd 2b 72 64 76 da 09 1a 00   |.a5.,...+rdv....|
006990  0f 66 00 38 0e 98 11 05 1a 00 0f 66 00 38 1f 33   |.f.8.......f.8.3|
0069a0  66 00 06 0f 32 01 39 0a 72 25 09 1a 00 0f c5 f5   |f...2.9.r%......|
0069b0  19 00 ae ca 01 49 9b 0b f2 df 02 15 00 02 63 4b   |.....I........cK|
0069c0  4a 72 79 73 74 19 0a 0f 21 00 02 0f 77 00 38 01   |Jryst...!...w.8.|
0069d0  74 4b 0e 77 00 0e 21 00 0f 77 00 3b 01 85 4b 0e   |tK.w..!..w.;..K.|
0069e0  ee 00 0e 21 00 0f 77 00 3c 2e 46 4a 77 00 0e 21   |...!..w.<.FJw..!|
0069f0  00 0f 65 01 3e 2e 4d 58 65 01 0e 21 00 05 77 00   |..e.>.MXe..!..w.|
006a00  1f 73 c8 16 36 0e 76 00 0e 23 00 0f 78 00 3f 1f   |.s..6.v..#..x.?.|
006a10  32 78 00 0f 1f 32 78 00 41 1f 33 78 00 0f 05 23   |2x...2x.A.3x...#|
006a20  00 0f 8e 1f 23 1d 31 19 22 2d 31 2e 12 00 0f 5b   |....#.1."-1....[|
006a30  00 2f 2d 30 31 44 20 02 12 00 0f 5b 00 32 0c 44   |./-01D ....[.2.D|
006a40  20 02 12 00 0f b6 21 23 1e 31 9e 14 2e 4c 2e 13   | .....!#.1...L..|
006a50  00 0f 5d 00 30 02 19 23 2e 4c 2e 13 00 0f c9 22   |..].0..#.L....."|
006a60  23 1c 31 c9 22 2c 4c 2e 11 00 0f 24 02 2f 00 db   |#.1.",L....$./..|
006a70  be 15 6e 3d 11 07 12 00 0f 0c 16 23 1f 31 0c 16   |..n=.......#.1..|
006a80  04 1f 4c 0c 16 04 0b c2 00 0f a4 c8 1d 00 e6 bd   |..L.............|
006a90  12 44 cd e5 0e 16 00 0f c0 f6 2a 0e ca c4 02 15   |.D........*.....|
006aa0  00 0f 55 00 2c 0e 6a f7 00 15 00 0f 55 00 2c 0e   |..U.,.j.....U.,.|
006ab0  6a f7 00 15 00 0f 55 00 2c 0e be f8 00 15 00 0f   |j.....U.,.......|
006ac0  55 00 2c 0d 0e 7b 01 15 00 0f 55 00 2b 0e bb fb   |U.,..{....U.+...|
006ad0  01 15 00 0f 55 00 2c 1f 32 55 00 01 0f a9 01 2c   |....U.,.2U.....,|
006ae0  0e bb fb 01 15 00 0f 55 00 2c 1f 34 55 00 01 0f   |.......U.,.4U...|
006af0  a9 01 2c 05 8b 3e 0a 15 00 0f 55 00 2b 0e 10 fc   |..,..>....U.+...|
006b00  01 15 00 0f 55 00 2c 1f 32 55 00 01 0f a9 01 2c   |....U.,.2U.....,|
006b10  0e 10 fc 01 15 00 0f 55 00 2c 1f 34 55 00 01 0f   |.......U.,.4U...|
006b20  b6 7d 2b 0e a6 04 02 15 00 0f 84 28 14 08 60 9b   |.}+........(..`.|
006b30  21 50 5f 09 00 96 5f 4e 65 63 6b 6c 61 63 65 14   |!P_..._Necklace.|
006b40  81 0e 17 00 0e 29 72 0f 5f 00 16 37 52 69 6e 6f   |.....)r._..7Rino|
006b50  81 0a 13 00 0e 51 1b 0f ab 65 1b 8b 45 6e 65 72   |.....Q...e..Ener|
006b60  67 79 53 74 93 b3 07 17 00 0f 67 d6 19 09 f6 52   |gySt......g....R|
006b70  00 d9 5a 01 46 d2 0f e2 53 05 0d 20 00 0a fd 74   |..Z.F...S.. ...t|
006b80  0f cd 00 14 02 9d 8f 00 16 01 0f e0 00 01 20 43   |.............. C|
006b90  6c 86 b3 04 e2 9c 09 28 0f 0b 1b 00 0f 7d 00 4e   |l......(.....}.N|
006ba0  09 3f 0f 0b 1b 00 0f 7d 00 4e 09 56 0f 0b 1b 00   |.?.....}.N.V....|
006bb0  0f 7d 00 4e 09 6d 0f 0b 1b 00 0a 08 67 0f 7d 00   |.}.N.m......g.}.|
006bc0  38 60 44 65 73 65 72 74 bf 84 0e f7 01 0a 1e 00   |8`Desert........|
006bd0  0f 83 00 51 0e fd 01 09 1e 00 0f 83 00 51 0e 03   |...Q.........Q..|
006be0  02 09 1e 00 0f 83 00 51 1f 34 83 00 0a 0f 0c 02   |.......Q.4......|
006bf0  46 00 2f fc 30 61 67 65 eb 93 0e 0c 02 0a 1e 00   |F./.0age........|
006c00  0f 83 00 51 0e 0c 02 09 1e 00 0f 83 00 51 0e 0c   |...Q.........Q..|
006c10  02 09 1e 00 0f 83 00 51 0e 0c 02 09 1e 00 0f 95   |.......Q........|
006c20  04 40 20 50 61 eb 22 0e 0c 06 0e 1b 00 0f 7d 00   |.@ Pa.".......}.|
006c30  4e 09 03 02 0b 1b 00 0f 7d 00 4e 09 fd 01 0b 1b   |N.......}.N.....|
006c40  00 0f 7d 00 4e 1e 34 7d 00 0f 0c 06 49 02 62 00   |..}.N.4}....I.b.|
006c50  0f 0c 06 05 0e 1e 00 0f 83 00 51 0e fd 01 0f 0c   |..........Q.....|
006c60  06 4d 0d 65 00 0e 03 02 0f 0c 06 4d 0d 65 00 1f   |.M.e.......M.e..|
006c70  34 83 00 0a 0f 0c 02 47 0f 0c 06 05 0e 1e 00 0f   |4......G........|
006c80  83 00 51 0e 0c 02 0f 0c 06 4d 0d 65 00 0e 0c 02   |..Q......M.e....|
006c90  0f 0c 06 4d 0d 65 00 0e 0c 02 0d 0c 06 1f 5e 27   |...M.e........^'|
006ca0  3c 33 3f 5f 45 2e 16 00 02 0f 1f 39 19 0a c6 0c   |<3?_E......9....|
006cb0  b6 44 65 66 65 6e 73 69 76 65 50 6f 4b 73 0f 1d   |.DefensivePoKs..|
006cc0  00 03 0f 28 d8 2a 1f 32 28 d8 01 1f 32 7d d8 2c   |...(.*.2(...2}.,|
006cd0  1f 33 55 00 01 1f 33 55 00 2c 1f 34 55 00 01 1f   |.3U...3U.,.4U...|
006ce0  34 55 00 2c 1f 35 55 00 01 1f 35 55 00 2c 1f 36   |4U.,.5U...5U.,.6|
006cf0  55 00 01 1f 36 55 00 2c 1f 37 55 00 01 1f 37 55   |U...6U.,.7U...7U|
006d00  00 2c 1f 38 55 00 01 1f 38 55 00 2c 1f 39 55 00   |.,.8U...8U.,.9U.|
006d10  01 1f 39 55 00 2c 0e 9a e5 1f 35 9a e5 2c 1e 35   |..9U.,....5..,.5|
006d20  06 16 04 15 00 0f 52 03 2c 0e 55 00 00 15 00 0f   |......R.,.U.....|
006d30  52 03 2c 0e 55 00 00 15 00 0f 52 03 2c 0e 55 00   |R.,.U.....R.,.U.|
006d40  00 15 00 0f 52 03 2c 0e 55 00 00 15 00 0f 52 03   |....R.,.U.....R.|
006d50  2c 0e 55 00 00 15 00 0f 52 03 2c 0e 55 00 00 15   |,.U.....R.,.U...|
006d60  00 0f 52 03 2c 0e 55 00 00 15 00 0f 52 03 2c 0e   |..R.,.U.....R.,.|
006d70  55 00 00 15 00 0a 96 2e 0f df e6 1d 8c 53 77 69   |U............Swi|
006d80  6d 42 6c 61 64 1c 7b 06 17 00 0e 8c 71 0f 19 94   |mBlad.{.....q...|
006d90  13 05 05 67 3e 48 6f 6f 3e e1 04 19 00 0a 1b 15   |...g>Hoo>.......|
006da0  0f 35 71 26 21 52 6f 24 70 0d 15 00 0f 36 90 2d   |.5q&!Ro$p....6.-|
006db0  2c 30 2e 11 00 0f 76 16 2c 1f 35 76 16 01 0f ca   |,0....v.,.5v....|
006dc0  17 2d 0d 23 76 01 15 00 0f 83 7f 19 02 ad 37 06   |.-.#v.........7.|
006dd0  be 08 8e 47 61 6e 67 77 61 79 2e 13 00 0f fe e5   |...Gangway......|
006de0  11 05 0f 02 00 5c 00 10 50 de 25 0a b3 39 03 13   |.....\..P.%..9..|
006df0  00 5f 5f 50 76 50 2e 17 00 03 0f b3 82 19 07 bc   |.__PvP..........|
006e00  00 02 c3 43 00 17 0a 34 50 75 6d b3 82 0a 15 00   |...C...4Pum.....|
006e10  0f e1 17 2c 0c 84 03 02 15 00 0f 55 00 2c 0e 3f   |...,.......U.,.?|
006e20  98 04 32 1c 1f 4b 04 01 24 25 44 6f b9 5f 05 10   |..2..K..$%Do._..|
006e30  00 00 50 00 1f 3f a5 00 07 07 3f 03 8e 51 69 51   |..P..?....?..QiQ|
006e40  69 75 30 31 2e 13 00 0f 44 00 1d 2e 32 2e 13 00   |iu01....D...2...|
006e50  0f 44 00 1d 2e 33 2e 13 00 0f 44 00 1d 2e 34 2e   |.D...3....D...4.|
006e60  13 00 0f 44 00 1d 2e 35 2e 13 00 0f bb 2b 19 04   |...D...5.....+..|
006e70  6f 44 0b e5 0b 59 4c 61 73 65 72 f7 1f 0e 1a 00   |oD...YLaser.....|
006e80  0f ff 1f 15 07 e3 19 76 44 75 6e 67 65 6f 6e eb   |.......vDungeon.|
006e90  19 00 30 a0 03 15 00 03 96 9c 0e 17 00 0f 67 00   |..0...........g.|
006ea0  3c 02 95 9c 0e 17 00 0f 67 00 3c 1f 33 67 00 03   |<.......g.<.3g..|
006eb0  0e 8f d1 0f 67 00 1f 03 49 16 0e 37 01 0b 19 00   |....g...I..7....|
006ec0  0f 6b 00 3e 07 3b 01 0b 19 00 0f 6b 00 3e 1f 33   |.k.>.;.....k.>.3|
006ed0  6b 00 05 0f 6c c2 20 0d 6b 00 05 a9 1c 1e 44 44   |k...l. .k.....DD|
006ee0  01 0e 1c 00 0f 71 00 41 07 4a 01 0e 1c 00 0f 71   |.....q.A.J.....q|
006ef0  00 41 1e 33 71 00 0f 94 02 39 00 0c 87 2e 74 73   |.A.3q....9....ts|
006f00  50 01 0d 19 00 0f 6b 00 3e 07 4a 01 0b 19 00 0f   |P.....k.>.J.....|
006f10  6b 00 3e 1f 33 6b 00 05 0b 0a 43 0f 6b 00 22 01   |k.>.3k....C.k.".|
006f20  e2 1e 0e 40 01 0b 18 00 0f 69 00 3d 07 3e 01 0a   |...@.....i.=.>..|
006f30  18 00 0f 69 00 3d 1e 33 69 00 0f 7c 02 35 00 d8   |...i.=.3i..|.5..|
006f40  80 1e 65 7c 02 0e 19 00 0f 6b 00 3e 07 3e 01 0b   |..e|.....k.>.>..|
006f50  19 00 0f 6b 00 3e 1e 33 6b 00 07 41 01 1f 53 72   |...k.>.3k..A..Sr|
006f60  75 13 10 48 e0 74 00 10 4f 02 25 27 07 0f 00 3c   |u..H.t..O.%'...<|
006f70  33 30 2e 11 00 0a 3b 2c 0f 1d 30 10 2e 61 6c 72   |30....;,..0..alr|
006f80  0d 00 07 30 70 61 77 6e 4d 6f 6e 73 c4 8a 49 42   |...0pawnMons..IB|
006f90  61 6f 5a ea 92 0e 1e 00 0e 0b ca 0f 77 00 2e 00   |aoZ.........w...|
006fa0  fc a1 0b 26 ed 1e 53 1f 00 0f 79 00 41 7f 50 61   |...&..S...y.A.Pa|
006fb0  72 72 6f 74 2e 1f 00 0b 0e 64 cc 0f 79 00 2f 2c   |rrot.....d..y./,|
006fc0  4c 61 c1 33 0b 1d 00 0f ee 00 41 0f 34 3c 01 0d   |La.3......A.4<..|
006fd0  1f 00 0e ef d3 0f 79 00 2f 4f 45 59 75 2e 1c 00   |......y./OEYu...|
006fe0  08 0a 87 f2 0f 73 00 33 10 48 ac 7e 0f 66 01 0a   |.....s.3.H.~.f..|
006ff0  05 22 00 0e 63 1c 0f 7f 00 34 2e 53 68 4c 03 0c   |."..c....4.ShL..|
007000  21 00 0f e8 01 41 01 98 3d 0b 8c 3b 0d 1f 00 0f   |!....A..=..;....|
007010  79 00 41 0f 73 3c 01 0d 1f 00 0f 4f 03 41 3e 4a   |y.A.s<.....O.A>J|
007020  75 58 6b 01 08 1d 00 0f c4 03 42 0d b1 3e 0b 1d   |uXk.......B..>..|
007030  00 0a ca f0 0f b2 04 34 0e c0 3e 0f 25 00 0b 0e   |.......4..>.%...|
007040  2f 1b 0f 85 00 2f 0e cf 3e 0f 24 00 0a 0f aa 06   |/..../..>.$.....|
007050  41 3e 58 69 6f dc 03 0a 1e 00 0f e2 02 41 4b 58   |A>Xio........AKX|
007060  75 65 42 e5 ee 0e 1f 00 0a 8b e2 0f 79 00 36 0e   |ueB.........y.6.|
007070  ce 04 0e 20 00 0f 6b 01 41 01 e2 ff 1f 2e 1e 00   |... ..k.A.......|
007080  0a 0f 77 00 43 2e 5a 68 77 00 09 1e 00 0f 39 06   |..w.C.Zhw.....9.|
007090  41 4f 5a 6f 6e 67 5d 02 0b 05 22 00 0f f6 00 41   |AOZong]..."....A|
0070a0  3e 54 75 4a 6d 01 0a 1e 00 0f 77 00 41 01 a4 41   |>TuJm.....w.A..A|
0070b0  1f 2e 1e 00 0a 0f 5e 15 29 01 4a 14 00 15 00 1f   |......^.).J.....|
0070c0  2e 15 00 01 0f e7 3a 1e 07 d1 00 48 54 65 63 68   |......:....HTech|
0070d0  d4 fe 00 10 00 5a 5f 46 75 65 6c ca 20 07 17 00   |.....Z_Fuel. ...|
0070e0  0f 6e 00 43 09 b5 20 07 17 00 0f e3 40 19 0b ec   |.n.C.. .....@...|
0070f0  13 05 6a 58 dd 45 6d 62 72 79 6f 5f 43 75 6c 74   |..jX.Embryo_Cult|
007100  75 72 88 58 0a 1e 00 0f e7 5a 37 09 8d 58 06 16   |ur.X.....Z7..X..|
007110  00 0f ce 4f 38 0e 62 00 02 17 00 0f 0e 5c 38 1f   |...O8.b......\8.|
007120  32 0e 5c 03 0f d4 26 1a 0b 97 01 01 a4 21 5b 65   |2.\...&......![e|
007130  72 69 65 73 94 15 00 19 00 11 5f 41 2e 2c 4d 65   |ries......_A.,Me|
007140  96 15 09 1c 00 0a 59 eb 0f 7d 00 3d 2e 51 69 1b   |......Y..}.=.Qi.|
007150  ea 0b 1e 00 00 81 00 1f 8c 81 00 4a 00 e7 00 01   |...........J....|
007160  2f 8a 1f 2e 26 00 12 0e d3 04 0f 91 00 34 4e 44   |/...&........4ND|
007170  69 42 61 8c 01 04 19 00 0e 16 0a 0f 77 00 36 14   |iBa.........w.6.|
007180  4a 90 0a 0d 18 00 0e 97 08 0f 75 00 33 00 37 0e   |J.........u.3.7.|
007190  1e 47 ed 00 06 1a 00 0f 65 01 46 26 4c 69 aa 07   |.G......e.F&Li..|
0071a0  0e 19 00 0f 77 00 47 3e 6f 75 54 66 01 04 19 00   |....w.G>ouTf....|
0071b0  0e c8 0e 0f 77 00 34 0e dd 03 04 17 00 0f 55 04   |....w.4.......U.|
0071c0  46 0f 4d 03 09 0f 43 03 4e 0e 50 04 08 19 00 0f   |F.M...C.N.P.....|
0071d0  ce 02 46 36 57 75 44 e5 44 0e 1a 00 0f 21 95 12   |..F6WuD.D....!..|
0071e0  0e 30 88 04 98 3d 5e 54 69 74 73 2e 13 00 0f 38   |.0...=^Tits....8|
0071f0  54 1a 07 31 3b 02 0e 3b 5e 54 79 70 65 2f 97 3c   |T..1;..;^Type/.<|
007200  19 41 be 3d 05 15 00 0f 6c 00 43 09 f1 06 05 15   |.A.=....l.C.....|
007210  00 0f 6c 00 43 09 05 66 05 15 00 0f 6c 00 43 04   |..l.C..f....l.C.|
007220  92 29 0a 15 00 0f 6c 00 43 04 6f 21 0a 15 00 0f   |.)....l.C.o!....|
007230  6c 00 42 1e 4c 1c 02 00 15 00 0f 6c 00 43 0e 1c   |l.B.L......l.C..|
007240  02 00 15 00 0f 6c 00 43 0e 1c 02 00 15 00 0f 6c   |.....l.C.......l|
007250  00 43 0e 1c 02 00 15 00 0f 6c 00 43 1f 35 6c 00   |.C.......l.C.5l.|
007260  01 0f 1c 02 43 1e 50 1c 02 00 15 00 0f 6c 00 43   |....C.P......l.C|
007270  0e 1c 02 00 15 00 0f 6c 00 43 0e 1c 02 00 15 00   |.......l.C......|
007280  0f 6c 00 43 0e 1c 02 00 15 00 0f 6c 00 43 1f 35   |.l.C.......l.C.5|
007290  6c 00 01 0f 1c 02 43 1e 53 1c 02 00 15 00 0f 6c   |l.....C.S......l|
0072a0  00 43 0e 1c 02 00 15 00 0f 6c 00 43 0e 1c 02 00   |.C.......l.C....|
0072b0  15 00 0f 6c 00 43 0e 1c 02 00 15 00 0f 6c 00 43   |...l.C.......l.C|
0072c0  1f 35 6c 00 01 0f 1c 02 24 1f 32 6c 00 0a 1e 4d   |.5l.....$.2l...M|
0072d0  70 08 01 15 00 0f 6c 00 43 0e 1c 02 00 15 00 0f   |p.....l.C.......|
0072e0  6c 00 43 0e 1c 02 00 15 00 0f 6c 00 43 0e 1c 02   |l.C.......l.C...|
0072f0  00 15 00 0f 6c 00 43 1f 35 6c 00 01 0f 1c 02 43   |....l.C.5l.....C|
007300  0e 70 08 01 15 00 0f 6c 00 43 1f 32 6c 00 01 0f   |.p.....l.C.2l...|
007310  1c 02 43 0e 70 08 01 15 00 0f 6c 00 43 1f 34 6c   |..C.p.....l.C.4l|
007320  00 01 0f 1c 02 43 0e 70 08 01 15 00 0f 6c 00 42   |.....C.p.....l.B|
007330  0e 70 08 01 15 00 0f 6c 00 43 1f 32 6c 00 01 0f   |.p.....l.C.2l...|
007340  1c 02 43 0e 70 08 01 15 00 0f 6c 00 43 1f 34 6c   |..C.p.....l.C.4l|
007350  00 01 0f 1c 02 43 0e 70 08 01 15 00 0f 6c 00 42   |.....C.p.....l.B|
007360  0e 70 08 01 15 00 0f 6c 00 43 1f 32 6c 00 01 0f   |.p.....l.C.2l...|
007370  1c 02 43 0e 70 08 01 15 00 0f 6c 00 43 0e 1c 02   |..C.p.....l.C...|
007380  00 15 00 0f 6c 00 43 0f 1c 02 01 0f 70 08 25 1f   |....l.C.....p.%.|
007390  33 6c 00 0a 1e 53 70 08 01 15 00 0f 6c 00 43 0e   |3l...Sp.....l.C.|
0073a0  1c 02 00 15 00 0f 6c 00 43 0e 1c 02 00 15 00 0f   |......l.C.......|
0073b0  6c 00 43 0e 1c 02 00 15 00 0f 6c 00 43 1f 35 6c   |l.C.......l.C.5l|
0073c0  00 01 0f 1c 02 43 0e 70 08 01 15 00 0f 6c 00 43   |.....C.p.....l.C|
0073d0  1f 32 6c 00 01 0f 1c 02 43 0e 70 08 01 15 00 0f   |.2l.....C.p.....|
0073e0  6c 00 43 1f 34 6c 00 01 0f 1c 02 43 0e 70 08 01   |l.C.4l.....C.p..|
0073f0  15 00 0f 6c 00 42 0e 70 08 01 15 00 0f 6c 00 43   |...l.B.p.....l.C|
007400  1f 32 6c 00 01 0f 1c 02 43 0e 70 08 01 15 00 0f   |.2l.....C.p.....|
007410  6c 00 43 1f 34 6c 00 01 0f 1c 02 43 0e 70 08 01   |l.C.4l.....C.p..|
007420  15 00 0f 6c 00 42 0e 70 08 01 15 00 0f 6c 00 43   |...l.B.p.....l.C|
007430  1f 32 6c 00 01 0f 1c 02 43 0e 70 08 01 15 00 0f   |.2l.....C.p.....|
007440  6c 00 43 1f 34 6c 00 01 0f 1c 02 43 0e 70 08 01   |l.C.4l.....C.p..|
007450  15 00 0a 6c 21 0f f8 37 2b 0e 86 ce 0c 1b 00 0e   |...l!..7+.......|
007460  d5 3a 0f ef a3 13 aa 30 33 5f 53 75 69 50 69 61   |.:.....03_SuiPia|
007470  6e 52 82 0c 1c 00 0f 60 00 30 0d 62 ac 08 1c 00   |nR.....`.0.b....|
007480  0f 60 00 30 0d b1 a4 08 1c 00 0f 60 00 30 09 19   |.`.0.......`.0..|
007490  43 0c 1c 00 0f 60 00 30 0d 20 a6 08 1c 00 0f 60   |C....`.0. .....`|
0074a0  00 26 1f 36 e0 01 08 07 1c 00 0f 60 00 30 0e e0   |.&.6.......`.0..|
0074b0  01 07 1c 00 0f 60 00 30 0e e0 01 07 1c 00 0f 60   |.....`.0.......`|
0074c0  00 30 0e e0 01 07 1c 00 0f 60 00 30 1e 35 60 00   |.0.......`.0.5`.|
0074d0  0f e0 01 30 1f 37 e0 01 08 07 1c 00 0f 60 00 30   |...0.7.......`.0|
0074e0  0e e0 01 07 1c 00 0f 60 00 30 0e e0 01 07 1c 00   |.......`.0......|
0074f0  0f 60 00 30 0e e0 01 07 1c 00 0f 60 00 30 1f 35   |.`.0.......`.0.5|
007500  60 00 08 0b 03 8c 0f 22 81 2d 05 e1 27 0e 19 00   |`......".-..'...|
007510  0f 69 00 3c 0e b4 07 04 19 00 0f 69 00 3c 0e b1   |.i.<.......i.<..|
007520  07 04 19 00 0e 13 a6 0f ca 5b 2a 0e 3c 01 06 1a   |.........[*.<...|
007530  00 0f 6b 00 3d 0e 3e 01 05 1a 00 0f 6b 00 3d 1f   |..k.=.>.....k.=.|
007540  34 6b 00 06 0e 41 01 0f 17 73 2b 0e 41 01 06 1a   |4k...A...s+.A...|
007550  00 0f 6b 00 3d 0e 41 01 05 1a 00 0f 6b 00 3d 0e   |..k.=.A.....k.=.|
007560  41 01 05 1a 00 0a 2c 27 0f 86 aa 1f ff 02 4c 69   |A.....,'......Li|
007570  67 68 74 53 70 65 61 72 54 75 72 72 65 74 2e 25   |ghtSpearTurret.%|
007580  00 11 0e ec 57 0f 2e 8e 1b 00 69 28 3e 64 69 61   |....W.....i(>dia|
007590  cd 8d 0e 20 00 0f 6b 00 37 0e 9d 8e 0b 20 00 0f   |... ..k.7.... ..|
0075a0  6b 00 37 0e 1b 8c 0b 20 00 0f 6b 00 37 0e 13 8c   |k.7.... ..k.7...|
0075b0  0b 20 00 0f 6b 00 37 0e 0b 8c 0b 20 00 0f 6b 00   |. ..k.7.... ..k.|
0075c0  2c 5f 6d 75 7a 68 69 42 8e 08 08 20 00 0f 6b 00   |,_muzhiB... ..k.|
0075d0  37 0e 17 02 0b 20 00 0f 6b 00 37 0e 17 02 0b 20   |7.... ..k.7.... |
0075e0  00 0f 6b 00 37 0e 17 02 0b 20 00 0f 6b 00 37 1f   |..k.7.... ..k.7.|
0075f0  35 6b 00 0c 0f 17 02 38 1f 36 6b 00 0c 0f 16 8e   |5k.....8.6k.....|
007600  3c 2f 38 2e 24 00 10 0f 73 00 3b 2f 39 2e 24 00   |</8.$...s.;/9.$.|
007610  10 0f 73 00 3a 0f 50 a1 03 0c 24 00 0f 73 00 3b   |..s.:.P...$..s.;|
007620  2f 31 2e 24 00 10 0f 73 00 3b 1f 32 73 00 10 0e   |/1.$...s.;.2s...|
007630  eb 03 0f e5 df 1c 20 50 6c 6a ba 9f 50 61 6c 6d   |...... Plj..Palm|
007640  54 72 65 65 2e 1d 00 09 0e 32 8c 0f 6b 00 20 00   |Tree.....2..k. .|
007650  36 31 5f 77 65 72 73 2e 1c 00 08 0f 47 01 3b 2f   |61_wers.....G.;/|
007660  33 2e 24 00 10 0f 73 00 3b 0f f5 92 10 02 94 63   |3.$...s.;......c|
007670  1f 6d bf 6e 34 30 5f 47 69 a7 bc 0f 20 00 0c 0f   |.m.n40_Gi... ...|
007680  46 3a 19 06 6a 7d 02 b9 34 03 dc 2c 0d 14 70 05   |F:..j}..4..,..p.|
007690  1a 00 00 e3 3e 1b 74 af 6f 0f 21 00 01 0f 85 00   |....>.t.o.!.....|
0076a0  50 0e 0b 71 0c 21 00 0f 85 00 50 0e 22 71 0c 21   |P..q.!....P."q.!|
0076b0  00 0f 85 00 50 2f 34 2e 21 00 0d 0f 85 00 50 2f   |....P/4.!.....P/|
0076c0  35 2e 21 00 0d 0f 85 00 50 2f 36 2e 21 00 0d 0f   |5.!.....P/6.!...|
0076d0  85 00 50 2f 37 2e 21 00 0d 0f 85 00 50 2f 38 2e   |..P/7.!.....P/8.|
0076e0  21 00 0d 0f 85 00 50 2f 39 2e 21 00 0d 0a b5 c8   |!.....P/9.!.....|
0076f0  0f ad 04 43 2f 30 2e 22 00 0e 0f 87 00 51 0f 35   |...C/0.".....Q.5|
007700  05 0f 1f 31 87 00 51 0e 37 05 0d 22 00 0f 87 00   |...1..Q.7.."....|
007710  51 0e 39 05 0d 22 00 0f 87 00 51 1f 34 87 00 0e   |Q.9.."....Q.4...|
007720  0b e6 14 0f a2 68 1f 01 10 11 3a 6f 64 75 fc 40   |.....h....:odu.@|
007730  06 16 00 00 60 00 1f 79 60 3c 34 05 f6 54 0e 75   |....`..y`<4..T.u|
007740  00 0f 1f 00 04 0f f2 a5 11 05 ef 09 10 75 69 48   |.............uiH|
007750  0a d3 09 01 14 00 03 db 35 4c 47 6c 61 73 f3 09   |........5LGlas..|
007760  0d 20 00 0e ad b2 0f 60 0a 1b 01 14 00 70 5f 43   |. .....`.....p_C|
007770  61 72 70 65 74 b9 eb 1f 2e 1f 00 0b 0e 0b d0 0f   |arpet...........|
007780  86 3e 20 14 5f cb 70 0c 17 00 0e bd d0 0f 5e 00   |.> ._.p.......^.|
007790  1c 2d 32 2e 12 00 0f 54 00 24 03 55 9b 25 44 6f   |.-2....T.$.U.%Do|
0077a0  34 7d 07 12 00 0f 54 00 29 1d 32 54 00 02 12 00   |4}....T.).2T....|
0077b0  0f 73 cb 2b 05 96 05 0a 15 00 0f 21 17 1f 02 12   |.s.+.......!....|
0077c0  03 12 45 29 00 0c 3e 73 3a 5f 53 45 0c 75 05 15   |..E)..>s:_SE.u..|
0077d0  00 00 69 00 1f 77 76 03 2f 06 ff cd 0e 73 00 0f   |..i..wv./....s..|
0077e0  1e 00 06 0f 74 55 24 00 45 00 00 0f 99 2b 67 2e   |....tU$.E....+g.|
0077f0  10 00 0e 57 7a 0f de 01 1d 57 5f 6f 6e 47 72 23   |...Wz....W_onGr#|
007800  46 0f 1b 00 01 0f 66 00 29 1f 33 66 00 07 1e 33   |F.....f.).3f...3|
007810  66 00 1f 69 ec 54 2b 02 4a 59 7c 53 68 6f 77 63   |f..i.T+.JY|Showc|
007820  61 73 ed 0e 0a 1d 00 0f 51 18 30 00 b6 98 8a 44   |as......Q.0....D|
007830  65 63 6f 72 61 74 69 54 75 0a 1a 00 0e 23 98 0f   |ecoratiTu....#..|
007840  80 77 24 14 5f 70 7e 09 14 00 0f df 77 32 00 ae   |.w$._p~.....w2..|
007850  62 1d 2e 12 00 00 5b 00 1f 75 2b 03 3c 0c cc 00   |b.....[..u+.<...|
007860  0f 1d 00 03 0e 1e 80 0f 7a 00 33 06 e7 00 0e 1b   |........z.3.....|
007870  00 02 f0 00 1f 81 1b 04 3d 0e 27 02 0e 23 00 0c   |........=.'..#..|
007880  30 02 f1 05 16 00 00 00 62 41 75 74 6f 46 65 6e   |0.......bAutoFen|
007890  4a 69 65 53 68 69 51 75 39 00 90 00 0d 00 00 00   |JieShiQu9.......|
0078a0  42 6f 6f 6c 70 50 54 65 72 74 79 00 01 00 f5 04   |BoolpPTerty.....|
0078b0  01 00 06 00 00 00 4c 65 76 65 6c 00 0c 00 00 00   |......Level.....|
0078c0  49 6e 74 24 00 14 04 25 00 31 3b 00 00 0d 00 3f   |Int$...%.1;....?|
0078d0  45 78 70 25 00 07 a0 19 46 05 00 19 00 00 00 41   |Exp%....F......A|
0078e0  6c 5a d8 a0 79 4b 69 6c 6c 57 6f 72 6c 64 b0 7a   |lZ..yKillWorld.z|
0078f0  60 4c 69 73 74 00 0e 1d 00 45 72 72 61 79 3c 00   |`List....Erray<.|
007900  22 0a 01 3b 00 a6 0f 00 00 00 4f 62 6a 65 63 74   |"..;......Object|
007910  a0 00 3f 03 00 00 f8 8f 12 03 43 46 01 c5 b9 01   |..?.......CF....|
007920  0e 83 10 6b da 50 06 0e 00 19 2e 0e 00 0e 65 79   |...k.P........ey|
007930  0f 55 00 22 02 64 52 08 10 00 0a 85 51 0f 59 00   |.U.".dR.....Q.Y.|
007940  0f 03 3e 00 07 65 82 2e 31 2e 15 00 01 58 00 11   |..>..e..1....X..|
007950  18 1e 01 ff 02 74 61 69 6e 65 64 4b 65 4a 69 53   |.....tainedKeJiS|
007960  68 75 4e 6f 64 65 54 01 04 2f 83 16 54 01 07 10   |huNodeT../..T...|
007970  4a 54 01 1f 42 83 07 01 03 58 00 10 2f 59 00 00   |JT..B....X../Y..|
007980  9d 00 60 4b 4a 53 5f 47 4a 67 02 4c 5a 68 69 2e   |..`KJS_GJg.LZhi.|
007990  11 00 0e ff ec 0f 47 00 08 04 49 05 42 4d 61 6f   |......G...I.BMao|
0079a0  43 8e c6 0e 16 00 00 51 00 1f 40 51 00 15 9b 57   |C......Q..@Q...W|
0079b0  51 5f 4d 75 54 6f 75 2e 10 00 0e 3a ef 0f dd 00   |Q_MuTou....:....|
0079c0  09 ad 5a 54 5f 47 6f 75 48 75 6f 2e 12 00 00 49   |..ZT_GouHuo....I|
0079d0  00 1f 3a 49 00 15 68 48 75 6f 42 61 2e 0d 00 0f   |..:I..hHuoBa....|
0079e0  88 00 1e 20 5a 61 0c cf 1d 2e 12 00 00 49 00 1f   |... Za.......I..|
0079f0  3e 49 00 15 01 83 7f 3a 5a 69 2e 0f 00 0f aa 01   |>I.....:Zi......|
007a00  1a 02 7d 02 02 e1 c8 15 48 5f 01 0a 16 00 0e a6   |..}.....H_......|
007a10  d2 0f fb 01 10 23 44 49 23 80 0c fe 01 06 3c 80   |.....#DI#.....<.|
007a20  0e 0e a2 0f 57 00 0f 02 bb 0b 04 91 d7 1f 2e 1e   |....W...........|
007a30  00 0a 00 61 00 1f 42 62 02 18 0a fa 02 05 11 00   |...a..Bb........|
007a40  0e a8 ef 0f dc 01 0c 4b 59 69 6e 67 65 02 03 13   |.......KYinge...|
007a50  00 0f 92 00 1f 5c 6f 75 47 75 2e 11 00 0e d7 ca   |.....\ouGu......|
007a60  0f 92 00 13 02 bc 56 0d 15 00 0f e1 00 19 00 85   |......V.........|
007a70  00 50 51 69 6e 67 54 cd 4c 0e 13 00 0f 9a 00 26   |.PQingT.L......&|
007a80  01 eb 56 0d 15 00 0f 30 01 1d 7c 48 65 69 54 69   |..V....0..|HeiTi|
007a90  65 2e 11 00 0f 96 00 26 01 ad 5f 0d 15 00 0f 30   |e......&.._....0|
007aa0  01 1d 21 44 75 2b 47 2e 67 2e 13 00 0f ef 03 19   |..!Du+G.g.......|
007ab0  00 44 db 5a 43 75 42 75 2e 0f 00 0f 43 00 1d 5a   |.D.ZCuBu....C..Z|
007ac0  50 69 47 65 2e 0f 00 0f d1 00 1a 2d 5a 42 01 02   |PiGe.......-ZB..|
007ad0  07 13 00 0f b2 01 1a 2b 5a 42 b2 01 05 11 00 0f   |.......+ZB......|
007ae0  92 00 1d 0c 63 01 07 13 00 0e 83 0e 0f 23 06 0d   |....c........#..|
007af0  00 11 59 00 a1 04 0b a1 05 08 18 00 2f 5f 43 55   |..Y........./_CU|
007b00  07 1d 08 c9 03 05 11 00 0a 9b 08 0f 9c 00 1c 0a   |................|
007b10  ce 03 0a 1a 00 0f b4 04 1b 1d 4a d2 01 07 13 00   |..........J.....|
007b20  0f 4f 06 1a 00 8a 00 7b 43 68 61 69 4a 69 65 3e   |.O.....{ChaiJie>|
007b30  01 06 16 00 0f f5 00 2b 09 29 04 0a 1a 00 0f 95   |.......+.)......|
007b40  01 1d 0a 7c 02 05 11 00 0f 31 02 1e 07 db 00 1f   |...|.....1......|
007b50  32 f3 00 04 0e 8a d0 0f 9c 00 0c 07 41 d7 0f 15   |2...........A...|
007b60  00 01 0f e0 01 1d 0c 20 03 07 13 00 0f ef 00 29   |....... .......)|
007b70  09 8d 01 08 18 00 0f 72 05 1e 21 4d 75 c8 01 19   |.......r..!Mu...|
007b80  58 34 02 05 15 00 0e 7c d6 0f 4f 00 15 0a 92 01   |X4.....|..O.....|
007b90  07 17 00 0f a2 00 1a 05 ba 0a 08 84 0a 09 15 00   |................|
007ba0  0f a2 00 28 09 45 01 07 17 00 0f d9 05 19 00 d1   |...(.E..........|
007bb0  01 5a 4a 69 44 69 2e 0f 00 0f e5 00 22 36 54 75   |.ZJiDi......"6Tu|
007bc0  53 06 09 09 15 00 0f e5 00 28 09 4a 07 07 17 00   |S........(.J....|
007bd0  0f 5d 09 1e 03 3e da 1e 2e 13 00 0f 4b 00 1e 8e   |.]...>......K...|
007be0  51 69 65 47 65 4a 69 2e 13 00 0f 38 01 22 1e 4a   |QieGeJi....8.".J|
007bf0  38 01 04 db 16 0f 9a 00 19 01 e7 0f 0a 39 0d 07   |8............9..|
007c00  13 00 0f 69 0c 1a 02 38 00 08 b4 02 06 12 00 0f   |...i...8........|
007c10  e3 00 1a 01 37 00 0c 24 06 09 15 00 0f e3 00 1f   |....7..$........|
007c20  0a 7e 05 07 13 00 0f c8 01 1e 5a 5a 68 69 42 75   |.~........ZZhiBu|
007c30  c8 01 03 13 00 0f 87 04 1e 04 38 00 1f 32 4d 00   |..........8..2M.|
007c40  01 0e af df 0f 4f 00 0d 00 71 88 4d 4c 69 46 61   |.....O...q.MLiFa|
007c50  b3 02 09 19 00 0f b8 06 1a 00 3e 00 23 54 75 e4   |..........>.#Tu.|
007c60  d5 09 11 00 0f 84 0e 1e 10 52 81 dd 2d 75 2e 12   |.........R..-u..|
007c70  00 0f 90 00 1e 3a 47 61 6f 48 00 01 11 00 00 47   |.....:GaoH.....G|
007c80  00 1f 48 90 00 1f 0a 7c 01 04 14 00 0f 86 08 1e   |..H....|........|
007c90  00 d3 62 00 f2 d6 0a 99 00 06 16 00 0f 1b 02 1e   |..b.............|
007ca0  40 54 75 5a 61 7b 52 0b 79 01 03 15 00 0f ed 00   |@TuZa{R.y.......|
007cb0  1d 00 55 02 00 6a 04 05 47 10 08 14 00 0f 68 05   |..U..j..G.....h.|
007cc0  1e 06 87 00 1f 32 9e 00 03 0f 40 01 1f 05 8c 00   |.....2....@.....|
007cd0  0c 0b 03 03 16 00 0f a4 00 28 09 f1 06 07 17 00   |.........(......|
007ce0  0f a4 00 27 1f 33 a4 00 02 0f 86 08 1e 00 45 56   |...'.3........EV|
007cf0  38 43 68 75 28 09 08 15 00 0f 09 10 1f 7e 61 6e   |8Chu(........~an|
007d00  4d 6f 51 69 2e 13 00 0f 92 0e 1f 03 38 00 0a c2   |MoQi........8...|
007d10  0f 04 15 00 0f 7e 02 1f 02 6d 12 1e 32 81 12 0c   |.....~...m..2...|
007d20  d2 a5 0f 93 07 14 39 47 61 6e ee 11 0c 18 00 0f   |......9Gan......|
007d30  ee 13 1a 02 43 04 0a 4d 00 04 ab 0a 0f 65 03 1c   |....C..M.....e..|
007d40  3d 61 59 6f 1b 06 02 14 00 0f 83 01 1e 00 b8 74   |=aYo...........t|
007d50  2b 4c 69 d7 0c 05 15 00 0f 8e 72 06 08 4f 00 25   |+Li.......r..O.%|
007d60  5f 41 c1 db 0e 11 15 03 1d 00 1f 2e 1d 00 09 0a   |_A..............|
007d70  30 5d 0f 66 00 13 05 2c 15 0a 60 00 0b 17 00 0e   |0].f...,..`.....|
007d80  52 68 0f 5a 00 0f 04 82 10 0a 59 00 09 16 00 00   |Rh.Z......Y.....|
007d90  58 00 1e 1b cd 16 3f 53 75 62 d0 16 08 2f 8b 36   |X.....?Sub.../.6|
007da0  d0 16 07 00 8e 24 0f 37 14 0b 03 5c 00 13 2f a9   |.....$.7...\../.|
007db0  55 04 61 08 02 16 00 0e e2 16 0d 19 00 0e 7d 20   |U.a...........} |
007dc0  0f 61 00 23 01 e5 07 06 54 15 0f 20 00 05 0f 36   |.a.#....T.. ...6|
007dd0  ad 06 0c 6f 00 04 f1 20 0b 50 00 24 4a 5a 23 02   |...o... .P.$JZ#.|
007de0  01 21 5a 0f 1e 00 0a 0e 3b 3d 0f 6c 00 25 02 c1   |.!Z.....;=.l.%..|
007df0  57 0f 1f 00 0b 0f 6e 00 37 02 72 5b 0f 1f 00 0b   |W.....n.7.r[....|
007e00  0a b0 9b 0f 6e 00 29 00 8d 59 0f 1d 00 09 0f b2   |....n.)..Y......|
007e10  01 37 5f 51 69 54 61 2e 1e 00 0a 0e b3 7f 0f 8d   |.7_QiTa.........|
007e20  02 08 03 9c e7 0b 51 00 04 17 18 2f 31 2e 19 00   |......Q..../1...|
007e30  05 0f 65 00 16 01 00 79 0b 46 00 01 48 04 00 cf   |..e....y.F..H...|
007e40  02 17 4d b1 0c 1e 75 1c 00 0e 37 b9 0f 65 00 21   |..M...u...7..e.!|
007e50  2e 47 6f 77 02 09 1d 00 0f 67 00 32 00 1c f7 0d   |.Gow.....g.2....|
007e60  4b 03 09 1d 00 0f 33 01 33 2d 44 75 6a 02 08 1c   |K.....3.3-Duj...|
007e70  00 0f cc 00 33 10 57 23 63 0f 1d 00 09 0e 3f c5   |....3.W#c.....?.|
007e80  0f 64 02 1e 03 45 1b 0d 63 02 04 18 00 0e ec 19   |.d...E..c.......|
007e90  0f 63 00 1e 02 68 1b 0d 62 00 03 17 00 0f b6 2f   |.c...h..b....../|
007ea0  06 0c 61 00 11 5a cb 09 36 42 65 69 d5 f2 0b 52   |..a..Z..6Bei...R|
007eb0  00 09 66 f5 0f 1c 00 08 0e 4c f3 0f 07 04 0c 06   |..f......L......|
007ec0  6c 9b 03 c5 2f 0e fa 03 06 1d 1b 03 da a2 0f 23   |l.../..........#|
007ed0  00 0f 0a 8a 20 0f 87 00 1a 0f 5d 00 09 00 a1 16   |.... .....].....|
007ee0  27 57 65 23 0a 0f 26 00 0b 0e 23 28 0f e1 01 1e   |'We#..&...#(....|
007ef0  03 80 0a 0c dc 1b 0e 1f 00 05 dd 1b 1f 93 f7 00   |................|
007f00  19 06 c5 f3 00 29 00 0f fd 00 01 04 5b 00 00 bf   |.....)......[...|
007f10  0e 72 53 68 69 50 61 69 5f 2c 00 1f 2e 2c 00 18   |.rShiPai_,...,..|
007f20  00 98 00 1f 87 98 00 44 bf 52 65 64 4c 61 6e 74   |.......D.RedLant|
007f30  65 72 6e 2e 26 00 12 00 8c 00 1f 89 8c 00 44 00   |ern.&.........D.|
007f40  b9 e3 0f 1f 01 10 07 27 00 0f 8e 00 49 20 53 74   |.......'....I St|
007f50  22 00 01 ea 3b 1f 2e 27 00 13 00 8e 00 1f 8f 8e   |"...;..'........|
007f60  00 44 11 43 32 00 1f 6f 1f 01 10 0a 2a 00 0f f0   |.D.C2..o....*...|
007f70  05 2d 03 58 0a 0e 89 07 0a 1d 00 0f 8d 05 30 0b   |.-.X..........0.|
007f80  e3 1e 0b 17 00 0e 1f 36 0f 0d 04 1f 23 68 75 f1   |.......6....#hu.|
007f90  03 0e 84 05 06 1b 00 0f 1e 09 30 0d 1b 1f 0d 19   |..........0.....|
007fa0  00 0f ce 00 3a 0d 67 00 07 1b 00 0f ce 00 38 05   |....:.g.......8.|
007fb0  11 11 0d 19 00 0f 64 02 2d 03 a4 15 0e 64 02 0a   |......d.-....d..|
007fc0  1d 00 0f cc 00 38 1f 34 cc 00 05 0e 07 3c 0f cc   |.....8.4.....<..|
007fd0  00 1c 05 03 1b 0e ce 00 0c 1f 00 0f 6b 00 36 1f   |............k.6.|
007fe0  44 6b 00 0b 1f 44 6b 00 39 0e 5e 0a 0b 1f 00 0e   |Dk...Dk.9.^.....|
007ff0  b6 07 0f d6 00 26 2e 4a 69 a2 0d 0e 22 00 0e 1e   |.....&.Ji..."...|
008000  d2 0f 71 00 24 0e 08 0c 0e 20 00 0a 9a ad 0f 14   |..q.$.... ......|
008010  0a 13 0d ef 09 01 45 fb 0e 08 0a 04 19 00 0e 76   |......E........v|
008020  0e 0f 64 00 1f 00 b2 14 37 4a 69 61 5a 12 0f 1c   |..d.....7JiaZ...|
008030  00 01 0e 4e 0f 0f 6a 00 29 0e 89 04 0a 1e 00 0f   |...N..j.).......|
008040  6e 00 3c 0d 90 04 0a 1e 00 0f 6e 00 3c 0d 32 04   |n.<.......n.<.2.|
008050  0a 1e 00 0f 18 02 37 2f 35 2e 19 00 05 0f 64 00   |......7/5.....d.|
008060  32 2e 47 6f 64 00 07 19 00 0e a9 12 0f b8 0d 20   |2.God.......... |
008070  07 41 21 0e be 0d 09 1e 00 0e bc 03 0f 18 13 1f   |.A!.............|
008080  01 f5 22 11 47 11 7c 0f 1f 00 0b 0f dc 00 3d 0d   |..".G.|.......=.|
008090  81 02 0e 3b 22 1f 62 67 11 2d 3e 75 4c 69 47 01   |...;".bg.->uLiG.|
0080a0  09 1a 00 0e 26 0d 0f 43 01 1d 05 70 1d 0f 45 01   |....&..C...p..E.|
0080b0  05 0a 21 00 0e 4c 06 0f d8 00 1e 07 d7 21 0d da   |..!..L.......!..|
0080c0  00 08 1c 00 0f b2 01 3d 0d f8 02 0a 1e 00 0f a6   |.......=........|
0080d0  15 2f 03 ad 08 2e 42 75 bb 06 0e 20 00 0f 49 01   |./....Bu... ..I.|
0080e0  3b 0d 7d 05 0c 2b 24 1f 64 da 00 2a 0e 3d 24 0f   |;.}..+$.d..*.=$.|
0080f0  1d 00 02 0f 8e 02 2f 06 6f 07 0e 8e 02 0e 21 00   |....../.o.....!.|
008100  0f 8e 02 3c 0d d3 03 0c 81 24 0f b5 0b 2c 06 a6   |...<.....$...,..|
008110  22 0d f8 02 07 1b 00 0f 69 00 3a 0d 18 02 0b b1   |".......i.:.....|
008120  24 0f 69 00 36 1f 33 69 00 07 0f 3b 01 31 01 34   |$.i.6.3i...;.1.4|
008130  0f 3e 61 6f 46 24 18 08 1b 00 0f d2 00 3a 0d f4   |.>aoF$.......:..|
008140  07 0b 65 24 0f 69 00 36 1f 35 69 00 07 01 95 04   |..e$.i.6.5i.....|
008150  0f 9c 1a 2b 01 b6 25 0e 89 07 04 19 00 0a 2a 44   |...+..%.......*D|
008160  0f 7b 18 22 02 ca 25 01 0e 10 1e 75 55 19 0d 21   |.{."..%....uU..!|
008170  00 0f 3c 01 3a 2f 36 2e 1b 00 07 0f 32 0e 30 04   |..<.:/6.....2.0.|
008180  09 26 0d 47 03 05 19 00 0f 65 00 30 04 23 26 0d   |.&.G.....e.0.#&.|
008190  a5 01 05 19 00 0a 19 b0 0f a5 01 22 01 37 26 00   |...........".7&.|
0081a0  82 06 0f a8 01 08 0d 24 00 0e a1 09 0f b9 03 29   |.......$.......)|
0081b0  0e 52 03 09 1d 00 0f 3d 06 16 04 e5 00 02 55 d8   |.R.....=......U.|
0081c0  0f ec 1a 05 00 4a d8 1f 2e 1e 00 0a 0e f1 07 0f   |.....J..........|
0081d0  71 00 24 01 f5 1e 1e 53 15 19 0a 1d 00 0e 9b 50   |q.$....S.......P|
0081e0  0f 6f 00 20 05 80 9b 8f 43 72 6f 77 62 61 72 2e   |.o. ....Crowbar.|
0081f0  20 00 0c 0e 21 07 0f 75 00 25 0b 5e 27 0e 1b 00   | ...!..u.%.^'...|
008200  0f 0a 03 30 04 18 27 0e a2 13 04 19 00 0f 65 00   |...0..'.......e.|
008210  38 0e 39 13 08 96 27 0f 65 00 34 0e a7 0e 04 19   |8.9...'.e.4.....|
008220  00 0f 65 00 38 0e 9e 0e 04 19 00 0f 45 19 30 0a   |..e.8.......E.0.|
008230  59 28 0d 9a 01 0b 1f 00 0f 71 00 3e 0d a6 01 0b   |Y(.......q.>....|
008240  1f 00 0f 7b 16 30 02 ec 28 0d da 00 03 17 00 0f   |...{.0..(.......|
008250  cc 1c 30 03 73 28 0d 62 00 04 18 00 0f c4 00 30   |..0.s(.b.......0|
008260  02 20 29 0e e7 07 02 17 00 0f c4 00 37 0d 8f 01   |. ).........7...|
008270  08 4f 29 0f 63 00 33 0d 33 03 04 18 00 0f ed 0b   |.O).c.3.3.......|
008280  30 07 ae 29 0d 2c 01 08 1c 00 0f 6b 00 3b 1f 32   |0..).,.....k.;.2|
008290  6b 00 08 0b 3b d9 0f 77 0e 22 00 85 9a 0f 17 00   |k...;..w."......|
0082a0  03 0a 7b 84 0f 94 1a 19 0f 63 1a 0f 0f 86 1a 11   |..{......c......|
0082b0  09 ed 49 0f 7f 00 34 bf 47 6f 6c 64 65 6e 44 65   |..I...4.GoldenDe|
0082c0  65 72 2e 26 00 12 0e 56 1f 0f 85 00 30 01 86 1c   |er.&...V....0...|
0082d0  30 54 75 72 11 8e 0f 27 00 13 0a e2 88 0f 87 00   |0Tur...'........|
0082e0  39 2f 4d 65 ea 08 02 0e 25 00 0f 8f 01 42 01 5e   |9/Me....%....B.^|
0082f0  00 6f 42 61 73 69 63 2e 26 00 12 0f 85 00 47 01   |.oBasic.&.....G.|
008300  e8 51 1f 2e 26 00 12 0f 85 00 47 6f 44 72 69 6e   |.Q..&.....GoDrin|
008310  6b 2e 26 00 12 0f bb 18 36 0e 5c 24 0e 20 00 0a   |k.&.....6.\$. ..|
008320  e2 85 0f 43 0c 28 03 7c 42 1f 2e 20 00 0c 0f dd   |...C.(.|B.. ....|
008330  00 2d 06 76 14 0e 98 19 0d 20 00 0f 53 0e 30 06   |.-.v..... ..S.0.|
008340  36 2e 0e 09 08 06 1b 00 0f d6 15 30 05 4d 2e 0e   |6..........0.M..|
008350  e5 0a 05 1a 00 0f d0 00 3a 1f 33 d0 00 07 0f a6   |........:.3.....|
008360  16 31 0e d7 2f 0e 1a 00 0f d0 00 3a 0d ee 0a 07   |.1../......:....|
008370  1b 00 0f d0 00 39 1f 33 d0 00 06 0f 37 01 3a 0e   |.....9.3....7.:.|
008380  bd 0b 05 1a 00 0f 37 01 3a 0d 66 12 07 1b 00 0f   |......7.:.f.....|
008390  d0 00 39 1f 35 d0 00 06 0f 5f 1a 3e 0d 3b 01 0a   |..9.5...._.>.;..|
0083a0  1e 00 0f 6f 00 3d 0d 6c 12 0a 1e 00 0f 0a 12 38   |...o.=.l.......8|
0083b0  0d 4b 03 05 19 00 0f be 2b 38 0d a9 01 05 19 00   |.K......+8......|
0083c0  0f 78 02 30 06 e3 32 0e e3 19 06 1b 00 0f 67 0b   |.x.0..2.......g.|
0083d0  3b 1f 33 67 0b 08 0f 6f 0f 31 04 1d 33 0d d2 00   |;.3g...o.1..3...|
0083e0  05 19 00 0f 65 00 38 1f 33 65 00 05 0f ca 00 39   |....e.8.3e.....9|
0083f0  0e 09 23 04 19 00 0f 57 0f 36 1f 32 57 0f 03 0b   |..#....W.6.2W...|
008400  b8 6e 0f 90 08 28 01 a2 45 1f 2e 1e 00 0a 0f 9c   |.n...(..E.......|
008410  0e 30 0e 3b 26 0a 18 00 0f 63 00 37 1f 34 63 00   |.0.;&....c.7.4c.|
008420  04 0f cf 04 31 09 40 35 0d cc 00 0a 1e 00 0e be   |....1.@5........|
008430  a8 0f 95 10 20 0e 67 00 04 16 00 0f 73 06 32 03   |.... .g.....s.2.|
008440  78 35 0e 4a 09 05 1a 00 0f cb 04 30 06 91 35 0d   |x5.J.......0..5.|
008450  68 00 07 1b 00 0f 69 00 3a 0d 9b 05 07 1b 00 0e   |h.....i.:.......|
008460  8c c9 0e 69 00 08 5a 35 0f 33 32 0e 0a 6c 35 0f   |...i..Z5.32..l5.|
008470  20 00 05 0a 0e 90 0f 77 00 30 01 8c 32 0f 7c 00   | ......w.0..2.|.|
008480  0d 07 25 00 0f a9 1a 15 04 81 00 0f c2 30 0a 0f   |..%..........0..|
008490  78 00 03 0b 1f 00 0f 71 03 15 04 72 00 0f 79 23   |x......q...r..y#|
0084a0  09 1e 31 73 00 0b 1b 00 00 6f 00 90 10 00 00 00   |..1s.....o......|
0084b0  54 6f 74 61 6c 62 00 01 fc b2 1f 73 2b 4f 07 e2   |Totalb.....s+O..|
0084c0  8d 01 00 00 13 00 00 00 43 6f 6e 73 75 6d 09 37   |........Consum.7|
0084d0  0f 34 00 0d 50 d3 00 00 00 12 34 00 10 68 86 02   |.4..P.....4..h..|
0084e0  20 68 69 34 00 4f 54 69 6d 65 33 00 08 f1 03 02   | hi4.OTime3.....|
0084f0  00 00 00 0b 00 00 00 50 6c 61 79 65 72 4e 61 6d   |.......PlayerNam|
008500  65 2c 00 35 53 74 72 2c 00 14 0b 2c 00 11 07 ba   |e,.5Str,...,....|
008510  4f 61 65 65 6e 61 00 0f 66 00 00 84 05 71 42 6f   |Oaeena..f....qBo|
008520  64 79 44 61 74 13 00 00 37 00 17 75 7d 37 26 12   |dyDat...7..u}7&.|
008530  59 98 37 0b 2e 00 0d 01 00 10 04 63 50 1f 76 61   |Y.7........cP.va|
008540  50 08 17 32 61 50 00 03 38 5e 46 6c 6f 61 74 27   |P..2aP..8^Float'|
008550  00 41 40 d7 25 44 63 50 10 43 19 58 60 41 74 74   |.A@.%DcP.C.X`Att|
008560  72 5a 69 3d ae 10 44 2a 08 0f 3f 38 03 26 bb 02   |rZi=..D*..?8.&..|
008570  a7 00 0b c2 00 20 00 05 b6 50 0f 4f 00 09 1e 0f   |..... ...P.O....|
008580  35 00 13 61 50 00 40 09 00 00 00 32 00 00 2c 00   |5..aP.@....2..,.|
008590  0e f1 00 04 1e 00 00 cd 74 01 7c 51 45 45 6e 75   |........t.|QEEnu|
0085a0  6d 44 00 13 15 26 00 10 0a 19 00 05 27 00 28 00   |mD...&......'.(.|
0085b0  11 0f 00 30 3a 3a 4e 1e af 01 a4 00 01 64 00 0f   |...0::N......d..|
0085c0  3c 01 06 22 0c 00 ca 00 4f 4e 6f 6e 65 79 00 0c   |<.."....ONoney..|
0085d0  1f 16 79 00 03 1a 12 79 00 20 4d 69 3d 52 0f 7a   |..y....y. Mi=R.z|
0085e0  00 10 1f 0b 7a 00 3d 10 5a 62 4e 0f f4 00 11 1f   |....z.=.ZbN.....|
0085f0  0f 7a 00 17 1f 17 7a 00 03 1a 13 7a 00 30 4c 69   |.z....z....z.0Li|
008600  4c 3c 07 0f 7b 00 10 1e 07 7b 00 0f e8 01 2b 10   |L<..{....{....+.|
008610  54 8b 2f 0f 79 00 10 18 04 79 00 19 1b b7 02 00   |T./.y....y......|
008620  2d 27 0f 08 03 0c 1f bd 08 03 0c 0e 51 00 0f 0a   |-'..........Q...|
008630  03 77 0f 22 01 15 1f 5b 0a 03 66 1e 54 15 02 0f   |.w."...[..f.T...|
008640  fd 03 53 1f 2b 09 03 67 1f 12 fe 03 66 18 09 7a   |..S.+..g....f..z|
008650  00 10 14 da 56 05 b9 02 01 83 07 0f 3e 00 0b 31   |....V.......>..1|
008660  31 00 00 a2 00 40 50 72 6f 66 af 06 0f 31 03 04   |1....@Prof...1..|
008670  2f 01 38 31 03 07 1e 17 43 00 0f 23 03 02 22 ac   |/.81....C..#..".|
008680  37 44 00 13 10 2c 00 6f 69 63 69 65 6e 63 25 07   |7D...,.oicienc%.|
008690  04 13 09 25 00 05 43 01 4d 42 79 74 65 be 01 01   |...%..C.MByte...|
0086a0  5c 01 07 4c 00 03 c1 01 07 12 00 83 3a 3a 46 61   |\..L........::Fa|
0086b0  4d 75 00 08 4f 00 0f 78 07 0a 13 2f 22 08 00 29   |Mu..O..x.../"..)|
0086c0  00 3f 4d 61 78 2c 00 0a 17 3c c9 00 02 2c 00 5f   |.?Max,...<...,._|
0086d0  5f 49 6e 69 74 d5 07 0b 04 86 00 0f d9 07 0c 40   |_Init..........@|
0086e0  00 00 bd 43 0e 02 df 55 6e 6c 6f 63 6b 42 65 6e   |...C...UnlockBen|
0086f0  65 66 69 74 99 01 04 2f c2 00 99 01 07 00 50 58   |efit.../......PX|
008700  0e 48 00 0f 9e 01 04 14 5f b9 58 05 31 00 07 46   |.H......_.X.1..F|
008710  01 03 3c 00 0e a7 01 0f 58 01 12 13 1e 98 07 02   |..<.....X.......|
008720  57 00 5f 49 6e 64 65 78 a7 09 0b 05 cf 02 09 52   |W._Index.......R|
008730  03 0f 0f 02 07 1f 1b 0f 02 06 1d 17 0f 02 31 43   |..............1C|
008740  61 69 e8 29 0f bb 00 13 1f 3c 13 02 76 2f 80 40   |ai.).....<..v/.@|
008750  13 02 15 2f 21 01 13 02 07 1f 02 13 02 19 1f be   |.../!...........|
008760  13 02 81 0f b7 01 16 0f 72 02 76 13 5a a4 0c 0f   |........r.v.Z...|
008770  bb 00 13 1f 30 72 02 75 2f 40 96 85 04 ff 1c 1f   |....0r.u/@......|
008780  1a 13 02 06 1f 16 85 04 01 00 55 0a 0f 12 02 9c   |..........U.....|
008790  3f 00 94 42 12 02 ff 1b 1f 18 12 02 06 1d 14 12   |?..B............|
0087a0  02 5f 50 61 6f 4d 75 94 06 9d 2f 90 41 94 06 e6   |._PaoMu.../.A...|
0087b0  1f 01 94 06 4b 1f 01 94 06 4c 22 52 6f 52 1a 0f   |....K....L"RoR..|
0087c0  19 0b 9d 1f 92 94 06 e7 1f 01 82 04 4c 4f 52 6f   |............LORo|
0087d0  75 50 a4 08 14 1f 31 10 02 76 1f 64 10 02 fe 0f   |uP....1..v.d....|
0087e0  a4 08 36 2e 46 61 b6 0a 0f 94 06 90 2f 08 42 12   |..6.Fa....../.B.|
0087f0  02 ff 1b 1f 19 12 02 06 2e 15 00 c9 0c 4f 69 54   |.............OiT|
008800  61 6f b9 00 13 1f 1c 11 02 76 1f a0 11 02 16 1f   |ao.......v......|
008810  63 11 02 08 1f 00 11 02 19 1f 00 11 02 22 0e b2   |c............"..|
008820  01 0f fc 12 2e 3f 51 69 4a 55 0a 14 1f 23 b0 01   |.....?QiJU...#..|
008830  76 1f 35 d3 05 fe 0f 0f 02 36 00 4b 1e 0f b7 00   |v.5......6.K....|
008840  13 1f 3b 0f 02 76 1f f2 e2 07 ff 48 6f 4a 69 61   |..;..v.....HoJia|
008850  5a 68 6f 76 0e 9e 2f 50 42 76 0e ff 7a 0f 71 02   |Zhov../PBv..z.q.|
008860  19 10 4c 78 c1 2f 69 6e 71 02 9d 1f 00 7b 17 ba   |..Lx./inq....{..|
008870  0f 12 02 27 0f e2 04 9f 6f 50 65 6e 67 52 65 71   |...'....oPengReq|
008880  02 9e 1f a0 e2 04 ff 7b 1f 16 71 02 06 1d 12 71   |.......{..q....q|
008890  02 1f 44 20 0d 15 1f 5a 6d 02 18 1f 5a 6d 02 48   |..D ...Zm...Zm.H|
0088a0  3f 80 fb 3f 6d 02 16 1f 80 6d 02 08 1f 03 6d 02   |?..?m....m....m.|
0088b0  19 2f 1d 01 6d 02 73 1f 00 6d 02 4b 0f 5f 00 1f   |./..m.s..m.K._..|
0088c0  1f 5a 5f 00 26 0f cc 02 14 1f 1c cc 02 06 1d 18   |.Z_.&...........|
0088d0  cc 02 11 53 07 2a 0f d2 02 9f 3f cb 07 41 d2 02   |...S.*....?..A..|
0088e0  ff d9 0f 9e 05 19 1f 4d cc 02 9d 3f 00 c4 90 cc   |.......M...?....|
0088f0  02 ff da 0f cc 11 19 00 0c 3d 0f cd 02 9b 3f 30   |.........=....?0|
008900  33 d8 6b 08 ff da 0f a8 0d 19 5f 51 75 61 6e 54   |3.k......._QuanT|
008910  9d 05 9d 4f c0 2e 5b 42 9d 05 ff ff 06 00 1c 37   |...O..[B.......7|
008920  0f 6a 08 9c 3f 66 41 40 cd 02 ff d9 0f f7 1d 19   |.j..?fA@........|
008930  02 a0 5e 0f cf 02 9b 2e 78 b4 2a 24 0f cf 02 ff   |..^.....x.*$....|
008940  f6 4f 75 6e 50 61 3b 0b 9c 3f 40 5e 91 6b 08 ff   |.OunPa;..?@^.k..|
008950  ff 07 1f 42 9c 05 9e 3f 00 fc 31 6b 08 ff bc 19   |...B...?..1k....|
008960  16 f5 3e 00 65 22 03 96 94 1e 00 d1 01 17 08 a8   |..>.e"..........|
008970  3d 2b 49 6e a2 21 59 e9 a1 07 00 0d 4d 00 3e 5a   |=+In.!Y.....M.>Z|
008980  4a 00 44 00 2f ac 19 15 02 07 3e 24 00 00 43 00   |J.D./.....>$..C.|
008990  1e 0f 29 00 13 50 44 00 00 6b 03 01 f0 40 20 4a   |..)..PD..k...@ J|
0089a0  69 04 49 10 4e 0f 5b 30 75 6e 44 21 36 0d 01 00   |i.I.N.[0unD!6...|
0089b0  10 0e 2c 00 12 4a 25 00 0f 29 01 0c 13 c7 e3 00   |..,..J%..)......|
0089c0  30 53 68 75 f5 1e 4f 44 75 4c 76 2d 00 07 50 ff   |0Shu..ODuLv-..P.|
0089d0  ff ff ff 07 ad 90 5f 55 73 69 6e 67 9e 90 07 02   |......_Using....|
0089e0  33 3a 4f 62 43 61 6e 29 00 0c 16 01 9c 01 0f b4   |3:ObCan)........|
0089f0  00 18 2f 2b 01 b4 00 40 1f 01 b4 00 4b 2f 8f 01   |../+...@....K/..|
008a00  68 01 9f 1f f3 68 01 a0 2f 57 02 b4 00 9f 2f bb   |h....h../W..../.|
008a10  02 1c 02 9f 2f 1f 03 b4 00 9f 2f 83 03 1c 02 9f   |..../...../.....|
008a20  1f e7 68 01 a0 1f 66 54 06 19 00 95 08 0f b4 00   |..h...fT........|
008a30  70 1f 67 b4 00 19 1f 3c b4 00 73 1f 69 b4 00 19   |p.g....<..s.i...|
008a40  00 3f 09 0f d0 02 70 2f 2d 01 1c 02 9f 2f bf 02   |.?....p/-..../..|
008a50  b4 00 9f 2f c0 02 d0 02 9f 2f 30 01 b4 00 9f 2f   |.../...../0..../|
008a60  be 02 84 03 9f 1f 91 84 03 a0 1f 92 1c 02 a0 2f   |.............../|
008a70  94 01 1c 02 40 0f b4 00 4c 2f 2e 01 d0 02 9f 1f   |....@...L/......|
008a80  f9 d0 02 a0 1f c9 24 09 a0 1f cb 24 09 a0 1f 2a   |......$....$...*|
008a90  84 03 a0 1f f5 ec 04 a0 1f fa 68 01 a0 2f 24 03   |..........h../$.|
008aa0  84 03 9f 2f 21 03 1c 02 9f 2f 23 03 1c 02 9f 1f   |.../!..../#.....|
008ab0  59 f4 0b a0 1f 5c f4 0b a0 1f 5b 40 0b a0 1f 86   |Y....\....[@....|
008ac0  38 04 a0 1f 87 38 04 a0 2f 88 03 1c 02 74 05 09   |8....8../....t..|
008ad0  00 10 12 7e 00 72 73 46 61 53 6f 6e 67 b9 19 00   |...~.rsFaSong...|
008ae0  76 30 0f 43 00 08 00 72 1a 00 41 4b 50 43 61 6e   |v0.C...r..AKPCan|
008af0  67 46 48 8b 0f ec 55 08 1f d3 17 3c 08 00 8e 1a   |gFH...U....<....|
008b00  0e 4c 00 0f e7 55 08 17 80 05 1b 4e 47 75 69 64   |.L...U.....NGuid|
008b10  25 1a f7 72 6d 06 0a b2 6e 41 2e 11 7f 3a d3 83   |%..rm...nA...:..|
008b20  73 ad 59 4c 39 24 99 32 e6 4e fe 70 b1 d1 4b 95   |s.YL9$.2.N.p..K.|
008b30  fc 04 e9 74 c1 e8 6e 6e 5c 4e 7e 07 c0 87 da b0   |...t..nn\N~.....|
008b40  20 b8 34 4a 5c c1 c8 75 3d 4d 59 03 5c 39 2a ba   | .4J\..u=MY.\9*.|
008b50  c0 e9 3f b1 2c f5 c0 82 29 47 ff e2 37 77 31 a7   |..?.,...)G..7w1.|
008b60  32 27 fa 3b 14 d1 34 63 06 4b 09 e7 ea 58 b2 b7   |2'.;..4c.K...X..|
008b70  2f 72 50 02 2b 80 bb ae 9f 4b 3c 42 19 14 85 a0   |/rP.+....K<B....|
008b80  ea 41 41 44 af 89 da c5 c1 45 ba 10 05 6b 3a 98   |.AAD.....E...k:.|
008b90  8e 94 32 1a 12 cf 00 4f 5a 75 52 65 17 01 05 1f   |..2....OZuRe....|
008ba0  8f 5a 1d 08 00 1d 46 0e 48 00 0f 13 01 04 2f 40   |.Z....F.H...../@|
008bb0  01 13 01 0d f0 ff 32 49 f5 9d 55 0b 4c 33 d8 5c   |......2I..U.L3.\|
008bc0  02 13 96 c8 cb d7 3e aa 95 7f d6 f9 43 65 a7 6b   |......>.....Ce.k|
008bd0  8e 7f ba de 8b 3a 64 35 fc 4a 65 5b 4e b6 22 a4   |.....:d5.Je[N.".|
008be0  63 e5 87 5f 65 b2 fa 63 a4 d9 38 2d 4d b3 9c 34   |c.._e..c..8-M..4|
008bf0  56 49 80 7a 21 80 b9 0d 61 58 89 d2 4c ee 5a 84   |VI.z!...aX..L.Z.|
008c00  08 c3 86 fc 9b 6e 02 5a 38 1a 54 f7 48 fc f6 ff   |.....n.Z8.T.H...|
008c10  d0 be b1 6f 26 e2 5f ff 44 ac c6 4a 41 cf 85 4b   |...o&._.D..JA..K|
008c20  45 9d af 59 70 f0 37 13 21 36 84 6a 43 53 ea 00   |E..Yp.7.!6.jCS..|
008c30  57 02 a5 eb 7a c2 58 4d c5 2d c8 95 4d 86 cd 70   |W...z.XM.-..M..p|
008c40  73 34 93 8b e7 d6 43 b5 e5 f3 df 0f 44 9e 98 92   |s4....C.....D...|
008c50  db d7 b0 ef 28 3c 66 ff 53 0c ba cc 4b ad f9 52   |....(<f.S...K..R|
008c60  6d e8 bf ed bb e6 6b 59 1d 7c 78 0f 46 b3 b4 b4   |m.....kY.|x.F...|
008c70  0b 31 88 64 a5 d7 c9 b9 37 aa ea dc 4f 5b 08 5b   |.1.d....7...O[.[|
008c80  75 5e 9f 06 ba cf d2 35 b0 46 84 cc 4d df 36 6b   |u^.....5.F..M.6k|
008c90  21 32 b2 66 27 64 72 78 32 0e 32 86 46 38 d2 1c   |!2.f'drx2.2.F8..|
008ca0  ce 31 a1 74 48 5e d8 01 e1 ed 54 f9 41 eb 1a 15   |.1.tH^....T.A...|
008cb0  1c 30 87 a5 a2 48 10 a9 e2 9d 79 45 45 6f 5d 41   |.0...H....yEEo]A|
008cc0  0e 3e bc 1e 7a 67 a7 7d 92 f7 46 75 4b 19 05 e6   |.>..zg.}..FuK...|
008cd0  2e ff ac 5e d3 07 99 5a f7 c8 64 f5 48 7b 5e 19   |...^...Z..d.H{^.|
008ce0  44 28 85 2f 7d ed b4 db ba e0 8d 7f 45 4b 5c ad   |D(./}.......EK\.|
008cf0  c6 47 b7 05 9f dd ed 75 01 01 83 01 00 e4 af 1f   |.G.....u........|
008d00  70 d0 01 04 2f aa 05 2a 1f 0b 0e 45 00 0f 2b 00   |p.../..*...E..+.|
008d10  01 17 54 46 00 06 2e 00 0f c8 5c 07 3f 55 69 64   |..TF......\.?Uid|
008d20  47 00 01 1f 10 27 03 0e f1 01 c8 c8 2f fb 87 4d   |G....'....../..M|
008d30  4a f6 aa 7b 2a 90 5a ca 04 29 0c 04 22 61 6d 0d   |J..{*.Z..).."am.|
008d40  21 36 54 65 78 4c 00 18 13 83 4d 10 ff 6d 02 10   |!6TexL....M..m..|
008d50  06 d8 1e 11 61 33 ad 00 5e 02 3f 63 6f 6e f2 04   |....a3..^.?con..|
008d60  0c 13 0c 53 05 0f 10 03 09 1f 17 10 03 08 1d 0d   |...S............|
008d70  40 00 1e 0f 26 00 1f d0 f4 00 0e 0c b8 02 0c 98   |@...&...........|
008d80  02 0c 18 03 0c f8 02 0c d8 02 0c f8 02 0c 78 02   |..............x.|
008d90  0c 48 03 0f d8 02 0d 0c 88 02 0f b8 02 0d 05 c0   |.H..............|
008da0  05 0f 0a 02 2a ff 01 50 d9 dc 62 c2 40 a0 d9 94   |....*..P..b.@...|
008db0  53 cb 99 34 5c 6d 28 0a 02 07 1d 17 0a 02 01 43   |S..4\m(........C|
008dc0  59 8f 6d 70 6c 6f 79 65 65 73 0e 02 15 1f 06 0e   |Y.mployees......|
008dd0  02 10 1f e7 35 06 08 1f 0a 0e 02 11 2f a0 00 16   |....5......./...|
008de0  05 1d 0c 06 05 0c 96 04 0c b6 04 0c 86 04 fc 11   |................|
008df0  9e f9 58 89 91 42 5a 8d 79 f2 b6 97 8d 6d 84 06   |..X..BZ.y....m..|
008e00  8a b3 84 d2 d4 4a 28 dd 92 9d 7e 84 8e c8 e6 aa   |.....J(...~.....|
008e10  56 04 0c b6 04 ff 01 9c dc 50 04 0d 47 b6 d8 ca   |V........P..G...|
008e20  47 4a b8 a3 7b 7f 2c de 01 33 ff 01 ec 4c 41 09   |GJ..{.,..3...LA.|
008e30  0b 44 af 74 50 5c 8c aa 13 3d 1e d5 de 01 07 1d   |.D.tP\...=......|
008e40  15 de 01 11 08 97 01 4f 63 68 65 72 dc 01 16 1f   |.......Ocher....|
008e50  0a dc 01 10 2f 77 00 2a 05 0b 0f dc 01 0e 1f 30   |..../w.*.......0|
008e60  f6 00 0e f5 21 29 9b c8 bf 18 46 76 11 09 65 73   |....!)....Fv..es|
008e70  b2 8c fa 02 2d 21 67 20 46 a9 44 e2 b7 b3 83 9d   |....-!g F.D.....|
008e80  96 32 37 70 94 ab c9 cc 01 31 42 cb c3 be 81 a7   |.27p.....1B.....|
008e90  81 b8 c2 b1 f3 6c 01 10 19 6e 00 ff 03 61 76 65   |.....l...n...ave|
008ea0  46 69 72 73 74 54 72 61 6e 73 44 4c 43 4d 61 f5   |FirstTransDLCMa.|
008eb0  05 05 2f 18 01 f3 44 0b 0f 4f 00 0a 1e 0f 35 00   |../...D..O....5.|
008ec0  13 b6 c0 00 13 11 38 00 04 33 00 0e 01 06 04 f2   |......8..3......|
008ed0  60 02 50 00 0e 4e 63 08 d1 01 12 11 28 00 11 5f   |`.P..Nc.....(.._|
008ee0  58 b3 62 30 31 5f 4d 61 69 1b 24 40 53 65 6e 64   |X.b01_Mai.$@Send|
008ef0  b6 d0 00 f5 93 1e 65 29 5d 13 2c 40 00 01 ac 4e   |......e)].,@...N|
008f00  04 8b 00 52 50 72 69 73 65 31 00 2f 00 28 19 00   |...RPrise1./.(..|
008f10  03 23 3a 3a 76 b3 00 60 00 01 a1 00 2a 73 6b 23   |.#::v..`....*sk#|
008f20  5d 07 96 b3 0f 91 b3 08 2f bb 07 6d 9b 07 10 10   |]......./..m....|
008f30  a4 5c 1f 85 e3 b2 0f f0 01 4e 50 43 2f 48 75 6d   |.\.......NPC/Hum|
008f40  61 6e 2f 53 61 76 61 67 65 22 b5 01 60 95 00 5c   |an/Savage"..`..\|
008f50  65 80 45 67 79 70 74 44 4c 43 6a bb 46 62 65 46   |e.EgyptDLCj.FbeF|
008f60  5f 23 00 21 30 31 6a b0 1f 2e 25 00 11 2f 5f 43   |_#.!01j...%../_C|
008f70  8a 00 1c af 44 65 73 65 72 74 57 6f 6c 66 8a 00   |....DesertWolf..|
008f80  04 26 4d 5f 23 00 0e 8a 00 0f 25 00 07 0f 7e b8   |.&M_#.....%...~.|
008f90  14 04 f7 b3 d0 4d 61 63 68 69 6e 65 2f 52 65 63   |.....Machine/Rec|
008fa0  6f 6e 23 00 23 50 5f 13 00 13 5f 13 00 05 7b 00   |on#.#P_..._...{.|
008fb0  0e 18 00 0e f8 00 0f 82 01 3c 1f 32 82 01 11 1f   |.........<.2....|
008fc0  32 82 01 51 1f 32 82 01 11 1f 32 82 01 2f 1e 32   |2..Q.2....2../.2|
008fd0  82 01 1f 32 82 01 04 06 6e 00 1f 5f 6e 00 1e 00   |...2....n.._n...|
008fe0  fe 00 47 74 72 6f 79 f9 b5 05 12 00 1d 2e 12 00   |..Gtroy.........|
008ff0  00 64 00 1f 7b e6 01 1b 8a 6e 64 42 61 6e 64 69   |.d..{....ndBandi|
009000  74 58 01 07 18 00 02 63 00 5f 4d 5f 54 32 2e 22   |tX.....c._M_T2."|
009010  00 0e 0a 1a ba 07 a8 bd 00 12 64 11 57 18 6a 30   |..........d.W.j0|
009020  4a 69 58 0e 89 30 4f 53 53 f5 bb 41 69 58 69 61   |JiX..0OSS..AiXia|
009030  73 f9 4f 5f 34 30 2e 1e 00 0a 0f 75 ba 14 0d ad   |s.O_40.....u....|
009040  01 37 61 6e 67 3c 01 02 0f 00 1a 2e 0f 00 0a c4   |.7ang<..........|
009050  95 0f 92 02 33 5e 4c 61 72 67 65 19 04 0f 2a 00   |....3^Large...*.|
009060  16 0f 19 ba 14 0c ef 00 a1 45 78 63 61 76 61 74   |.........Excavat|
009070  6f 72 2f 5e 00 08 a4 02 05 1b 00 02 60 00 01 20   |or/^........`.. |
009080  00 1f 2e 20 00 0c 00 86 00 1f 9b 36 04 24 03 13   |... .......6.$..|
009090  78 3f 4e 70 63 20 01 01 09 17 04 7e 53 75 70 70   |x?Npc .....~Supp|
0090a0  6f 72 74 23 01 0f 2d 00 0d 0f a0 00 45 1f 46 a0   |ort#..-.....E.F.|
0090b0  00 19 0f 2d 00 08 0e eb a5 0d 10 03 02 0a 00 20   |...-........... |
0090c0  5f 4c 00 9a 15 75 62 00 0e 16 00 00 4b 00 1f 6f   |_L...ub.....K..o|
0090d0  11 02 29 0f eb 01 06 0f 05 02 08 11 43 cf 07 50   |..).........C..P|
0090e0  50 53 4e 69 65 fe 12 01 79 cc 0f 0b 09 01 26 03   |PSNie...y.....&.|
0090f0  05 7d 08 08 2c 00 0f 1e 2c 06 11 0a 7b 65 7f 58   |.}..,...,...{e.X|
009100  69 6e 67 42 69 65 82 46 0b 11 10 2b 00 20 4c 69   |ingBie.F...+. Li|
009110  a4 70 0f af 13 0e 13 05 8d 11 04 2f 00 55 4d 6f   |.p........./.UMo|
009120  72 70 68 43 0b 00 09 00 05 34 00 18 0d 3e 65 20   |rphC.....4...>e |
009130  4d 5f cf 01 21 30 38 0d 00 50 46 75 53 65 42 45   |M_..!08..PFuSeBE|
009140  67 0f 98 2f 08 51 74 c8 ac 3f 0e 9a 00 2f 46 61   |g../.Qt..?.../Fa|
009150  98 00 10 13 dd 02 0a 51 46 61 53 65 43 1d 01 0f   |.......QFaSeC...|
009160  47 01 01 13 35 a2 0a 16 18 47 01 34 59 61 6e 32   |G...5....G.4Yan2|
009170  00 02 7e 01 0e 77 2f 01 86 00 01 28 00 0f 76 0c   |..~..w/....(..v.|
009180  09 11 0c 16 01 9d 6e 65 61 72 43 6f 6c 6f 72 48   |......nearColorH|
009190  00 00 0d 44 54 3f 94 fb 1d 3f 0c 00 00 de 00 01   |...DT?...?......|
0091a0  79 00 00 1d 6f 14 4d a7 14 0f 43 01 08 98 65 74   |y...o.M...C...et|
0091b0  61 6c 6c 69 63 00 0a 39 00 0f 44 01 09 40 33 33   |allic..9..D..@33|
0091c0  33 3f 43 00 00 8a 03 4f 75 6c 61 72 a8 01 03 18   |3?C....Oular....|
0091d0  12 52 2e 54 48 61 69 72 5f 30 00 27 00 0e 3d 00   |.R.THair_0.'..=.|
0091e0  5f 56 61 6c 75 65 9b 4c 0c 15 3f d8 0a 10 0b 35   |_Value.L..?....5|
0091f0  01 5f 72 65 61 73 74 e9 01 0d 40 9a 99 59 3f d2   |._reast...@..Y?.|
009200  00 01 4a 6a 0f 2d 00 0d 53 42 d7 9b 3f 0d 7f 02   |..Jj.-..SB..?...|
009210  3f 4d 61 74 15 02 0c 13 da 15 02 af 42 65 61 72   |?Mat........Bear|
009220  64 49 6e 66 6f 31 c1 01 01 17 90 82 0d 01 2a 00   |dInfo1........*.|
009230  01 c0 01 00 2f 00 0e 65 0c 07 4e 00 0f 9b 30 0e   |..../..e..N...0.|
009240  19 0b 50 00 0f 3b 02 2a c0 d4 44 1f 3c 2c ba f5   |..P..;.*..D.<,..|
009250  3b 9e 62 d5 3b 3b 02 0a 67 01 04 de 00 1f 32 de   |;.b.;;..g.....2.|
009260  00 bd 11 12 f9 0d 22 74 75 45 c1 7f 50 65 72 63   |......"tuE..Perc|
009270  65 6e 74 1f 02 0a 39 cc 20 3d 1c 01 6f 50 53 4d   |ent...9. =..oPSM|
009280  4a 47 5a 75 16 05 1f 2d b0 0e 07 00 b5 00 0b 41   |JGZu...-.......A|
009290  00 0f 50 04 01 16 2d b8 31 10 4d 4f 50 32 75 47   |..P...-.1.MOP2uG|
0092a0  61 e4 8b 0f b8 31 07 11 0c 4f 04 00 56 00 10 42   |a....1...O..V..B|
0092b0  93 a1 0e 69 0e 18 20 70 35 02 56 00 02 2a 00 2b   |...i.. p5.V..*.+|
0092c0  00 1c 12 00 22 3a 3a 0d 00 10 5f 07 00 21 42 75   |...."::..._..!Bu|
0092d0  e3 00 00 59 00 00 04 73 01 77 6b 0f 2d 0e 01 15   |...Y...s.wk.-...|
0092e0  59 54 04 0f 6d c1 11 00 f2 df 05 d4 00 00 e3 06   |YT..m...........|
0092f0  00 60 00 12 5f 77 00 00 8e cd 0d 12 00 03 d3 06   |.`.._w..........|
009300  00 15 00 02 a4 04 0f 7d 01 04 2f 9b 02 2c 4e 0b   |.......}../..,N.|
009310  0e 45 00 0f 2b 00 01 13 3a 46 00 1e 1a 81 01 01   |.E..+...:F......|
009320  b1 05 0e d3 05 06 52 10 51 65 6c 65 63 74 26 00   |......R.Qelect&.|
009330  0f ef 02 0c 13 08 b6 01 07 2b 06 0f 8c 00 01 17   |.........+......|
009340  96 e1 01 08 2b 00 0f 51 06 46 c0 73 9d c6 3c a5   |....+..Q.F.s..<.|
009350  bb 3b 3e d0 44 58 3c 38 03 15 0b 18 06 0f 4e 06   |.;>.DX<8......N.|
009360  03 18 0c 81 00 01 54 00 2e 30 32 00 1b 0f 1d 01   |......T..02.....|
009370  1c 1f 00 1d 01 84 cf 8e e6 48 3d e8 bb bb 3d e9   |.........H=...=.|
009380  45 2d 3d 1d 01 24 2e 31 00 1d 01 11 08 08 01 0f   |E-=..$.1........|
009390  33 1d 0e 11 08 be 02 0e bb c5 0d 1f 14 11 06 29   |3..............)|
0093a0  00 0f a4 38 0d 35 7a 13 45 82 00 0f 40 04 0e 1f   |...8.5z.E...@...|
0093b0  23 40 04 06 1f 1f 40 04 05 04 9a 90 1f 67 43 04   |#@....@......gC.|
0093c0  13 15 57 43 04 0f 66 b5 02 02 55 00 0e 37 04 06   |..WC..f...U..7..|
0093d0  67 00 20 5f 31 67 db 0f 17 00 03 0f 41 04 15 1f   |g. _1g......A...|
0093e0  61 20 5d 0c 0f 41 04 13 2f 00 00 41 04 22 0f 07   |a ]..A../..A."..|
0093f0  02 39 1f 01 07 02 16 08 f0 38 0f 47 06 6d 15 4d   |.9.......8.G.m.M|
009400  04 02 1f 48 04 02 1a 03 6b 00 1d 35 3b 06 1f 35   |...H....k..5;..5|
009410  3b 06 c1 0f 1e 05 85 00 12 05 8f cd e5 16 3f f4   |;.............?.|
009420  dd 1d 3e 1e 05 38 0f 1d 01 b5 af 00 00 4a 44 34   |..>..8.......JD4|
009430  3f 56 d8 6c 3e 58 07 38 0f 3b 06 63 3f ad bc 44   |?V.l>X.8.;.c?..D|
009440  34 04 76 15 4b 34 04 1f 46 34 04 21 0d 33 04 0f   |4.v.K4..F4.!.3..|
009450  32 04 ff 5e 00 e2 0f 04 0c 00 0f 15 03 20 1f 33   |2..^......... .3|
009460  32 04 ca 03 1d 01 1f 3f 6d 0a 84 0f 66 08 16 3f   |2......?m...f..?|
009470  a8 d2 89 32 04 b6 1d 31 a0 0e 0f 32 04 ff 59 8f   |...2...1...2..Y.|
009480  d3 dd 4d 3f 3e 93 bd 3e 32 04 ff a6 0f 64 08 16   |..M?>..>2....d..|
009490  4f 80 4d 84 45 32 04 b5 2c 32 2e 11 00 0f 64 08   |O.M.E2..,2....d.|
0094a0  ff 5d 4f 34 bd 00 3f 32 04 ff cf 4e 00 3c bf 43   |.]O4..?2...N.<.C|
0094b0  32 04 0f 11 17 b0 2d 33 2e 12 00 0f 40 04 ff 59   |2.....-3....@..Y|
0094c0  00 0d 17 31 72 6f 2e 04 00 0f d6 10 fe bf 1d 22   |...1ro........."|
0094d0  22 3f 75 1e c5 3e 7f 17 76 d6 10 85 1f 03 40 04   |"?u..>..v.....@.|
0094e0  15 4f 50 db 54 46 40 04 c2 1d 32 40 04 0f 80 08   |.OP.TF@...2@....|
0094f0  ff 5a cf cd cc cc 3d bd 56 c2 3d a7 06 ba 3d 80   |.Z....=.V.=...=.|
009500  08 fe 00 40 04 08 a9 09 0f 40 04 80 1f 06 40 04   |...@.....@....@.|
009510  15 4f e9 8c d7 47 51 1b 79 15 51 43 04 1f 4c 51   |.O...GQ.y.QC..LQ|
009520  1b 24 3e 39 2e 42 14 00 0f 4b 1b b7 1f 01 4b 1b   |.$>9.B...K....K.|
009530  c9 0f 41 06 39 0e f2 12 0f f3 12 c1 1f 04 a4 0d   |..A.9...........|
009540  88 40 33 33 b3 3e 49 06 0f 92 21 66 1f 03 5e 07   |.@33.>I...!f..^.|
009550  86 20 4c 3e bd 0e 4f 9a 99 19 3e c1 0e 5d 1f 01   |. L>..O...>..]..|
009560  c1 0e 3d 2f e0 01 c1 0e 4a 00 06 f8 3f 53 68 69   |..=/....J...?Shi|
009570  40 04 57 02 70 00 08 d2 25 05 12 00 0f 40 04 15   |@.W.p...%....@..|
009580  1f 7e ff 35 0c 0f 40 04 13 2f 1d 01 d2 25 fe 0f   |.~.5..@../...%..|
009590  81 0a 2e 0f 63 07 c3 0f 23 03 65 1d 31 23 03 0f   |....c...#.e.1#..|
0095a0  63 07 c1 1f 0a 23 03 84 30 9a 99 99 5f 07 0e 56   |c....#..0..._..V|
0095b0  1a 0f e4 11 59 0f 1d 01 c8 1f 32 88 1e 75 09 40   |....Y.....2..u.@|
0095c0  04 00 61 2d 01 37 3c 90 43 72 65 61 74 65 4c 6f   |..a-.7<.CreateLo|
0095d0  61 2c f2 00 64 9f 0f 43 00 0b 33 40 40 0c c5 2d   |a,..d..C..3@@..-|
0095e0  3f 48 4a 53 95 03 04 2f 07 0e 93 45 0b 0c 42 00   |?HJS.../...E..B.|
0095f0  1e 0f 28 00 26 aa 0d d0 61 02 92 03 11 48 c5 a8   |..(.&...a....H..|
009600  5f 6e 67 53 68 69 c2 5f 0a 0f af 2d 70 11 0d 87   |_ngShi._...-p...|
009610  00 6f 43 68 61 43 61 6f 23 01 04 1f a6 b8 04 0c   |.oChaCao#.......|
009620  0d 43 00 1e 0f 29 00 13 4c 44 00 15 15 24 01 00   |.C...)..LD...$..|
009630  30 00 3e 68 61 6f 20 01 07 cf 0f 5f 48 4a 53 44   |0.>hao ...._HJSD|
009640  4a 18 01 01 15 cf f5 9d 06 c3 bb 53 4d 61 70 73   |J..........SMaps|
009650  2f d8 3d 18 2f e0 3d 18 2e 0d 00 b1 3a 50 65 72   |/.=./.=.....:Per|
009660  73 69 73 74 65 6e 74 17 00 22 2e 48 85 a1 01 ae   |sistent..".H....|
009670  3d a1 5f 32 31 34 37 32 32 37 31 31 a0 2a 07 c7   |=._214722711.*..|
009680  01 40 32 30 5f 43 1e 00 9f 33 31 31 37 36 37 33   |.@20_C...3117673|
009690  00 53 2f f7 0c 03 b5 0f 07 42 00 1c 2f 51 00 1e   |.S/......B../Q..|
0096a0  2e 62 00 21 00 07 b3 03 10 6f fb 06 0f ff 91 13   |.b.!.....o......|
0096b0  0f 26 01 7b 27 31 31 26 01 2f 36 30 26 01 2f 2e   |.&.{'11&./60&./.|
0096c0  31 31 62 00 0f 26 01 13 1f 03 1f 64 02 0f dd 2a   |11b..&.....d...*|
0096d0  68 0f 69 03 10 1f 5a 8a 11 0c 0f 69 03 11 2f 00   |h.i...Z....i../.|
0096e0  00 69 03 1d 0e 1d 01 0f c6 27 5d 0f 1b 01 f3 0e   |.i.......'].....|
0096f0  af 24 0f 9f 05 ff 20 7f 34 34 35 37 39 35 35 9f   |.$.... .4457955.|
009700  05 69 1f 00 9f 05 88 15 38 9f 05 2f 38 35 26 01   |.i......8../85&.|
009710  31 2e 31 38 62 00 0e 26 01 0f fd 82 17 0f e4 23   |1.18b..&.......#|
009720  66 0f 82 04 b4 0f cd 20 4f 0f 29 01 fe 0f b6 1d   |f...... O.).....|
009730  05 0f 29 01 fe 0f 9e 18 05 0f 29 01 8f 00 33 00   |..).......)...3.|
009740  43 58 69 75 46 10 05 00 d7 54 02 8b a7 0f 7d 0e   |CXiuF....T....}.|
009750  09 30 80 ed 44 bc 12 41 52 65 61 6c fb a6 e1 41   |.0..D..AReal...A|
009760  64 64 45 6e 65 72 67 79 4f 6e 6c 69 6e bc 0e 10   |ddEnergyOnlin...|
009770  0f 8c 4a 5d 6f 75 62 6c 65 93 6e 03 1e 55 32 c3   |..J]ouble.n..U2.|
009780  40 0b fb 0e 12 65 3c 00 0f 25 a1 0b 36 1c 46 1b   |@....e<..%..6.F.|
009790  50 4a bf 4c 65 61 72 6e 65 64 4d 4a 58 46 c4 e5   |PJ.LearnedMJXF..|
0097a0  08 2f 02 40 5a 01 07 00 0f 46 0f 51 00 0c 1e 0f   |./.@Z....F.Q....|
0097b0  37 00 13 9c 27 1e 15 13 68 01 01 3b 01 0e 66 01   |7...'...h..;..f.|
0097c0  07 90 01 00 54 00 03 21 00 0f 8d 02 0a 15 5b 8d   |....T..!......[.|
0097d0  02 1f 56 8d 02 14 01 7c 00 02 9c 43 31 73 6b 5f   |..V....|...C1sk_|
0097e0  0e 00 53 30 32 5f 30 36 80 38 0c 15 00 21 5f 43   |..S02_06.8...!_C|
0097f0  f7 3d 00 85 00 20 44 65 d5 06 0f c1 06 14 0f c5   |.=... De........|
009800  00 64 02 4d 0b 0c 15 00 0f c5 00 9c 02 16 04 0c   |.d.M............|
009810  15 00 0f c5 00 9c 02 04 06 0c 15 00 0f c5 00 9c   |................|
009820  02 f2 07 0c 15 00 0f c5 00 9c 01 eb b7 0d 15 00   |................|
009830  0f c5 00 9c 01 ac b6 0d 15 00 0f c5 00 9c 2f 37   |............../7|
009840  2e 15 00 01 0f c5 00 18 1f 02 c5 00 25 0f 51 23   |............%.Q#|
009850  13 02 96 00 1b 31 bb 00 10 31 87 3e 2e 30 2e 15   |.....1...1.>.0..|
009860  00 0f 59 05 53 0f bb 00 2d 03 65 09 0c 15 00 0f   |..Y.S...-.e.....|
009870  bb 00 92 1f 35 bb 00 01 0f f6 02 19 1f 03 bb 00   |....5...........|
009880  66 0c 76 04 02 15 00 0f 76 01 92 0c bb 06 02 15   |f.v.....v.......|
009890  00 0f 76 01 92 1f 37 bb 00 01 0f 62 04 19 1f 05   |..v...7....b....|
0098a0  bb 00 66 0c 80 0a 02 15 00 0f 1d 05 92 0e 62 04   |..f...........b.|
0098b0  00 15 00 0f 31 02 7d 1b 33 bb 00 1f 33 d8 05 01   |....1.}.3...3...|
0098c0  1f 33 d8 05 82 0e bb 00 2d 34 30 d8 08 02 15 00   |.3......-40.....|
0098d0  0f ec 02 7d 0e bb 00 1e 32 31 02 02 15 00 0f bb   |...}....21......|
0098e0  00 92 0e 31 02 00 15 00 0f bb 00 92 0c d8 05 02   |...1............|
0098f0  15 00 0f bb 00 8f 1f 34 76 01 01 1f 34 76 01 95   |.......4v...4v..|
009900  0c 44 0d 02 15 00 0f 76 01 92 0e a7 03 00 15 00   |.D.....v........|
009910  0f 4e 07 92 02 00 2f 0c 15 00 0f 7f 09 92 01 42   |.N..../........B|
009920  19 0d 15 00 0f bb 00 91 1f 32 f5 0a 01 1f 32 f5   |.........2....2.|
009930  0a 92 0d 4e 07 02 15 00 0f f5 0a 91 02 99 1c 0d   |...N............|
009940  15 00 0f 76 01 92 0e a7 03 00 15 00 0f 76 01 91   |...v.........v..|
009950  0d cd 10 02 15 00 0f 31 02 92 0e e1 0d 00 15 00   |.......1........|
009960  0f 31 02 92 0c 4e 07 02 15 00 0f 31 02 92 1f 32   |.1...N.....1...2|
009970  bb 00 01 0f 57 0f 92 0d 7e 14 02 15 00 0f bb 00   |....W...~.......|
009980  92 0e 57 0f 03 55 52 0f bb 00 8f 0e 09 08 00 15   |..W..UR.........|
009990  00 0f 62 04 92 1f 33 62 04 01 0f a7 03 19 1f 09   |..b...3b........|
0099a0  f5 0a 63 1e 33 ec 02 02 15 00 0f b0 0b 8f 1e 33   |..c.3..........3|
0099b0  26 0d 02 15 00 0f 6b 0c 92 1e 35 6b 0c 0f 76 01   |&.....k...5k..v.|
0099c0  95 1e 31 76 01 0f cd 10 92 1e 33 1d 05 02 15 00   |..1v......3.....|
0099d0  0f bb 00 92 1f 37 bb 00 01 0f ea 15 92 1e 32 93   |.....7........2.|
0099e0  06 00 15 00 0f 7f 09 7d 1e 32 c2 1b 0e ec 02 02   |.......}.2......|
0099f0  15 00 0f bb 00 90 1f 32 1b 21 01 1f 32 ea 15 53   |.......2.!..2..S|
009a00  15 55 bb 00 1f 50 31 02 23 13 39 0a 2c 0e 17 00   |.U...P1.#.9.,...|
009a10  0f 1f 18 7d 0f 7a 01 02 1f 31 7a 01 01 0f 35 02   |...}.z...1z...5.|
009a20  93 0e 01 21 00 15 00 0f bb 00 92 0e 81 22 00 15   |...!........."..|
009a30  00 0f bb 00 92 0e b2 21 00 15 00 0f 02 13 92 1f   |.......!........|
009a40  39 a9 03 03 0f 66 04 91 1f 32 66 04 03 1f 32 66   |9....f...2f...2f|
009a50  04 94 0e 22 23 00 15 00 0f f0 02 92 1f 36 bb 00   |..."#........6..|
009a60  01 0f 11 08 91 1e 33 56 07 01 15 00 0f bb 00 92   |......3V........|
009a70  0e dc 05 00 15 00 0f bb 00 92 0e dc 05 00 15 00   |................|
009a80  0f bb 00 92 1f 31 bb 00 01 0f 8e 24 92 1f 33 68   |.....1.....$..3h|
009a90  17 01 1f 33 5d 2b 9b 1e 38 6c 04 01 15 00 0f c5   |...3]+..8l......|
009aa0  00 9c 1f 30 c5 00 01 0f 8a 01 9d 1f 31 c5 00 01   |...0........1...|
009ab0  0f 17 0b 90 1f 31 b1 06 01 1f 31 b1 06 93 1f 31   |.....1....1....1|
009ac0  3b 02 01 1f 31 b1 06 94 0e 17 0b 00 15 00 0f bb   |;...1...........|
009ad0  00 92 0e 9d 09 00 15 00 0f bb 00 92 0e 31 05 00   |.............1..|
009ae0  15 00 0f a7 03 92 0e ec 02 00 15 00 0f bb 00 92   |................|
009af0  1e 32 bb 00 0f be 0e 92 1e 31 34 10 02 15 00 0f   |.2.......14.....|
009b00  be 0e 92 0f 01 0e 02 0f 7a 33 9b 1e 37 b1 03 01   |........z3..7...|
009b10  15 00 0f c5 00 9c 0e a7 06 00 15 00 0f c5 00 9c   |................|
009b20  1f 31 c5 00 01 0f 4f 02 9d 0e 27 0e 00 15 00 0f   |.1....O...'.....|
009b30  c5 00 9c 0e 31 0e 00 15 00 0f c5 00 9c 0e 00 09   |....1...........|
009b40  00 15 00 0f c5 00 9c 0e 0a 09 00 15 00 0f 21 14   |..............!.|
009b50  92 2f 31 5f 20 06 04 0f 21 14 90 1e 31 87 18 02   |./1_ ...!...1...|
009b60  15 00 0f 53 08 92 0e fa 02 00 15 00 0f bb 00 92   |...S............|
009b70  0e f0 02 00 15 00 0f bb 00 92 1f 37 bb 00 01 0f   |...........7....|
009b80  af 38 52 0f 70 04 38 1f 37 70 04 01 0f c5 00 26   |.8R.p.8.7p.....&|
009b90  00 63 52 07 bf 8a 01 d6 8a 01 1c 51 0f 4e 40 04   |.cR........Q.N@.|
009ba0  1e 10 51 af 06 cb 8c d1 40 0d 03 00 41 0d 03 00   |..Q.....@...A...|
009bb0  42 0d 03 00 16 1a 41 10 70 a9 00 6f 52 65 70 61   |B.....A.p..oRepa|
009bc0  69 72 a3 40 08 1f 1c 59 56 0c 0e 4c 00 0f 9e 40   |ir.@...YV..L...@|
009bd0  08 2f bb 00 9e 40 47 0f 47 25 7c 10 18 86 47 b4   |./...@G.G%|...G.|
009be0  75 72 4e 65 65 64 53 68 69 46 61 53 b0 3f 4c 65   |urNeedShiFaS.?Le|
009bf0  69 85 02 2e 93 47 41 53 2f 53 6b 69 6c 6c f3 43   |i....GAS/Skill.C|
009c00  12 41 b7 00 11 42 99 84 5e 65 6e 5f 38 2e 13 00   |.A...B..^en_8...|
009c10  03 26 55 06 76 88 01 86 80 1e 0f a4 01 17 4a ff   |.&U.v.........J.|
009c20  cb 06 2e 00 ae 52 65 70 6c 69 63 61 74 65 64 be   |.....Replicated.|
009c30  80 0e 2e 00 00 60 43 40 6f 75 74 53 21 8a 2f 64   |.....`C@outS!./d|
009c40  73 6a 43 0a 89 14 f8 6f 9f 7b 4c 65 41 39 01 a1   |sjC....o.{LeA9..|
009c50  4b 75 61 69 4a 69 65 4c 61 6e 09 49 4f 4a 69 59   |KuaiJieLan.IOJiY|
009c60  69 9f 02 04 2e b5 02 99 8d 08 9e 91 2f 09 43 65   |i.........../.Ce|
009c70  49 0c 00 54 f3 00 0a 00 00 12 02 00 0c 00 33 5f   |I..T..........3_|
009c80  44 61 59 fc 06 0e 00 2f 5f 43 48 00 15 26 75 6e   |DaY..../_CH..&un|
009c90  48 00 28 75 6e 48 00 22 75 6e 48 00 1f 4c 90 00   |H.(unH."unH..L..|
009ca0  13 00 68 bb 07 93 00 00 0f 00 09 96 00 02 11 00   |..h.............|
009cb0  00 51 00 1f 50 51 00 11 00 86 be 05 4f 00 50 53   |.Q..PQ......O.PS|
009cc0  75 53 68 65 12 00 02 8d 49 0c 14 00 0f d7 87 07   |uShe....I.......|
009cd0  0b 55 00 00 78 c4 05 55 00 00 0d 00 02 4f fc 07   |.U..x..U.....O..|
009ce0  0f 00 00 4b 00 1f 49 4b 00 0c 01 72 fc 01 4e 05   |...K..IK...r..N.|
009cf0  02 0a 00 44 5f 47 61 6f cb fb 0a 12 00 00 4e 00   |...D_Gao......N.|
009d00  1f 45 4e 00 1d 23 44 61 5f ff 08 10 00 00 4a 00   |.EN..#Da_.....J.|
009d10  1f 3d e3 00 11 04 cf 00 58 48 6f 6f 6b 2e 0d 00   |.=......XHook...|
009d20  3f 5f 43 00 7b 01 0f 31 4a 69 61 79 01 01 0d 00   |?_C.{..1Jiay....|
009d30  80 5f 49 74 65 6d 5f 42 65 48 cb 00 0c fb 0e 15   |._Item_BeH......|
009d40  00 01 08 fb 00 f5 05 05 76 f5 0f 01 03 10 1f 9d   |........v.......|
009d50  01 03 08 11 07 51 04 1f 66 51 04 0f 00 33 00 62   |.....Q..fQ...3.b|
009d60  2f 45 71 75 69 70 f3 8b 00 2f 88 01 23 89 00 ab   |/Equip.../..#...|
009d70  07 00 d1 f5 40 59 69 46 75 45 88 02 15 00 1e 2e   |....@YiFuE......|
009d80  15 00 02 37 02 0f 6b 00 31 4d 4b 75 5a 69 6b 00   |...7..k.1MKuZik.|
009d90  0a 15 00 00 6b 00 1f 6c 6b 00 30 00 d5 9a 3d 54   |....k..lk.0...=T|
009da0  61 6f 6e 00 0d 18 00 00 71 00 1f 68 71 00 30 3e   |aon.....q..hq.0>|
009db0  58 69 65 dd 00 0c 16 00 0a a4 f7 0f 6d 00 27 5e   |Xie.........m.'^|
009dc0  4a 69 65 5a 68 6e 00 0c 17 00 00 6f 00 1f 70 dc   |JieZhn.....o..p.|
009dd0  00 32 12 61 99 49 0e e0 00 0e 1a 00 23 5f 43 7d   |.2.a.I......#_C}|
009de0  93 df 6c 4b 65 6c 6f 6e 67 4d 65 6d 6f 72 79 e3   |..lKelongMemory.|
009df0  02 04 2f ed 2f 82 97 0b 0f 4a 00 05 1e 0f 30 00   |.././....J....0.|
009e00  26 93 2f fe 57 32 4f 6e 65 2d 00 10 55 cf ba 0f   |&./.W2One-..U...|
009e10  d4 9a 3b 0c 60 99 01 ad bb 00 3d 01 3f 42 6f 78   |..;.`.....=.?Box|
009e20  ec 00 0a 2f dd 01 cf 03 0d 0f 9b 05 0d 06 b3 f9   |.../............|
009e30  38 54 69 65 bf 03 18 34 b7 03 01 03 05 0f 4b 00   |8Tie...4......K.|
009e40  21 01 8a 03 28 34 2e 0d 00 0e d7 06 0f 4b 00 13   |!...(4.......K..|
009e50  04 67 03 1b 34 77 03 01 51 00 1f 48 51 00 20 02   |.g..4w..Q..HQ. .|
009e60  49 03 19 34 57 03 01 4d 00 1f 4a 4d 00 20 03 28   |I..4W..M..JM. .(|
009e70  03 2a 34 2e 0f 00 0e 73 07 0f 9c 00 15 04 05 03   |.*4....s........|
009e80  1d 34 17 03 00 55 00 03 7c a0 5f 72 74 63 75 74   |.4...U..|._rtcut|
009e90  25 02 0d 2f 2f 03 f5 08 41 19 34 f5 08 01 e9 00   |%..//...A.4.....|
009ea0  0f 48 00 5b 0b 3d 09 19 34 3d 09 0f 48 00 17 17   |.H.[.=..4=..H...|
009eb0  4d 90 00 19 4d 90 00 14 4d 90 00 1f 55 48 00 11   |M...M...M...UH..|
009ec0  05 f5 d2 06 39 09 04 12 00 08 39 09 06 14 00 0f   |....9.....9.....|
009ed0  df 09 2c 2c 33 2e 11 00 0f 8a 09 16 09 df 09 01   |..,,3...........|
009ee0  c6 09 2a 33 2e 0f 00 00 4b 00 1f 61 4b 00 15 01   |..*3....K..aK...|
009ef0  c4 0b 0a da 09 05 17 00 4f 5f 73 70 2e 1a 00 06   |........O_sp....|
009f00  0f 5c 01 32 1e 33 5c 01 02 c0 00 0f 6f 09 28 1f   |.\.2.3\.....o.(.|
009f10  31 6f 09 01 00 8f 12 0f db 9c 33 0d 9f 9f 0f ef   |1o........3.....|
009f20  05 ff ff 3c 2f 38 02 ef 05 e4 0f 15 02 0c 00 1e   |...</8..........|
009f30  a8 27 57 75 ef 03 00 31 04 4d 52 6f 75 2e 12 00   |.'Wu...1.MRou...|
009f40  00 4d 00 1f 5d e4 0a 0f 00 32 00 58 2f 46 6f 6f   |.M..]....2.X/Foo|
009f50  64 54 00 ef 52 6f 61 73 74 65 64 5f 4f 6e 69 6f   |dT..Roasted_Onio|
009f60  6e 2e 19 00 05 0f a0 04 45 0f 55 00 29 2f 32 2e   |n.......E.U.)/2.|
009f70  15 00 01 10 5f 9e 01 0f f8 04 34 0c 39 a2 0f f8   |...._.....4.9...|
009f80  04 ff ff 3d 2f 8b 01 f8 04 e3 1f 00 4b 04 43 2f   |...=/.......K.C/|
009f90  00 00 43 09 89 0c f2 a8 0f 4b 04 ff ff 3d 1f 41   |..C......K...=.A|
009fa0  43 09 e5 0f f6 08 2c 00 e3 0d 3f 46 61 2e 19 00   |C.....,...?Fa...|
009fb0  05 01 06 17 1f 44 93 17 13 42 51 69 74 61 62 00   |.....D...BQitab.|
009fc0  00 95 09 48 69 48 75 2e 0d 00 02 f7 04 0f a4 09   |...HiHu.........|
009fd0  a3 0f 01 05 33 0c 03 ae 0f 01 05 ff ff 3d 1f d6   |....3........=..|
009fe0  4c 09 ff 3c 0f 9b 0e 3b 1f 4f 4d 00 0c 68 59 61   |L..<...;.OM..hYa|
009ff0  6f 50 69 6e 4e 00 af 48 75 61 59 75 54 61 6e 67   |oPinN..HuaYuTang|
00a000  2e 15 00 01 2f 5f 43 e2 0d 36 0c 09 b2 0f 96 04   |..../_C..6......|
00a010  ff ff 3d 2f ec 01 97 09 ee 0f fb 6b 04 00 d8 23   |..=/.......k...#|
00a020  07 db 03 01 cd 23 51 54 61 69 59 61 e8 6b 19 30   |.....#QTaiYa.k.0|
00a030  99 04 0d 1d 00 2f 5f 43 43 0e e2 0c a5 b6 0f ac   |...../_CC.......|
00a040  04 16 2f 0b 00 ac 04 0c 02 01 00 0f da 02 19 2f   |../............/|
00a050  0e 00 da 02 0b 0e e8 68 0f fc 00 2b 0c 91 b7 0f   |.......h...+....|
00a060  a8 05 ff ff 3d 1f 94 3f 0f e5 0f 33 1d 52 0f f8   |....=..?...3.R..|
00a070  0e 51 0f 98 1e 28 2c 32 2e 11 00 0f aa 01 26 08   |.Q...(,2......&.|
00a080  e3 1e 02 d5 1d 0f 50 06 89 0c bb b9 0f 54 05 ff   |......P......T..|
00a090  ff 3d 1f 2a c5 23 ff 2e 0f 48 00 22 19 35 48 00   |.=.*.#...H.".5H.|
00a0a0  01 53 2c 1f 4d 7d 05 14 41 57 68 69 70 4c 00 60   |.S,.M}..AWhipL.`|
00a0b0  65 61 70 6f 6e 5f 0f 00 03 d1 04 08 11 00 00 52   |eapon_.........R|
00a0c0  00 1f 63 cf 05 24 c0 53 61 63 68 61 49 6e 63 68   |..c..$.SachaInch|
00a0d0  69 5f 50 c0 05 1f 2e 1c 00 08 2f 5f 43 80 2c 43   |i_P......./_C.,C|
00a0e0  0f 1c 25 48 0f ea 05 87 0c 85 bf 0f ea 05 16 1f   |..%H............|
00a0f0  e3 ea 05 0e 1f 47 67 04 16 13 47 b5 75 04 de 05   |.....Gg...G.u...|
00a100  18 35 eb 05 01 aa 02 0f 4c 00 22 01 df 05 18 35   |.5......L."....5|
00a110  ec 05 0b f6 02 0f 4c 00 18 04 dd 05 2b 35 2e 10   |......L.....+5..|
00a120  00 0e e9 2f 0f 52 00 14 02 e0 05 19 35 ee 05 01   |.../.R......5...|
00a130  4e 00 1f 4b 4e 00 21 03 e0 05 1a 35 ef 05 01 50   |N..KN.!....5...P|
00a140  00 1f 51 9e 00 23 04 de 05 2d 35 2e 12 00 0f f0   |..Q..#...-5.....|
00a150  05 1c 2f 1e 03 aa 32 54 1f 45 a8 05 21 07 a3 0a   |../...2T.E..!...|
00a160  02 0f 00 0f ac 32 97 0f 4c 11 4e 0f d5 29 3f 1f   |.....2..L.N..)?.|
00a170  4b 21 06 24 4a 42 65 65 72 0a 05 02 e0 bd 1f 41   |K!.$JBeer......A|
00a180  cc 32 19 42 47 6c 69 64 26 be 07 0f 00 00 46 00   |.2.BGlid&.....F.|
00a190  1f 3f 46 00 07 00 b5 bb 01 77 00 72 4a 69 51 69   |.?F......w.rJiQi|
00a1a0  51 69 75 e0 3b 0b 13 00 0f 93 06 45 09 d6 39 a1   |Qiu.;......E..9.|
00a1b0  4f 62 74 61 69 6e 65 64 43 68 8e 37 0f ed 8b 05   |ObtainedCh.7....|
00a1c0  2f 95 1c 6e 03 07 01 16 18 1f 5e a9 00 01 04 55   |/..n......^....U|
00a1d0  00 03 2e 38 01 dd 7f 00 fc 00 04 18 00 17 5f 18   |...8.........._.|
00a1e0  00 03 d2 87 0f 1b 00 04 0e 99 02 0d 63 00 5a 61   |............c.Za|
00a1f0  6e 52 65 6e 5e 00 01 13 00 40 5f 7a 68 65 b5 37   |nRen^....@_zhe.7|
00a200  02 f2 02 0f 1d 00 06 00 62 00 1f 5b 62 00 24 20   |........b..[b.$ |
00a210  4d 69 c5 04 3f 6e 67 2e 1c 00 08 00 60 00 1f 59   |Mi..?ng.....`..Y|
00a220  60 00 24 8f 4b 6f 6e 67 5a 68 69 2e 1b 00 07 0f   |`.$.KongZhi.....|
00a230  be 00 29 62 7a 68 61 6f 4d 75 5b 03 0f 1c 00 05   |..)bzhaoMu[.....|
00a240  00 60 00 1f 57 60 00 0a 3a 4b 49 6c dc 01 00 03   |.`..W`..:KIl....|
00a250  c6 01 d2 06 32 4c 69 65 e0 02 0f 1b 00 04 0f bc   |....2Lie........|
00a260  00 29 00 a9 81 1e 59 7a 01 09 1c 00 0f 3c 02 0f   |.)....Yz.....<..|
00a270  69 5a 68 69 5a 61 6f 60 00 02 13 00 40 5f 57 65   |iZhiZao`....@_We|
00a280  6e c1 01 0b c0 00 0c 1d 00 2f 5f 43 01 03 31 1f   |n......../_C..1.|
00a290  32 01 03 07 11 32 01 03 1f 74 e7 04 0f b8 41 63   |2....2...t....Ac|
00a2a0  68 69 65 76 65 6d 65 6e 74 0c 00 70 5f 54 61 62   |hievement..p_Tab|
00a2b0  6c 65 74 7b 00 0e 16 00 13 5f 9a 64 0f 1a 00 03   |let{....._.d....|
00a2c0  0f 9e 01 29 44 53 69 57 61 3d 2f 0f 1c 00 05 0f   |...)DSiWa=/.....|
00a2d0  9e 01 31 0a da 03 0c 1d 00 0f 3b 01 4b 2f 34 2e   |..1.......;.K/4.|
00a2e0  1a 00 06 0f 17 02 33 1e 33 17 02 06 1b 00 0e 9e   |......3.3.......|
00a2f0  01 0f 98 03 13 9e 41 4a 5f 5a 68 61 69 5a 69 9a   |......AJ_ZhaiZi.|
00a300  03 09 1d 00 0f 60 00 2f 2f 35 2e 1d 00 09 0f 58   |.....`.//5.....X|
00a310  04 2d 1f 32 58 04 07 0f f8 01 4b 02 ad 03 0f 1a   |.-.2X.....K.....|
00a320  00 03 0a b4 0e 0f 35 01 1a 60 59 69 4a 69 44 69   |......5..`YiJiDi|
00a330  d3 07 02 0b 4a 0f 21 00 0a 0f 3d 01 2d 1f 33 3d   |....J.!...=.-.3=|
00a340  01 07 0f 97 03 32 0a 60 00 0c 1d 00 0f 5b 02 2f   |.....2.`.....[./|
00a350  0e fd 01 08 1d 00 0f 1e 01 26 6e 65 6e 4c 75 6f   |.........&nenLuo|
00a360  45 b3 06 07 1b 00 00 5c 00 1f 7c 5b 02 3d 45 48   |E......\..|[.=EH|
00a370  6f 6c 79 3d 04 2f 31 2e 1e 00 0a 0f 3d 01 2f 1f   |oly=./1.....=./.|
00a380  36 3d 01 09 0f 5b 02 2e 0e f6 03 06 1b 00 0f 17   |6=...[..........|
00a390  05 33 1e 34 17 05 06 1b 00 0f bf 00 2d 2f 34 2e   |.3.4........-/4.|
00a3a0  1b 00 07 0f fc 01 4f 2f 39 2e 1e 00 0a 0f d8 04   |......O/9.......|
00a3b0  4b 0e d0 06 05 1a 00 0f d8 04 33 2f 37 2e 21 00   |K.........3/7.!.|
00a3c0  0d 0f e1 00 4a 1e 31 e1 00 05 1a 00 0f 79 00 4b   |....J.1......y.K|
00a3d0  1f 35 79 00 06 0f 07 07 2e 0e cd 03 06 1b 00 0f   |.5y.............|
00a3e0  08 05 2d 1f 32 08 05 07 0e 30 10 0f 5c 00 14 ae   |..-.2....0..\...|
00a3f0  59 69 6e 48 75 6e 51 75 61 6e 67 05 0a 1e 00 0f   |YinHunQuang.....|
00a400  6e 03 4f 1f 32 6e 03 0a 0f 46 08 4b 1f 33 8d 02   |n.O.2n...F.K.3..|
00a410  06 1f 33 8d 02 4b 1e 35 bf 08 05 1a 00 0f 73 01   |..3..K.5......s.|
00a420  4e 1d 31 7d 00 0a 1e 00 0f 21 06 33 1e 35 21 06   |N.1}.....!.3.5!.|
00a430  06 1b 00 0f 44 05 4b 0e ea 03 05 1a 00 0f 44 05   |....D.K.......D.|
00a440  33 1f 39 44 05 0d 0f 25 06 4b 1d 34 34 03 06 1a   |3.9D...%.K.44...|
00a450  00 0f 79 00 4b 0d 17 09 06 1a 00 0f 5a 01 33 0e   |..y.K.......Z.3.|
00a460  54 0a 0c 21 00 0f 92 04 4f 2f 37 2e 1e 00 0a 0f   |T..!....O/7.....|
00a470  75 05 30 0e e6 00 09 1e 00 0f fd 0b 31 1f 34 fd   |u.0.........1.4.|
00a480  0b 09 0f 6a 07 4c 1f 39 6a 07 06 0f 18 03 4b 1e   |...j.L.9j.....K.|
00a490  39 f9 03 05 1a 00 0f 79 00 4b 0e 18 03 05 1a 00   |9......y.K......|
00a4a0  0f 91 03 4b 0e 3a 12 05 1a 00 0f 48 06 4f 2f 38   |...K.:.....H.O/8|
00a4b0  2e 1e 00 0a 0f 81 00 4f 0d fe 00 0a 1e 00 0f 7b   |.......O.......{|
00a4c0  01 4a 3f 36 36 2e 1a 00 06 0f 0c 05 32 0b 91 17   |.J?66.......2...|
00a4d0  0f 21 00 01 0f d5 02 4b 1f 32 d5 02 06 0f 66 06   |.!.....K.2....f.|
00a4e0  4c 1f 36 d5 02 06 0f 5a 01 26 11 53 0e 00 00 d0   |L.6....Z.&.S....|
00a4f0  4f 1d 6f 4f 16 0e 21 00 0f f8 0a 51 0f bc 02 0a   |O.oO..!....Q....|
00a500  0f 9f 11 31 1f 38 62 10 09 0f 9d 03 50 1f 37 9d   |...1.8b.....P.7.|
00a510  03 0a 0f 66 0e 4b 1d 38 7d 00 06 1a 00 0f fa 00   |...f.K.8}.......|
00a520  4f 0d c0 02 0a 1e 00 0f b6 03 4b 0e fa 00 05 1a   |O.........K.....|
00a530  00 0f a3 09 33 1f 38 a3 09 0d 00 5c 02 11 12 24   |....3.8....\...$|
00a540  53 3f 69 6e 67 d9 1c 0c 1f 21 90 55 0c 0e 48 00   |S?ing....!.U..H.|
00a550  0f 0b 4d 04 13 c5 fc 22 0d 31 00 0e 0f 4d 04 32   |..M....".1...M.2|
00a560  4d 04 22 00 0f 84 55 06 15 64 c6 54 1f 5f dc 1b   |M."...U..d.T._..|
00a570  2b 03 3b 66 0f 1e 00 07 00 9a 01 02 62 55 5f 43   |+.;f........bU_C|
00a580  6f 75 6e 74 95 55 07 1c 39 17 58 03 68 10 40 4a   |ount.U..9.X.h.@J|
00a590  69 4c 75 cc e2 01 5e 01 1e 00 68 01 2f ad 0c 68   |iLu...^...h./..h|
00a5a0  01 07 00 7a 00 0f 4b 00 06 0f 53 55 01 16 0c 41   |...z..K...SU...A|
00a5b0  30 02 fc da 0b 3a 00 0f a9 d4 03 30 57 75 5a 5c   |0....:.....0WuZ\|
00a5c0  05 0f 24 e5 03 19 3d 2f 00 11 01 ba f2 f2 21 00   |..$...=/......!.|
00a5d0  00 00 35 31 44 43 32 31 35 37 34 30 34 45 42 30   |..51DC2157404EB0|
00a5e0  39 33 46 32 34 38 43 37 42 43 36 39 42 37 41 43   |93F248C7BC69B7AC|
00a5f0  30 42 00 fb ff ff ff be 7c f1 82 c4 9c 7c 9c a4   |0B......|....|..|
00a600  24 5f 50 69 6e 5a 68 bc 77 0c 00 f2 00 00 b9 02   |$_PinZh.w.......|
00a610  05 39 99 0b e2 00 17 08 03 57 41 44 61 74 65 28   |.9.......WADate(|
00a620  00 0e 61 c0 82 71 55 2b e4 a3 de 08 0a 76 00 4f   |..a..qU+.....v.O|
00a630  67 46 65 6e 71 ee 09 1f 01 86 4f 2d f9 01 57 18   |gFenq.....O-..W.|
00a640  f9 ae 11 4d cc df 57 98 54 90 f4 c0 72 32 12 ad   |...M..W.T...r2..|
00a650  0f 5e 01 be 4f 70 35 f3 6f 5e 01 59 ff 01 33 42   |.^..Op5.o^.Y..3B|
00a660  40 72 7a 44 a1 f1 d4 1f a9 96 bd 3a eb 83 5e 01   |@rzD.......:..^.|
00a670  cb 5f f0 42 e0 e2 e7 5e 01 17 1f 03 5e 01 2d ff   |._.B...^....^.-.|
00a680  01 14 82 e9 65 38 4a 33 e9 4d 35 3d 8e c5 53 af   |....e8J3.M5=..S.|
00a690  47 5e 01 2e f6 10 31 38 37 46 42 35 43 36 34 31   |G^....187FB5C641|
00a6a0  44 42 42 45 36 45 46 41 45 31 44 30 41 42 39 38   |DBBE6EFAE1D0AB98|
00a6b0  32 38 38 44 41 5e 01 4f 0e 73 ac 72 5e 01 5d 5f   |288DA^.O.s.r^.]_|
00a6c0  e0 46 d2 92 ed 5e 01 17 1f 00 5e 01 2e ff 00 af   |.F...^....^.....|
00a6d0  61 3c db 4a 75 ce 13 dd be a4 31 e6 2a 68 5e 01   |a<.Ju.....1.*h^.|
00a6e0  2e f5 11 33 38 32 42 36 36 45 44 34 32 33 36 31   |...382B66ED42361|
00a6f0  38 38 34 32 38 38 42 42 44 39 46 31 34 37 39 30   |884288BBD9F14790|
00a700  44 31 35 5e 01 3f d2 72 d2 5e 01 5f 4f 6c 2d 25   |D15^.?.r.^._Ol-%|
00a710  f8 5e 01 17 1f 02 5e 01 2d ff 01 46 84 fa c6 fa   |.^....^.-..F....|
00a720  4d b1 86 65 a2 29 9c be 3a 61 19 bc 02 2f f5 10   |M..e.)..:a.../..|
00a730  41 35 43 44 34 33 43 34 42 36 33 30 42 45 46 46   |A5CD43C4B630BEFF|
00a740  38 45 38 37 31 39 33 39 46 38 31 35 32 32 36 5e   |8E871939F815226^|
00a750  01 3f 23 9b d7 5e 01 5e 6f 50 8b c4 78 98 ad 1a   |.?#..^.^oP..x...|
00a760  04 57 ff 01 ed 3c 7f 35 78 4c c9 83 dd 9b 6a bd   |.W...<.5xL....j.|
00a770  7c 68 fc 8e bc 02 cb 6f 20 d7 7a ff c5 ae 5e 01   ||h.....o .z...^.|
00a780  16 1f 04 5e 01 2d ff 01 54 a2 98 6c 59 41 a3 d6   |...^.-..T..lYA..|
00a790  50 96 c1 a6 d2 73 30 63 d6 06 cb 6f 90 42 62 0e   |P....s0c...o.Bb.|
00a7a0  ea ae 34 08 57 ff 01 3e e7 99 71 bc 48 56 12 59   |..4.W..>..q.HV.Y|
00a7b0  36 86 b0 b6 1d b5 0d 5e 01 17 1f 39 5e 01 03 ff   |6......^...9^...|
00a7c0  19 34 46 30 39 36 31 38 37 34 44 30 31 36 37 39   |.4F0961874D01679|
00a7d0  35 46 44 46 31 43 42 38 30 37 31 35 38 38 33 33   |5FDF1CB807158833|
00a7e0  41 00 fd ff ff ff e8 5d c4 5a 01 5f 5f 7c 4e 58   |A......].Z.__|NX|
00a7f0  ed ae d2 06 57 f9 01 c6 71 5e 8b 5d 47 54 7a d3   |....W...q^.]GTz.|
00a800  e4 38 87 3c 39 79 39 be b3 03 6f 0c 80 44 65 74   |.8.<9y9...o..Det|
00a810  61 69 6c 65 64 73 0c 31 4d 61 70 8e 00 36 4d 61   |aileds.1Map..6Ma|
00a820  70 cb ac 1f 68 f4 0c 06 0e d3 a5 06 05 01 0c 67   |p...h..........g|
00a830  0b 13 08 51 e4 1f 6f a4 a5 0b 51 35 f2 7d 45 06   |...Q..o...Q5.}E.|
00a840  82 00 2f 6f 53 26 e7 08 0f 0e 0d 58 15 0c d2 0e   |../oS&.....X....|
00a850  0f 9d b0 25 0d fa e8 39 45 59 75 f4 29 0e 17 00   |...%...9EYu.)...|
00a860  00 ef 29 0f 9b 02 15 00 28 00 03 86 64 0f 7a b5   |..).....(...d.z.|
00a870  0a 30 a0 41 0d 47 d9 11 69 94 b8 0f 3c e6 0f 46   |.0.A.G..i...<..F|
00a880  d0 63 44 08 a7 02 0f 83 00 07 4f 22 0a 00 00 2a   |.cD.......O"...*|
00a890  04 18 04 49 03 0f 13 f2 02 15 0b 7e ad 01 be 5d   |...I.......~...]|
00a8a0  41 65 65 6e 61 d7 01 00 94 2e 00 31 00 00 df 01   |Aeena......1....|
00a8b0  0e e8 01 1f 3b e8 01 03 f3 1c 38 34 46 36 38 39   |....;.....84F689|
00a8c0  46 38 34 34 35 41 31 31 41 41 31 32 35 43 42 43   |F8445A11AA125CBC|
00a8d0  38 31 44 34 43 34 36 43 38 32 00 fc ff ff ff d1   |81D4C46C82......|
00a8e0  9e c1 94 00 52 8b b9 75 68 61 6e 67 48 61 69 81   |....R..uhangHai.|
00a8f0  0f 0e 01 10 2f 42 06 76 5e 0b 0f 47 00 02 1e 0f   |..../B.v^..G....|
00a900  2d 00 27 e8 05 02 ba 0c 30 00 0f 8d b8 02 6e 54   |-.'.....0.....nT|
00a910  79 70 65 54 61 32 b8 01 8e bb 05 43 e9 e0 41 62   |ypeTa2.....C..Ab|
00a920  69 6c 69 74 79 2e 44 61 6d 61 67 65 34 00 51 2e   |ility.Damage4.Q.|
00a930  43 68 6f 70 f4 ae 0f f3 01 0e 50 40 16 47 44 06   |Chop......P@.GD.|
00a940  4d b8 1f 75 ec b4 17 0f 9b 00 54 1f 3c 9b 00 ff   |M..u......T.<...|
00a950  ff 10 1e 09 e8 b1 0f 88 00 11 4f 80 df 7d 41 88   |..........O..}A.|
00a960  00 10 1f 00 23 01 60 1f 3d be 01 87 1f 3d be 01   |....#.`.=....=..|
00a970  74 3f 86 67 be be 01 b9 00 ff 06 00 c8 36 20 61   |t?.g.........6 a|
00a980  52 5f eb 0f 5e 00 09 4f b2 83 7b 3f 7f 15 3b 10   |R_..^..O..{?..;.|
00a990  0c 16 b5 51 69 74 4c 6f 63 db eb 0f 51 00 01 17   |...QitLoc...Q...|
00a9a0  0c 9d 07 4f 56 65 63 74 70 c7 02 a6 8d 3a 47 40   |...OVectp....:G@|
00a9b0  64 16 48 00 b0 cc 10 d0 0c 15 14 0f 0c 0a 14 3f   |d.H............?|
00a9c0  32 46 76 0c 0a ff 9d 2f cf 09 0c 0a d8 1f ca 0c   |2Fv..../........|
00a9d0  0a 08 1f 0b 0c 0a 18 2f 70 06 0c 0a 80 3f e0 7c   |......./p....?.||
00a9e0  46 7d 06 85 0e 9b 00 0f 7d 06 63 3f 00 fb 87 7d   |F}......}.c?...}|
00a9f0  06 85 0f be 01 d9 0f 9b 00 37 1f e2 9b 00 d8 0f   |.........7......|
00aa00  f4 02 24 4f 60 fe 0b 42 f4 02 3a 0f 88 00 75 0f   |..$O`..B..:...u.|
00aa10  46 02 fe 0f 94 0a 1f 4f fa 32 7c 3f b5 1e 3b 0f   |F......O.2|?..;.|
00aa20  94 0a 35 97 5c e8 47 00 80 df 47 00 28 94 0a 0c   |..5.\.G...G.(...|
00aa30  4b 1d 0f 94 0a 14 3f 61 d2 81 94 0a ff 46 1f f0   |K.....?a.....F..|
00aa40  94 0a 1b 2f 48 87 94 0a 13 2f ab 07 94 0a 16 1f   |.../H..../......|
00aa50  03 94 0a ae 2f 8b 07 41 f9 0b 0f 94 0a 15 2f 31   |..../..A....../1|
00aa60  07 94 0a 80 3f a0 99 3b 5a 05 85 4f a0 99 bb 43   |....?..;Z..O...C|
00aa70  9b 00 86 2f 3b 44 9b 00 ff bb 3f a4 99 3b 00 0d   |.../;D....?..;..|
00aa80  73 2f 8a 9d 00 0d 85 1f a4 be 01 d8 0f 9b 00 d2   |s/..............|
00aa90  1f a3 9b 00 bb 0f 55 0b 17 4f 00 e1 38 3f ac 28   |......U..O..8?.(|
00aaa0  3b 0f 55 0b 34 b7 80 e5 a1 47 00 00 be c5 00 6c   |;.U.4....G.....l|
00aab0  d1 55 0b 0b 42 27 0f 55 0b 14 4f 40 8f 29 42 55   |.U..B'.U..O@.)BU|
00aac0  0b 4c 0f e9 28 1c 0f 55 0b 10 15 6a 55 0b 1f 65   |.L..(..U...jU..e|
00aad0  22 86 10 61 6f 6e 73 74 65 72 62 84 02 0b 00 ff   |"..aonsterb.....|
00aae0  05 5f 50 68 61 72 61 6f 68 48 6f 75 6e 64 5f 45   |._PharaohHound_E|
00aaf0  6c 69 74 65 2e 1e 00 0a 0f 72 0b 6f 2f 80 70 72   |lite.....r.o/.pr|
00ab00  0b 13 2f 20 0d 72 0b 16 1f 00 72 0b 5a f6 10 32   |../ .r....r.Z..2|
00ab10  30 37 45 43 35 43 33 34 35 45 31 44 43 31 46 45   |07EC5C345E1DC1FE|
00ab20  44 37 46 44 32 42 35 44 37 41 36 43 46 34 72 0b   |D7FD2B5D7A6CF4r.|
00ab30  2f 24 95 72 0b 16 1f c2 ea cf 08 1f 04 72 0b 18   |/$.r.........r..|
00ab40  2f 68 02 72 0b 36 14 1b 26 00 1f 17 dc 04 03 3f   |/h.r.6..&......?|
00ab50  48 69 74 db 04 13 3f 04 6b 14 76 05 3b 0f 9a 00   |Hit...?.k.v.;...|
00ab60  36 3f 9a 06 d4 9a 00 11 1f 01 9a 00 5f 1f 99 9a   |6?.........._...|
00ab70  00 ba 0f a9 06 17 00 dd da 0f f7 2d 3b 0f fe 11   |...........-;...|
00ab80  35 a6 82 f0 46 00 a4 82 c6 00 6c f4 a9 06 0c 8d   |5...F.....l.....|
00ab90  2c 0f a9 06 14 3f e9 c2 a8 a9 06 4d 0f 78 2b 1c   |,....?.....M.x+.|
00aba0  0f a9 06 10 15 5e 69 05 1f 59 a9 06 22 6e 42 61   |.....^i..Y.."nBa|
00abb0  62 6f 6f 6e a3 06 08 18 00 0f 9d 06 40 2f 20 42   |boon........@/ B|
00abc0  9d 06 1b 2f 24 45 9d 06 12 1f f4 0f 12 17 1f 02   |.../$E..........|
00abd0  9d 06 5b f5 10 35 33 33 42 41 33 43 34 39 32 45   |..[..533BA3C492E|
00abe0  36 37 46 43 36 31 45 42 39 38 39 43 33 43 38 38   |67FC61EB989C3C88|
00abf0  32 31 37 39 9d 06 2f 13 5f 9d 06 16 2f 22 09 9d   |2179../._.../"..|
00ac00  06 07 1f 10 9d 06 18 2f c8 08 9d 06 56 3f 4a 61   |......./....V?Ja|
00ac10  62 cf 04 13 3f 46 c5 03 69 05 3b 0f 07 0f 25 3f   |b...?F..i.;...%?|
00ac20  00 96 42 88 00 c2 0f aa 01 36 4f b4 b1 af 43 b1   |..B......6O...C.|
00ac30  10 72 3f c0 a8 42 88 00 ff ff ff 6d 0f 52 04 36   |.r?..B.....m.R.6|
00ac40  3f 28 18 b0 52 04 73 3f 80 bb 42 88 00 c2 0f aa   |?(..R.s?..B.....|
00ac50  01 f2 0f fd 0c 17 4f e6 b6 76 3f 96 39 3b 0f fd   |......O..v?.9;..|
00ac60  0c 34 b6 17 9b 8e 45 e7 74 e7 c7 33 c9 2a 2d 3c   |.4....E.t..3.*-<|
00ac70  0c 2c 38 0f fd 0c 14 3f 2c 46 92 a6 13 4e 0f d3   |.,8....?,F...N..|
00ac80  39 1b 0f fd 0c 50 6e 48 79 65 6e 61 73 fd 0c 08   |9....PnHyenas...|
00ac90  18 00 0f fd 0c 40 1f 82 fd 0c 1b 2f 30 28 fd 0c   |.....@...../0(..|
00aca0  13 2f 57 06 0c 1f d8 1f d8 ad 43 08 1f 15 fd 0c   |./W.......C.....|
00acb0  18 2f 7e 0c 0c 1f 81 2f b7 75 05 1c 73 2f b2 69   |./~..../.u..s/.i|
00acc0  89 25 85 0f 23 01 3e 0f be 01 ff ff 48 0f f4 02   |.%..#.>.....H...|
00acd0  ff 5c 1f b3 f4 02 ff ff 59 3f 70 9e dc 9b 00 ff   |.\......Y?p.....|
00ace0  ff 58 1f 6e 9b 00 ff f2 0f b3 10 17 4f dd 70 6d   |.X.n........O.pm|
00acf0  3f eb 48 3b 0f b3 10 34 b6 40 31 7b 48 80 0a 1a   |?.H;...4.@1{H...|
00ad00  c8 00 bb 1c b3 10 0c 81 47 0f b3 10 14 3f 38 9a   |........G....?8.|
00ad10  af b0 1d ff 57 1f 70 b3 10 1a 3f 01 00 49 b3 10   |....W.p...?..I..|
00ad20  13 2f a6 05 b3 10 16 1f 04 b3 10 5a f1 11 37 43   |./.........Z..7C|
00ad30  34 46 37 43 44 35 34 32 30 42 34 45 31 34 31 34   |4F7CD5420B4E1414|
00ad40  34 46 33 34 42 43 46 38 33 32 41 34 46 43 b3 10   |4F34BCF832A4FC..|
00ad50  3f 3b 95 a2 b3 10 19 2f e6 12 b3 10 07 1f 1f b3   |?;...../........|
00ad60  10 18 2f 8c 12 53 3a 81 2f f3 6a 95 38 86 2f d9   |../..S:./.j.8./.|
00ad70  62 9b 00 ff ff 58 3f 40 ef 99 b8 20 3b 0f 9b 00   |b....X?@... ;...|
00ad80  d2 0f 07 03 ff ff 5b 1f d0 36 01 87 0f 9b 00 ff   |......[..6......|
00ad90  ff ff ff c9 0f 0e 06 88 1f d8 36 01 87 1f d8 e6   |..........6.....|
00ada0  0a ff 74 0f b1 2b 26 2f 7a 43 89 1a 84 0f 59 02   |..t..+&/zC....Y.|
00adb0  3e 0f 23 01 bf 0f 46 02 ff 11 3f d7 d9 62 c1 16   |>.#...F...?..b..|
00adc0  48 4f 69 a0 53 3f 4e 5e 3b 0f c1 16 34 b6 c0 0a   |HOi.S?N^;...4...|
00add0  34 48 00 ce bc c6 00 7a 24 c1 16 0c e4 5c 0f c1   |4H.....z$....\..|
00ade0  16 14 3f 63 3a 80 6f 46 ff 75 2f 18 9c fd 3a 13   |..?c:.oF.u/...:.|
00adf0  2f 10 0b 03 51 d8 2f f7 03 b0 16 07 1f 06 b0 16   |/...Q./.........|
00ae00  18 2f 9d 03 b0 16 80 3f bc 01 a5 fe 3a 84 3f 30   |./.....?....:.?0|
00ae10  17 97 9a 00 ff b9 3f 99 97 dc 9a 00 84 3f 33 98   |......?......?3.|
00ae20  cb c1 07 48 4f a2 20 6b 3f b1 64 3b 0f db 42 35   |...HO. k?.d;..B5|
00ae30  a6 f5 a1 47 00 88 a9 c5 00 22 d0 32 3c 0c 4b 63   |...G.....".2<.Kc|
00ae40  0f c1 07 14 2f d8 0d c4 58 37 0f ee 64 2f 0f bd   |..../...X7..d/..|
00ae50  07 10 15 3b bd 07 1f 36 bd 07 15 0b b4 07 0f ab   |...;...6........|
00ae60  07 3f 1f 90 ab 07 1b 2f 00 16 ab 07 13 2f a5 0c   |.?...../...../..|
00ae70  a8 42 6d 0f 93 09 04 f1 11 39 43 37 43 33 32 33   |.Bm......9C7C323|
00ae80  31 34 37 42 35 30 46 30 33 33 43 37 43 38 46 38   |147B50F033C7C8F8|
00ae90  34 39 35 37 44 30 45 44 32 93 09 7f 3a 67 b0 68   |4957D0ED2...:g.h|
00aea0  27 59 51 ad 07 17 1f 18 aa 42 08 1f 03 ad 07 18   |'YQ......B......|
00aeb0  2f be 01 ad 07 80 3f e5 0b a2 b2 0e 72 3f 20 a3   |/.....?.....r? .|
00aec0  01 d5 0f 86 1f 88 23 01 1f 0f 00 42 61 04 25 69   |......#....Ba.%i|
00aed0  0f ce 05 35 a6 60 9b 47 00 86 e6 c6 00 fa cb ce   |...5.`.G........|
00aee0  05 16 11 00 69 20 54 75 83 95 0f fa 68 01 13 12   |....i Tu....h...|
00aef0  05 51 0c ec 03 10 0f 93 69 5a 49 6e 74 33 32 f7   |.Q......iZInt32.|
00af00  68 22 3f 00 56 3f 06 0f 05 73 59 65 5a 68 75 00   |h"?.V?...sYeZhu.|
00af10  0c dd cc 07 8c 23 53 43 68 69 63 6b 9c 04 19 16   |.....#SChick....|
00af20  1b 00 00 d4 9b 71 72 65 64 4c 62 69 73 1e 00 1c   |.....qredLbis...|
00af30  12 1e 00 32 6c 75 6b be 01 00 8d 01 09 7a 05 26   |...2luk......z.&|
00af40  00 0c 81 00 06 f5 23 12 73 48 00 1a 0d 99 00 02   |......#.sH......|
00af50  2d 00 1c 17 43 00 05 71 0d 01 1f 00 1e 15 cd 00   |-...C..q........|
00af60  01 a2 78 08 99 00 03 1d 00 62 48 61 69 47 75 61   |..x......bHaiGua|
00af70  1a 00 1a 1e 83 00 09 cb 48 58 52 75 69 6e 73 12   |........HXRuins.|
00af80  01 09 5d 00 21 4a 59 51 02 1d 13 97 00 01 76 00   |..].!JYQ......v.|
00af90  13 04 06 03 08 87 35 b8 69 70 70 6f 70 6f 74 61   |......5.ippopota|
00afa0  6d 75 73 b3 00 0b 68 01 4d 5f 46 00 0c 9d 01 01   |mus...h.M_F.....|
00afb0  58 9a 0f 64 01 01 6f 4a 61 63 6b 61 6c 9c 01 01   |X..d..oJackal...|
00afc0  9e 41 6d 6d 6f 74 72 61 67 75 9c 01 05 61 25 05   |.Ammotragu...a%.|
00afd0  68 53 06 6a 00 00 38 82 2e 68 75 51 00 00 47 36   |hS.j..8..huQ..G6|
00afe0  88 64 72 6f 63 79 6e 75 73 d3 01 01 0f c7 5f 53   |.drocynus....._S|
00aff0  6f 62 65 6b 34 00 01 be 52 68 69 6e 6f 63 65 72   |obek4...Rhinocer|
00b000  6f 73 00 88 01 11 44 cc 02 02 85 00 1f 18 d7 00   |os....D.........|
00b010  01 02 00 26 01 20 00 19 14 3a 00 00 77 cf 06 de   |...&. ...:..w...|
00b020  01 0a c1 00 11 57 b0 b3 0e b7 01 02 fa 9a 38 47   |.....W........8G|
00b030  75 69 50 00 05 2d 01 7f 61 72 64 76 61 72 6b 14   |uiP..-..ardvark.|
00b040  02 0e 06 92 00 1f 18 51 01 01 07 20 00 19 1a 7d   |.......Q... ...}|
00b050  00 b0 54 75 6f 4e 69 61 6f 5f 5a 68 75 12 00 0e   |..TuoNiao_Zhu...|
00b060  0e 01 04 22 00 1e 00 ee 00 20 48 75 b3 9b 00 60   |..."..... Hu...`|
00b070  d0 0e 19 02 00 12 04 02 ae 01 1f 1c 7a 01 05 07   |............z...|
00b080  94 00 0a 72 00 78 51 69 75 59 75 58 69 56 00 06   |...r.xQiuYuXiV..|
00b090  ce 01 28 5f 31 d0 01 0b 43 01 00 fd 02 0e 04 01   |..(_1...C.......|
00b0a0  04 69 38 06 38 03 17 15 56 00 02 d3 01 10 4b 21   |.i8.8...V.....K!|
00b0b0  11 1e 31 9e 01 03 3a 9d 2e 4a 59 ad 02 04 58 00   |..1...:..JY...X.|
00b0c0  01 1a 00 1d 0f 08 02 0e d9 00 02 1f 02 0e a3 00   |................|
00b0d0  0c cd 01 01 e4 05 2e 1b 00 db 03 65 45 6e 65 6d   |...........eEnem|
00b0e0  79 4d 97 7b 1f 21 5a 01 07 06 29 00 1d 04 89 02   |yM.{.!Z...).....|
00b0f0  6e 4c 61 6f 53 68 75 d0 01 03 19 00 0f ec 00 04   |nLaoShu.........|
00b100  6e 4c 69 6f 6e 65 73 4c 03 02 1a 00 0f 80 02 07   |nLionesL........|
00b110  08 e5 39 0f 8d 05 02 58 63 61 72 61 62 30 03 05   |..9....Xcarab0..|
00b120  78 04 48 6f 62 72 61 63 05 09 19 00 03 52 00 00   |x.Hobrac.....R..|
00b130  df 00 1f 1d d2 02 02 0b 2d 01 1a 20 44 00 9c 44   |........-.. D..D|
00b140  72 6f 6d 65 64 61 72 79 28 00 18 0f 71 02 02 9c   |romedary(...q...|
00b150  00 1e 04 83 00 bf 53 61 6e 67 61 43 61 74 74 6c   |......SangaCattl|
00b160  65 b7 03 01 ae 46 6c 61 6d 69 6e 67 6f 00 08 4f   |e....Flamingo..O|
00b170  05 05 7a 00 2d 00 08 c8 02 03 82 01 00 7d 00 05   |..z.-........}..|
00b180  cc 04 05 63 70 0f 24 d3 0b 14 3c 96 0a 04 01 7d   |...cp.$...<....}|
00b190  01 e9 0b 0f 30 00 07 22 65 f9 5d 03 03 30 00 01   |....0.."e.]..0..|
00b1a0  11 7e 32 48 61 6f e4 06 26 79 74 3d 09 26 27 00   |.~2Hao..&yt=.&'.|
00b1b0  ab 0a 1c 45 2e 00 3e 00 23 00 16 00 64 3a 3a 45   |...E..>.#...d::E|
00b1c0  53 43 48 78 8e 00 dd 97 01 e7 00 c1 50 72 65 66   |SCHx........Pref|
00b1d0  65 72 65 6e 63 65 50 65 b8 d3 0f 89 7f 04 1f a8   |erencePe........|
00b1e0  e2 ad 08 01 4f 48 1f 53 55 0d 01 03 54 00 13 2f   |....OH.SU...T../|
00b1f0  08 9d 00 5e 0d 03 13 00 a0 5f 54 69 43 68 75 6e   |...^....._TiChun|
00b200  44 75 4a ba c1 0f 18 00 04 0e 06 a2 0f 58 00 0f   |DuJ..........X..|
00b210  42 50 69 47 65 40 a5 0a 12 00 21 5f 43 f4 01 00   |BPiGe@....!_C...|
00b220  6f 9d 5f 4c 65 61 72 6e ef 00 0b 1f 6b ef 00 08   |o._Learn....k...|
00b230  01 de 14 1f 62 c2 2c 0f 93 46 6f 72 6d 75 6c 61   |....b.,..Formula|
00b240  2f 53 4a a5 04 90 00 10 53 3a a5 20 57 69 0a 00   |/SJ.....S:. Wi..|
00b250  03 c7 94 0f 1a 00 03 23 5f 43 68 d4 f2 02 66 66   |.......#_Ch...ff|
00b260  4d 61 70 43 6f 6d 70 6c 65 74 65 52 65 6e 57 e6   |MapCompleteRenW.|
00b270  80 0c d6 09 2e 60 0e d6 09 0f cd 72 09 13 01 40   |.....`.....r...@|
00b280  02 00 dc ce 01 79 8d 62 30 31 5f 4d 61 69 90 0a   |.....y.b01_Mai..|
00b290  01 67 00 01 4c 0f 0f 22 01 04 2f f9 0d 22 01 07   |.g..L.."../.."..|
00b2a0  10 25 22 01 1f 58 b9 01 01 01 57 00 10 2f 53 00   |.%"..X....W../S.|
00b2b0  00 53 cf 91 31 5f 53 75 72 76 69 76 61 55 82 10   |.S..1_SurvivaU..|
00b2c0  54 8d a0 60 53 74 61 67 65 32 7c a2 21 55 73 e5   |T..`Stage2|.!Us.|
00b2d0  2d 0e 16 00 00 16 02 1f 5c 5d 00 27 15 31 27 d6   |-.......\].'.1'.|
00b2e0  1f 2e 18 00 04 00 61 00 1f 5a 61 00 29 21 57 51   |......a..Za.)!WQ|
00b2f0  4c 00 1f 2e 17 00 03 00 5f 00 1f 60 c0 00 2d 11   |L......._..`..-.|
00b300  5f 12 d7 1f 2e 1a 00 06 0a a0 d2 0f 82 01 20 00   |_............. .|
00b310  3c 0c 23 59 69 99 a0 1f 2e 1d 00 09 00 6b 00 1f   |<.#Yi........k..|
00b320  54 6b 00 29 6e 42 6f 61 74 2e 42 14 00 2f 5f 43   |Tk.)nBoat.B../_C|
00b330  46 02 2c 7f 47 6f 75 48 75 6f 2e 16 00 02 0f e5   |F.,.GouHuo......|
00b340  01 2c 01 8d 02 5f 43 75 42 75 2e 17 00 03 0f 15   |.,..._CuBu......|
00b350  01 2e 5e 44 69 54 75 2e 14 00 0f 59 00 2f 00 0a   |..^DiTu....Y./..|
00b360  0b 1e 2e 14 00 01 c7 01 1f 64 59 00 29 01 48 da   |.........dY.).H.|
00b370  07 0c a1 0f 1c 00 05 0f d7 01 2e 11 5a 18 85 1f   |............Z...|
00b380  2e 16 00 02 0f d7 01 2d 00 b3 b0 2c 5a 68 bc 03   |.......-...,Zh..|
00b390  05 17 00 0f 36 02 2f 02 d1 a2 1f 2e 17 00 03 0f   |....6./.........|
00b3a0  5f 00 2e 0f 7f 01 04 07 7a 01 1f 5e 5f 00 29 af   |_.......z..^_.).|
00b3b0  4d 6f 72 65 5f 54 65 63 68 2e 19 00 05 0f 80 01   |More_Tech.......|
00b3c0  2f 3d 61 6f 44 3c 05 05 17 00 0f c2 00 2e 01 63   |/=aoD<.........c|
00b3d0  07 0e c2 00 07 19 00 0f 63 00 33 5f 57 6f 6f 64   |........c.3_Wood|
00b3e0  2e 19 00 05 0f 25 01 2e 00 c9 10 0e da 04 04 17   |.....%..........|
00b3f0  00 00 5f 00 1f 62 84 01 2f 00 05 a2 0d 98 05 07   |.._..b../.......|
00b400  1b 00 0a ba d7 0f 29 01 29 7f 65 6e 44 65 63 6b   |......).).enDeck|
00b410  2e 1f 00 0b 0f 37 04 2d 00 33 11 2d 48 6f 37 04   |.....7.-.3.-Ho7.|
00b420  02 16 00 0a f3 d8 0f cc 00 25 00 a4 09 4d 6f 6e   |.........%...Mon|
00b430  65 6e 36 01 0a 1e 00 0f 9c 07 2c 11 35 4f 00 00   |en6.......,.5O..|
00b440  ee 0c 4b 64 53 6c 65 66 02 0b 1d 00 00 6b 00 1f   |..KdSlef.....k..|
00b450  56 6b 00 27 6b 33 5f 51 69 4d 69 8d 03 03 15 00   |Vk.'k3_QiMi.....|
00b460  0f 90 01 2c 01 a9 00 1c 54 5b 08 04 16 00 0f 24   |...,....T[.....$|
00b470  09 2c bb 35 5f 45 6e 67 69 6e 65 43 6f 72 6b 05   |.,.5_EngineCork.|
00b480  08 1a 00 0f 1d 01 2c 11 34 13 0e 01 c1 0b 0d 15   |......,.4.......|
00b490  00 0f 4d 07 2c 12 36 c6 01 6b 41 64 76 61 6e 63   |..M.,.6..kAdvanc|
00b4a0  c2 00 0a 1c 00 0f 0d 0b 2c 03 2f 02 4f 46 6c 79   |........,./.OFly|
00b4b0  2e 18 00 04 0f 25 01 2c 11 36 10 01 01 e2 0d 0d   |.....%.,.6......|
00b4c0  15 00 0f 5b 00 2e 00 a4 00 1f 32 1e 01 01 0f 5b   |...[......2....[|
00b4d0  00 2d 11 37 a1 00 01 83 91 0d 15 00 0f 5b 00 2c   |.-.7.........[.,|
00b4e0  11 38 46 00 01 a1 0e 0d 15 00 0f 5b 00 2c 11 39   |.8F........[.,.9|
00b4f0  46 00 01 e5 96 0d 15 00 0f d6 06 2c 30 31 30 5f   |F..........,010_|
00b500  32 03 00 4b 00 1f 2e 19 00 05 0b bc ac 00 ae 8e   |2..K............|
00b510  00 f1 10 46 58 69 6e 67 b5 0e 0e 49 0e 2e 1b 04   |...FXing...I....|
00b520  be 1b 08 5a 10 0f 4b 00 06 1e 0f 31 00 26 b8 03   |...Z..K....1.&..|
00b530  7b 8e 01 29 00 30 4a 69 6e 35 00 01 7c 1e 0f c7   |{..).0Jin5..|...|
00b540  1b 03 19 0b ed 0e 0f cf 0e 01 05 00 e4 0f ee 06   |................|
00b550  0e 81 43 72 65 61 74 69 76 65 4a 01 00 41 01 01   |..CreativeJ..A..|
00b560  1c 00 10 5f 58 01 00 b9 0e 01 6e af 04 24 00 1f   |..._X.....n..$..|
00b570  2e 1f 00 0a 00 d8 03 14 10 f2 8f 02 f9 0f 0f fd   |................|
00b580  1c 04 2f b4 00 22 91 0b 0e 46 00 0e fc 1c 07 50   |../.."...F.....P|
00b590  e6 14 1b 0f 01 20 54 69 4f 0b 61 4d 75 42 69 61   |..... TiO.aMuBia|
00b5a0  6f 75 90 0e 3f 01 05 2c 1d 24 75 62 5f 00 02 9f   |ou..?..,.$ub_...|
00b5b0  90 0e a6 00 1f 08 ad e7 05 1c 01 34 1c 09 a2 1b   |...........4....|
00b5c0  0f 99 01 0b 15 53 99 01 1f 4e 99 01 0c 05 6c 01   |.....S...N....l.|
00b5d0  03 28 0f 30 43 61 69 09 13 1f 2e 18 00 04 0f 7d   |.(.0Cai........}|
00b5e0  01 16 2f 56 01 7a 1e 0b 0f 7d 01 14 1f f3 7d 01   |../V.z...}....}.|
00b5f0  75 0f 51 00 8f 05 09 00 03 bd 14 04 5a 00 1f 64   |u.Q.........Z..d|
00b600  63 04 09 2f 9f 14 3d 6e 0b 0e 4c 00 0f 64 04 08   |c../..=n..L..d..|
00b610  2f 3b 14 64 04 40 04 70 14 0f b5 11 59 0f e3 02   |/;.d.@.p....Y...|
00b620  d6 1f 01 92 02 3d 1f 08 51 00 3d 1f 01 02 05 24   |.....=..Q.=....$|
00b630  15 5d 37 02 0f 6e 15 49 0f 89 06 d6 0f 87 01 6d   |.]7..n.I.......m|
00b640  0f d8 12 0b 0f 87 01 ff 0f 15 5f 87 01 0f 02 14   |.........._.....|
00b650  4b 0f 89 01 ff 0f 15 63 89 01 0f ac 13 4f 0f 8d   |K......c.....O..|
00b660  01 ff 5b 0f d6 14 0d 0f 8d 01 fe 0f 4c 0e 27 0f   |..[.........L.'.|
00b670  3a 15 3b 0f ec 09 d6 1e 33 9b 09 0f 3d 0a 7c 1f   |:.;.....3...=.|.|
00b680  02 de 06 6b 0f 3b 18 0e 0f c4 03 fe 0f ac 0d 42   |...k.;.........B|
00b690  0f c5 17 1c 0f 95 01 13 2f 05 01 4b 13 0b 0f 95   |......../..K....|
00b6a0  01 14 1f a2 ac 0d b9 0f d4 0b 6a 0f e5 18 0e 0f   |..........j.....|
00b6b0  6d 03 ff 0f 05 47 2f 0f 0f 1a 52 0f 8f 01 ff 0f   |m....G/...R.....|
00b6c0  15 69 8f 01 0f de 1a 55 0f 93 01 ec 10 19 2c 32   |.i.....U......,2|
00b6d0  f0 00 61 73 54 72 69 67 67 65 72 45 78 70 65 72   |..asTriggerExper|
00b6e0  69 ae 29 0f ea 14 04 2f b7 10 96 27 07 00 0d f6   |i.)..../...'....|
00b6f0  0e 57 d0 06 b7 01 06 5d 00 05 af 01 be 45 78 70   |.W.....].....Exp|
00b700  5f 50 6f 72 74 61 6c 2e 13 00 0e 2c c8 0f 4f 00   |_Portal....,..O.|
00b710  11 01 d5 2b 02 f3 29 0c 14 00 0f 51 00 29 01 76   |...+..)....Q.).v|
00b720  aa 0c 14 00 0e 1d 1d 0f 51 00 11 01 b3 aa 78 54   |........Q.....xT|
00b730  72 69 62 65 45 76 cc 1f 0e 1c 00 01 ca 1f 1f 4e   |ribeEv.........N|
00b740  61 00 1d 00 e2 29 28 64 6d be 27 08 15 00 0f 05   |a....)(dm.'.....|
00b750  01 29 01 59 b3 0c 14 00 0a 3f fa 0f 51 00 15 a6   |.).Y.....?..Q...|
00b760  46 69 6e 64 52 65 6c 69 63 5f e8 fe 03 d5 bd 0f   |FindRelic_......|
00b770  24 00 0d 0e fc 1e 0f 67 02 17 20 5f 43 91 2d 00   |$......g.. _C.-.|
00b780  94 03 00 e3 d5 0f 20 00 0c 2f 5f 43 d0 02 21 06   |...... ../_C..!.|
00b790  11 ca 0b 13 00 0f 7a 01 29 06 d0 1d 07 14 00 0f   |......z.).......|
00b7a0  51 00 29 1e 35 51 00 02 55 cc 1f 5a d0 02 28 36   |Q.).5Q..U..Z..(6|
00b7b0  4d 61 72 bf 1d 0e 1b 00 0e 7f 1e 0f ce 02 12 02   |Mar.............|
00b7c0  10 d2 28 47 75 73 18 0c 19 00 0f 85 02 38 1f 35   |..(Gus.......8.5|
00b7d0  85 02 10 02 42 ba 1f 4e 7c 01 24 02 5a b3 0d 15   |....B..N|.$.Z...|
00b7e0  00 0f 1f 01 23 01 59 d1 01 26 33 07 a8 0f 0c 19   |....#.Y..&3.....|
00b7f0  00 0e 4c 23 0f 5b 00 17 02 60 01 0a 51 05 09 1a   |..L#.[...`..Q...|
00b800  00 0e fb 1f 0f 5d 00 17 06 88 33 1f 2e 1d 00 09   |.....]....3.....|
00b810  0f 99 02 23 03 21 02 01 6b 3b 16 47 f8 16 0e 1b   |...#.!..k;.G....|
00b820  00 0f 3e 02 38 1f 36 3e 02 10 1f 36 eb 01 2b 01   |..>.8.6>...6..+.|
00b830  a0 32 1f 2e 19 00 05 0e fd 25 0f c4 03 16 9b 50   |.2.......%.....P|
00b840  79 72 61 6d 69 64 5f 31 79 24 0f 21 00 05 0f 6b   |yramid_1y$.!...k|
00b850  00 36 2f 32 2e 21 00 0d 0f 6a 07 23 03 18 01 03   |.6/2.!...j.#....|
00b860  e5 01 0e c3 02 07 1c 00 0f 62 02 23 09 64 03 0e   |.........b.#.d..|
00b870  60 00 06 1b 00 0e 33 29 0f 24 03 21 0e 63 00 0b   |`.....3).$.!.c..|
00b880  1f 00 0f c6 00 2a 02 3f 02 0e c6 00 06 1b 00 0e   |.....*.?........|
00b890  36 27 0f 28 03 1c 4b 61 4c 69 65 8a 03 0d 1e 00   |6'.(..KaLie.....|
00b8a0  0e ea da 0f 5a 05 16 0e 57 05 0f 23 07 29 1e 33   |....Z...W..#.).3|
00b8b0  4f 00 0e 3a fb 0f c9 01 1a 3f 43 48 2e 16 00 02   |O..:.....?CH....|
00b8c0  0f 55 00 2a 3f 46 4a 2e 16 00 02 0f 55 00 2a 3f   |.U.*?FJ.....U.*?|
00b8d0  47 59 2e 16 00 02 0f 55 00 29 4f 4d 47 57 2e 16   |GY.....U.)OMGW..|
00b8e0  00 02 0f a5 01 29 01 ec b6 0c 14 00 0f 51 00 29   |.....).......Q.)|
00b8f0  01 c0 b6 0c 14 00 0e 15 31 0f 40 07 1c 0f 3e 07   |........1.@...>.|
00b900  06 0f 50 01 29 3f 4d 58 2e 16 00 02 0f ae 00 23   |..P.)?MX.......#|
00b910  03 87 ba 5f 61 64 6f 77 2e 18 00 04 0f b7 06 23   |..._adow.......#|
00b920  01 41 00 00 11 38 17 5a 98 30 0c 19 00 0f a2 08   |.A...8.Z.0......|
00b930  23 01 42 00 2b 5a 68 6f 35 0d 1a 00 0f ff 08 29   |#.B.+Zho5......)|
00b940  0e 3e 08 0c 3c 06 0f 1c 02 28 00 fc 03 0e d4 05   |.>..<....(......|
00b950  03 18 00 0f 59 00 2a 2e 46 4a 59 00 04 18 00 0f   |....Y.*.FJY.....|
00b960  59 00 2a 2e 47 59 59 00 04 18 00 0f 59 00 29 00   |Y.*.GYY.....Y.).|
00b970  08 04 1f 32 20 04 04 0f 59 00 2b 2e 4d 58 59 00   |...2 ...Y.+.MXY.|
00b980  04 18 00 03 b6 39 02 11 b9 33 4b 65 4c 63 25 0f   |.....9...3KeLc%.|
00b990  fe 10 04 3f 72 0d 01 06 12 0a 0f 4b 00 06 1e 0f   |...?r......K....|
00b9a0  31 00 35 14 0d 01 db 11 0c 34 00 0e 01 12 15 0a   |1.5......4......|
00b9b0  26 00 2f 55 49 96 dd 34 10 09 45 00 7f 65 72 76   |&./UI..4..E..erv|
00b9c0  65 72 49 44 60 49 0f 30 62 43 68 86 ef 42 42 6f   |erID`I.0bCh..BBo|
00b9d0  64 79 2e 3c 3a 6f 6f 6c ef 39 05 2b 00 02 a8 00   |dy.<:ool.9.+....|
00b9e0  0f e3 13 06 15 85 e3 13 1f 80 e4 3a 0f f1 04 4e   |...........:...N|
00b9f0  50 43 2f 48 75 6d 61 6e 2f 53 61 76 61 67 65 48   |PC/Human/SavageH|
00ba00  6f 72 e9 ba 50 45 67 79 70 74 59 3a 01 5d 0e 26   |or..PEgyptY:.].&|
00ba10  46 5f 1e 00 8f 5f 42 65 61 75 74 79 2e 25 00 11   |F_..._Beauty.%..|
00ba20  21 5f 43 e5 01 02 79 01 3f 42 69 6e fd 13 04 22   |!_C...y.?Bin..."|
00ba30  81 c2 b1 00 0d 26 3d 33 00 7d c2 1e 01 03 01 35   |.....&=3.}.....5|
00ba40  00 00 44 0f 1e 01 06 11 01 a0 13 01 e9 01 2f 44   |..D.........../D|
00ba50  75 12 46 0b 20 fa 43 1f 00 03 b5 35 3f 5a 68 65   |u.F. .C....5?Zhe|
00ba60  c8 ae 26 f0 01 73 a9 43 c8 30 4a 2d aa 29 d5 cf   |..&..s.C.0J-.)..|
00ba70  a5 28 b0 cd a4 45 00 00 92 dd 74 57 65 69 4c 65   |.(...E....tWeiLe|
00ba80  69 58 b0 00 4d 45 6e 75 6d 39 47 01 b7 df 3b 48   |iX..MEnum9G...;H|
00ba90  41 49 30 00 01 ec 3f 0e 18 00 51 3a 3a 4d 41 58   |AI0...?...Q::MAX|
00baa0  d6 00 8f 4d 4a 47 5a 53 68 75 4a 2e 29 05 2f c1   |...MJGZShuJ.)./.|
00bab0  09 06 1e 0b 0e 44 00 1e 0f 2a 00 26 64 09 aa 4d   |.....D...*.&d..M|
00bac0  02 dc c9 32 47 61 69 76 de 40 43 75 6e 44 7f 3e   |...2Gaiv.@CunD.>|
00bad0  0f 06 bc 02 20 42 43 5b 00 02 ca 47 0d fa 00 26   |.... BC[...G...&|
00bae0  20 00 e9 01 12 45 56 00 02 2a 00 2b 00 1c 12 00   | ....EV..*.+....|
00baf0  22 3a 3a 0d 00 01 58 ca 25 42 75 b4 00 4f 4e 6f   |"::...X.%Bu..ONo|
00bb00  64 65 fa 02 06 15 59 fa 02 1f 54 a0 6a 10 00 68   |de....Y...T.j..h|
00bb10  dd 05 d4 00 00 a7 6a 00 60 00 03 c8 ca 03 43 10   |......j.`.....C.|
00bb20  09 12 00 00 55 0e 13 0f 87 00 10 43 f8 06 0f 80   |....U......C....|
00bb30  01 05 2f 9b 02 c6 1b 0b 0e 45 00 0f 2b 00 01 13   |../......E..+...|
00bb40  3a 46 00 1d 1a 81 01 00 83 40 21 53 65 be 01 0f   |:F.......@!Se...|
00bb50  ca 16 04 51 65 6c 65 63 74 26 00 5f 49 6e 64 65   |...Qelect&._Inde|
00bb60  78 7e 04 07 13 08 b6 01 01 2c 00 02 90 00 0f 8c   |x~.......,......|
00bb70  00 01 17 96 e1 01 08 2b 00 0e 54 4b 01 02 02 01   |.......+..TK....|
00bb80  23 00 0f 50 03 09 00 48 00 9f 4c 69 6e 65 61 72   |#..P...H..Linear|
00bb90  43 6f 6c 1b 49 01 c0 73 9d c6 3c a5 bb 3b 3e d0   |Col.I..s..<..;>.|
00bba0  44 58 3c c0 49 00 d9 18 02 74 00 00 e0 c8 0e 8c   |DX<.I....t......|
00bbb0  4a 18 0c 81 00 01 54 00 2e 30 32 8d 17 0f 1d 01   |J.....T..02.....|
00bbc0  1c 1f 00 1d 01 84 cf 8e e6 48 3d e8 bb bb 3d e9   |.........H=...=.|
00bbd0  45 2d 3d 1d 01 24 2e 31 00 1d 01 11 08 08 01 2f   |E-=..$.1......./|
00bbe0  55 73 64 05 10 21 4d 4a 70 40 0f 41 56 0b 11 06   |Usd..!MJp@.AV...|
00bbf0  29 00 3f 45 78 70 8b 05 0b 07 35 19 0f 40 04 41   |).?Exp....5..@.A|
00bc00  6f 47 75 61 53 68 69 40 04 57 02 70 00 08 40 04   |oGuaShi@.W.p..@.|
00bc10  05 12 00 0f 40 04 15 1f 7e 34 c3 0c 0f 40 04 13   |....@...~4...@..|
00bc20  2f 1d 01 40 04 ff 2c 1f 33 23 03 a3 1f 23 23 03   |/..@..,.3#...##.|
00bc30  06 1f 1f 23 03 05 23 53 68 18 02 0f 26 03 13 04   |...#..#Sh...&...|
00bc40  64 1d 0f 03 10 04 02 55 00 0e 1a 03 06 67 00 02   |d......U.....g..|
00bc50  e7 1a 0c 14 00 0f 1e 03 15 1f 61 2a 1e 08 1f 00   |..........a*....|
00bc60  1e 03 16 2f 00 00 1e 03 22 0f 01 02 6f 01 bb 02   |.../...."...o...|
00bc70  20 69 65 d4 e7 02 a4 00 1e 0f dd 00 23 0d 02 37   | ie.........#..7|
00bc80  c0 0b 2c 00 0f b9 09 06 11 0a 56 02 20 58 69 a5   |..,.......V. Xi.|
00bc90  0b 0f 0c 56 08 04 b1 c7 00 51 00 00 2d 00 55 4d   |...V.....Q..-.UM|
00bca0  6f 72 70 68 12 56 09 51 03 18 0d 9c 54 20 4d 5f   |orph.V.Q....T M_|
00bcb0  25 0c 47 30 38 00 0d 3d 00 3f 42 69 4c 5d 55 0a   |%.G08..=.?BiL]U.|
00bcc0  50 c2 a3 7f 3e 09 1f 00 3f 75 53 65 2c 00 0d 00   |P...>...?uSe,...|
00bcd0  f6 60 11 0e c4 00 20 46 61 5c 00 0f b6 04 0c 13   |.`.... Fa\......|
00bce0  c8 d3 33 2f 46 61 b5 04 09 17 61 df 52 03 46 01   |..3/Fa....a.R.F.|
00bcf0  07 bc 04 0e 21 02 0f c1 04 3a c0 26 e6 a3 3b ac   |....!....:.&..;.|
00bd00  77 44 3b a6 ed 81 3a c1 04 05 00 02 13 09 5e 4a   |wD;...:.......^J|
00bd10  0f 13 01 0d 53 c6 fb 1e 3e 0a 0a 58 1f 69 2d 00   |....S...>..X.i-.|
00bd20  0d 49 f4 1a 11 3e 62 02 23 49 73 b4 0d 0e 8f 0e   |.I...>b.#Is.....|
00bd30  09 e9 02 15 10 de 0d 20 4d 61 88 4b 0f 48 0d 36   |....... Ma.K.H.6|
00bd40  15 0d e8 0e 6f 48 65 69 67 68 74 8b 60 0a 31 34   |....oHeight.`.14|
00bd50  83 3f 5e c9 30 6c 61 6e 7a 54 0e 15 05 17 1b e8   |.?^.0lanzT......|
00bd60  02 15 45 27 00 28 00 17 0f 00 e4 3a 3a 43 4c 41   |..E'.(.....::CLA|
00bd70  4e 5f 54 59 50 45 5f 45 00 50 00 4f 41 72 65 61   |N_TYPE_E.P.OArea|
00bd80  49 02 07 12 7d 54 00 00 2a 00 00 54 58 2e 59 65   |I...}T..*..TX.Ye|
00bd90  c3 0e 17 17 43 36 16 45 28 00 01 fd 0d 52 5a 48   |....C6.E(....RZH|
00bda0  49 59 45 72 00 82 53 48 4f 55 4c 49 45 00 a9 06   |IYEr..SHOULIE...|
00bdb0  00 b4 01 0f ff 04 04 1f b3 e3 2b 0c 0b 41 00 1e   |..........+..A..|
00bdc0  0f 27 00 17 5f 26 57 04 8d 03 4f 53 61 76 65 19   |.'.._&W...OSave.|
00bdd0  11 03 08 b3 03 0f 3c 07 03 18 15 3b 08 b2 42 61   |......<....;..Ba|
00bde0  73 65 44 65 73 61 74 75 72 1c 55 1c 11 30 04 3f   |seDesatur.U..0.?|
00bdf0  56 61 6c 40 99 0a 2a 99 99 8b 02 0f 7d 00 0b 09   |Val@..*.....}...|
00be00  0d 57 10 70 dd 04 0f 71 00 1d 0d 5e 05 0f 71 00   |.W.p...q...^..q.|
00be10  18 4f 73 68 6f 75 71 00 2b 10 0c 17 02 52 79 65   |.Oshouq.+....Rye|
00be20  4d 61 74 09 04 0f 34 04 29 d3 3d d6 9d 3a fe f1   |Mat...4.).=..:..|
00be30  1d 3c b6 b9 88 3d 00 2e 13 01 d3 06 00 7b 3d 00   |.<...=.......{=.|
00be40  ef 59 04 62 10 0e 56 02 18 4b 36 08 08 3a 03 01   |.Y.b..V..K6..:..|
00be50  b1 0e 01 3a 08 07 41 00 ff 05 3a 3a 57 55 51 49   |...:..A...::WUQI|
00be60  5f 4c 45 49 58 49 4e 47 5f 4d 41 4f 00 20 23 00   |_LEIXING_MAO. #.|
00be70  0b 4a 47 4f 4e 47 90 00 44 4a 69 4e 65 a9 05 0e   |.JGONG..DJiNe...|
00be80  90 00 2f 54 1f e6 02 07 1c 2c db 00 08 4b 00 1e   |../T.....,...K..|
00be90  0f 31 00 26 f0 1e ca 10 0b 34 00 0f 11 07 06 01   |.1.&.....4......|
00bea0  1e 12 18 4a 59 00 0f 04 04 06 14 c7 b2 4d 20 68   |...JY........M h|
00beb0  75 06 02 2f 44 75 ae 5b 09 50 ff ff ff ff 07 d0   |u../Du.[.P......|
00bec0  12 0f 43 08 0c 02 57 04 3f 62 43 61 6c 08 0f 05   |..C...W.?bCal...|
00bed0  4b 02 0f b4 00 18 2f 2b 01 b4 00 9f 1f 8f b4 00   |K...../+........|
00bee0  a0 1f f3 b4 00 a0 2f 57 02 b4 00 40 1f 01 b4 00   |....../W...@....|
00bef0  4b 2f bb 02 68 01 9f 2f 1f 03 b4 00 9f 2f 83 03   |K/..h../...../..|
00bf00  1c 02 9f 1f e7 68 01 a0 1f c9 54 06 19 04 67 5e   |.....h....T...g^|
00bf10  0f b4 00 6c 2f 2e 01 b4 00 9f 1f 66 68 01 19 1f   |...l/......fh...|
00bf20  1e b4 00 73 1f 67 b4 00 19 00 c0 58 0f 84 03 70   |...s.g.....X...p|
00bf30  1f 65 b4 00 19 1f 5a 68 01 73 1f c6 b4 00 19 1f   |.e....Zh.s......|
00bf40  78 b4 00 73 2f 1d 03 d0 02 9f 2f c2 02 d0 02 40   |x..s/...../....@|
00bf50  0f b4 00 4c 2f 1e 03 d0 02 9f 2f c3 02 d0 02 40   |...L/...../....@|
00bf60  0f 38 04 4c 1f cb a0 05 41 0f b4 00 4c 2f cc 00   |.8.L....A...L/..|
00bf70  d0 02 9f 2f 29 01 d0 02 9f 1f ca a0 05 6a 1f 00   |.../)........j..|
00bf80  b4 00 22 2f f2 01 a0 05 9f 2f 94 01 70 08 9f 1f   |.."/...../..p...|
00bf90  f1 d0 02 a0 2f 5b 02 ec 04 9f 1f b9 bc 07 6a 0f   |..../[........j.|
00bfa0  84 03 23 2f ba 02 1c 02 69 0f b4 00 23 2f 59 02   |..#/....i...#/Y.|
00bfb0  ec 04 9f 1f 31 ec 04 a0 2f 8c 01 bc 07 9f 1f 2d   |....1.../......-|
00bfc0  ec 04 a0 2f 2f 01 8c 0a 9f 1f 25 5c 0d a0 2f 82   |...//.....%\../.|
00bfd0  03 d0 02 9f 1f 81 5c 0d a0 1f f7 ec 04 a0 1f 55   |......\........U|
00bfe0  78 0f a0 1f f9 ec 04 a0 2f 85 03 d8 09 9f 1f 86   |x......./.......|
00bff0  38 04 a0 1f 8b 38 04 a0 2f 87 03 64 14 74 00 75   |8....8../..d.t.u|
00c000  00 01 99 22 02 b7 00 1e 00 92 1f 1f af 95 2a 0c   |..."..........*.|
00c010  0c 42 00 1e 0f 28 00 23 4e 01 a6 14 00 13 45 53   |.B...(.#N.....ES|
00c020  53 75 70 65 72 36 78 45 53 65 74 5f 9a 1f 2f 47   |Super6xESet_../G|
00c030  41 56 25 03 03 2c 00 0f c8 ed 20 41 47 41 53 2f   |AV%..,.... AGAS/|
00c040  54 6b 17 2f a1 00 41 2f 47 41 5f 0f 00 01 52 6f   |Tk./..A/GA_...Ro|
00c050  21 48 75 cc 36 00 49 64 3f 30 31 2e 1b 00 06 00   |!Hu.6.Id?01.....|
00c060  92 3d 16 0d 8c 00 0f e1 27 10 11 09 1d 00 5f 70   |.=......'....._p|
00c070  75 74 54 61 14 01 02 17 42 dd 21 00 b8 00 40 70   |utTa....B.!...@p|
00c080  6c 61 79 2b 00 0f ae 7a 03 2f 61 67 6e 27 03 27   |lay+...z./agn'.'|
00c090  13 00 15 29 04 8b 79 00 8e 21 3e 2e 47 00 c6 2a   |...)..y..!>.G..*|
00c0a0  11 0a fb 26 5f 73 68 69 6f 6e 9a 34 09 31 b5 34   |...&_shion.4.1.4|
00c0b0  03 7c 22 02 5d 43 0f 31 00 10 31 e7 93 04 99 21   |.|".]C.1..1....!|
00c0c0  c0 4c 61 73 74 4d 61 6f 43 65 50 61 69 d1 6c 05   |.LastMaoCePai.l.|
00c0d0  75 79 6c 44 6f 75 62 6c 65 4e 47 00 4b c2 70 16   |uylDoubleNG.K.p.|
00c0e0  47 62 78 3c 41 0c c7 5b 5e 61 69 58 69 65 26 ef   |Gbx<A..[^aiXie&.|
00c0f0  0d 5a 01 12 0b cf 21 5f 52 65 6e 47 75 76 26 35   |.Z....!_RenGuv&5|
00c100  01 86 01 10 6f 49 4f 1f 69 55 00 27 f0 02 f3 8f   |....oIO.iU.'....|
00c110  17 ae c5 46 45 fe d2 3c 15 be 22 df 66 fa 16 8b   |...FE..<..".f...|
00c120  f0 00 89 74 af 63 74 65 72 4c 69 66 65 53 70 14   |...t.cterLifeSp.|
00c130  01 10 92 c0 38 23 3b 04 6f 3c 41 08 90 2d 3f 66   |....8#;.o<A..-?f|
00c140  55 69 97 36 34 11 0d 4a 49 50 73 74 6f 6d 4d f5   |Ui.64..JIPstomM.|
00c150  5c 1e 69 fc 7d 27 1e 00 6c f1 14 ff 66 70 12 5b   |\.i.}'..l...fp.[|
00c160  3c 7e 91 5d 20 54 72 61 69 6e 65 72 7b 00 bf 4f   |<~.] Trainer{..O|
00c170  77 6e 65 72 50 6c 61 79 65 72 7d 7e 16 07 65 01   |wnerPlayer}~..e.|
00c180  0f 34 00 02 18 0f 76 5d a1 53 70 61 63 65 45 6c   |.4....v].SpaceEl|
00c190  76 65 73 b0 5d b1 4c 65 69 4a 69 4e 6f 58 69 75   |ves.].LeiJiNoXiu|
00c1a0  4d d5 2a 10 69 14 5d 0f 5c 02 0b 80 00 e0 f8 62   |M.*.i.].\......b|
00c1b0  55 27 40 13 51 28 cf 75 6c 74 69 42 6f 6e 65 53   |U'@.Q(.ultiBoneS|
00c1c0  63 61 6c 82 49 05 1f ff 61 27 0c 0e 49 00 0f 69   |cal.I...a'..I..i|
00c1d0  27 05 26 a6 01 4d 24 05 2d 00 0f 66 27 03 13 09   |'.&..M$.-..f'...|
00c1e0  23 00 0f 4d 2b 10 a8 4c 5f 62 72 65 61 73 74 00   |#..M+..L_breast.|
00c1f0  0a 57 00 0f 84 7c 25 44 84 d1 96 3f 04 00 09 64   |.W...|%D...?...d|
00c200  2a 0f 8e 00 14 1f 52 8e 00 6d 09 90 27 4f 48 65   |*.....R..m..'OHe|
00c210  61 64 8a 00 33 00 74 2b 04 04 00 09 3f 34 70 48   |ad..3.t+....?4pH|
00c220  42 69 6e 64 42 47 2a 4c 11 41 3b 00 1e 0f 90 06   |BindBG*L.A;.....|
00c230  15 c4 a8 04 00 02 02 1f 77 4c 32 04 57 4d 61 70   |........wL2.WMap|
00c240  73 2f bc 73 1c 2f c8 73 1c 2e 11 00 b1 3a 50 65   |s/.s./.s.....:Pe|
00c250  72 73 69 73 74 65 6e 74 17 00 00 47 2f 0b 8f 00   |rsistent...G/...|
00c260  ff 00 5f 43 5f 32 31 34 32 33 32 33 33 36 34 00   |.._C_2142323364.|
00c270  40 7c 75 02 01 af 03 1e 2f 3c 00 0f 4f 00 02 23   |@|u...../<..O..#|
00c280  00 17 bf 04 00 22 6e af 6e 44 61 6f 4a 75 49 6e   |....."n.nDaoJuIn|
00c290  69 74 81 4d 05 14 56 8a 1c 08 f5 04 6a 42 61 6f   |it.M..V.....jBao|
00c2a0  47 75 6f 3c 00 0d 01 00 10 1b 42 28 f1 06 78 74   |Guo<......B(..xt|
00c2b0  72 61 44 69 61 6f 4c 75 6f 42 61 6f 41 66 74 65   |raDiaoLuoBaoAfte|
00c2c0  72 53 69 ec 76 0d f9 01 03 c6 61 02 1b 4e 01 c3   |rSi.v.....a..N..|
00c2d0  3a a6 5f 4e 6f 72 6d 61 6c 5f 35 30 ec 06 02 af   |:._Normal_50....|
00c2e0  2e 00 ca 7a 02 e6 2f 0f 34 2f 06 26 4f 40 34 2f   |...z../.4/.&O@4/|
00c2f0  08 31 00 00 8f 7b 3e 43 75 6e 94 ef 01 29 00 30   |.1...{>Cun...).0|
00c300  58 4d 4a 2c 31 21 58 69 e2 00 0f d6 3c 05 1f 00   |XMJ,1!Xi....<...|
00c310  10 38 0b 0f 4a 00 05 1e 0f 30 00 17 12 7d 00 02   |.8..J....0...}..|
00c320  a0 00 03 31 00 20 50 65 f3 2b 0e a6 00 0e fe 07   |...1. Pe.+......|
00c330  11 1d 6e 00 71 41 6c 72 65 61 64 79 4a 77 60 65   |..n.qAlreadyJw`e|
00c340  64 4d 4a 58 46 7e 00 0f c1 00 04 2f 3f 3f c1 00   |dMJXF~...../??..|
00c350  07 3f 55 00 00 53 00 0f 1e 0f 39 00 26 d7 3e 05   |.?U..S....9.&.>.|
00c360  3b 04 ca 00 2f 75 46 a3 30 07 00 fb 3d 00 54 00   |;.../uF.0...=.T.|
00c370  03 21 00 0f a2 32 0a 15 5b a2 04 1f 56 c8 35 14   |.!...2..[...V.5.|
00c380  01 7c 00 01 aa 32 00 c4 3e 01 0e 00 61 30 32 5f   |.|...2..>...a02_|
00c390  30 36 30 ff 42 0d 15 00 21 5f 43 9d 06 00 85 00   |060.B...!_C.....|
00c3a0  0f 42 7a 0d 09 16 50 0f c5 00 64 02 8c 36 0c 15   |.Bz...P...d..6..|
00c3b0  00 0f c5 00 9c 01 2f 49 0d 15 00 0f c5 00 9c 01   |....../I........|
00c3c0  28 41 0d 15 00 0f c5 00 9c 01 b8 47 0d 15 00 0f   |(A.........G....|
00c3d0  c5 00 9c 01 f1 4f 0d 15 00 0f c5 00 9c 01 65 50   |.....O........eP|
00c3e0  0d 15 00 0f c5 00 9c 01 11 48 0d 15 00 0f c5 00   |.........H......|
00c3f0  18 1f 02 c5 00 25 0f ca 38 13 02 96 00 1b 31 bb   |.....%..8.....1.|
00c400  00 10 31 d7 fd 2e 30 2e 15 00 0f 59 05 53 0f bb   |..1...0....Y.S..|
00c410  00 2d 1c 31 4f 05 02 15 00 0f bb 00 92 1f 35 bb   |.-.1O.........5.|
00c420  00 01 0f f6 02 19 1f 03 bb 00 66 0c 76 04 02 15   |..........f.v...|
00c430  00 0f 76 01 92 0c bb 06 02 15 00 0f 76 01 92 1f   |..v.........v...|
00c440  37 bb 00 01 0f 62 04 19 1f 05 bb 00 66 0c 80 0a   |7....b......f...|
00c450  02 15 00 0f 1d 05 92 0e 62 04 00 15 00 0f 31 02   |........b.....1.|
00c460  7d 1b 33 bb 00 1f 33 d8 05 01 1f 33 d8 05 82 0e   |}.3...3....3....|
00c470  bb 00 2d 34 30 d8 08 02 15 00 0f ec 02 7d 0e bb   |..-40........}..|
00c480  00 1e 32 31 02 02 15 00 0f bb 00 92 0e 31 02 00   |..21.........1..|
00c490  15 00 0f bb 00 92 0c d8 05 02 15 00 0f bb 00 8f   |................|
00c4a0  1f 34 76 01 01 1f 34 76 01 95 0c 44 0d 02 15 00   |.4v...4v...D....|
00c4b0  0f 76 01 92 0e a7 03 00 15 00 0f 4e 07 92 02 79   |.v.........N...y|
00c4c0  44 0c 15 00 0f 7f 09 92 01 20 61 0d 15 00 0f bb   |D........ a.....|
00c4d0  00 91 1f 32 f5 0a 01 1f 32 f5 0a 92 0d 4e 07 02   |...2....2....N..|
00c4e0  15 00 0f f5 0a 91 1e 32 9c 0e 00 15 00 0f 76 01   |.......2......v.|
00c4f0  92 0e a7 03 00 15 00 0f 76 01 91 0d cd 10 02 15   |........v.......|
00c500  00 0f 31 02 92 0e e1 0d 00 15 00 0f 31 02 92 0c   |..1.........1...|
00c510  4e 07 02 15 00 0f 31 02 92 1f 32 bb 00 01 0f 57   |N.....1...2....W|
00c520  0f 92 0d 7e 14 02 15 00 0f bb 00 92 0e 57 0f 00   |...~.........W..|
00c530  15 00 0f bb 00 92 0e 09 08 00 15 00 0f 62 04 92   |.............b..|
00c540  1f 33 62 04 01 0f a7 03 19 1f 09 f5 0a 63 1e 33   |.3b..........c.3|
00c550  ec 02 02 15 00 0f b0 0b 8f 1e 33 26 0d 02 15 00   |..........3&....|
00c560  0f 6b 0c 92 1e 35 6b 0c 0f 76 01 95 1e 31 76 01   |.k...5k..v...1v.|
00c570  0f cd 10 92 1e 33 1d 05 02 15 00 0f bb 00 92 1f   |.....3..........|
00c580  37 bb 00 01 0f ea 15 92 1e 32 93 06 00 15 00 0f   |7........2......|
00c590  7f 09 7d 1e 32 c2 1b 0e ec 02 02 15 00 0f bb 00   |..}.2...........|
00c5a0  90 1f 32 1b 21 01 1f 32 ea 15 53 15 55 bb 00 1f   |..2.!..2..S.U...|
00c5b0  50 31 02 23 2e 39 5f 62 17 02 17 00 0f 1f 18 7d   |P1.#.9_b.......}|
00c5c0  0f 7a 01 02 1f 31 7a 01 01 0f 35 02 93 0e 01 21   |.z...1z...5....!|
00c5d0  00 15 00 0f bb 00 92 0e 81 22 00 15 00 0f bb 00   |........."......|
00c5e0  92 0e b2 21 00 15 00 0f 02 13 92 1f 39 a9 03 03   |...!........9...|
00c5f0  0f 66 04 91 1f 32 66 04 03 1f 32 66 04 94 0e 22   |.f...2f...2f..."|
00c600  23 00 15 00 0f f0 02 92 1f 36 bb 00 01 0f 11 08   |#........6......|
00c610  91 1e 33 56 07 01 15 00 0f bb 00 92 0e dc 05 00   |..3V............|
00c620  15 00 0f bb 00 92 0e dc 05 00 15 00 0f bb 00 92   |................|
00c630  1f 31 bb 00 01 0f 8e 24 92 1f 33 68 17 01 1f 33   |.1.....$..3h...3|
00c640  5d 2b 9b 1e 38 6c 04 01 15 00 0f c5 00 9c 1f 30   |]+..8l.........0|
00c650  c5 00 01 0f 8a 01 9d 1f 31 c5 00 01 0f 17 0b 90   |........1.......|
00c660  1f 31 b1 06 01 1f 31 b1 06 93 1f 31 3b 02 01 1f   |.1....1....1;...|
00c670  31 b1 06 94 0e 17 0b 00 15 00 0f bb 00 92 0e 9d   |1...............|
00c680  09 00 15 00 0f bb 00 92 0e 31 05 00 15 00 0f a7   |.........1......|
00c690  03 92 0e ec 02 00 15 00 0f bb 00 92 1e 32 bb 00   |.............2..|
00c6a0  0f be 0e 92 1e 31 34 10 02 15 00 0f be 0e 92 0f   |.....14.........|
00c6b0  01 0e 02 0f 7a 33 9b 1e 37 b1 03 01 15 00 0f c5   |....z3..7.......|
00c6c0  00 9c 0e a7 06 00 15 00 0f c5 00 9c 1f 31 c5 00   |.............1..|
00c6d0  01 0f 4f 02 9d 0e 27 0e 00 15 00 0f c5 00 9c 0e   |..O...'.........|
00c6e0  31 0e 00 15 00 0f c5 00 9c 0e 00 09 00 15 00 0f   |1...............|
00c6f0  c5 00 9c 0e 0a 09 00 15 00 0f 21 14 92 2f 31 5f   |..........!../1_|
00c700  20 06 04 0f 21 14 90 1e 31 87 18 02 15 00 0f 53   | ...!...1......S|
00c710  08 92 0e fa 02 00 15 00 0f bb 00 92 0e f0 02 00   |................|
00c720  15 00 0f bb 00 92 1f 37 bb 00 01 0f af 38 26 09   |.......7.....8&.|
00c730  c4 00 00 39 47 53 42 65 67 69 6e e0 44 0f 25 46   |...9GSBegin.D.%F|
00c740  0f 30 66 a2 4f 39 47 00 1d 41 03 22 7b 4e 4d 6f   |.0f.O9G..A."{NMo|
00c750  53 68 17 72 05 d4 45 13 11 5c 7a 09 2e 00 01 06   |Sh.r..E..\z.....|
00c760  71 0c 16 00 31 3a 3a 54 15 a3 02 4d 00 00 03 49   |q...1::T...M...I|
00c770  3f 44 6f 75 5e 00 04 1b 24 5e 00 00 2e 00 10 64   |?Dou^...$^.....d|
00c780  2e 00 10 73 5e 00 1d 20 16 00 00 5e 00 70 42 65   |...s^.. ...^.pBe|
00c790  69 64 6f 6e 67 0a 46 41 6a 69 00 18 c5 41 33 6f   |idong.FAji...A3o|
00c7a0  64 6f 88 a3 3f 78 69 6e 5f c1 2d d3 00 58 18 48   |do..?xin_.-..X.H|
00c7b0  00 51 47 c8 d2 c7 e4 46 0c ee 7b 00 26 97 0f 8a   |.QG....F..{.&...|
00c7c0  49 04 1f 4e 8a 49 32 18 1f cf 42 04 72 00 12 2e   |I..N.I2...B.r...|
00c7d0  ca 6e 16 2e 20 7d 06 f8 01 00 ca 41 01 b6 88 10   |.n.. }.....A....|
00c7e0  5a ee 80 05 63 ae 0f 7f e5 02 14 45 c2 25 1f 9d   |Z...c......E.%..|
00c7f0  53 44 4a 0f d7 7d 10 05 65 44 3f 38 36 2e be 00   |SDJ..}..eD?86...|
00c800  01 10 20 a1 00 be 53 63 72 69 70 74 2f 57 53 2e   |.. ...Script/WS.|
00c810  48 24 00 02 e9 c9 0f 42 4b 0c 13 32 3c e5 0f 21   |H$.....BK..2<..!|
00c820  73 0d 40 4c 0e 44 19 b6 42 01 f6 03 60 41 74 74   |s.@L.D..B...`Att|
00c830  72 5a 69 fc bb 00 e9 b0 0f d3 42 04 1f bb a4 7b   |rZi.......B....{|
00c840  08 00 9c 01 0f 4f 00 0a 0f 2d 72 01 16 02 a2 26   |.....O...-r....&|
00c850  00 32 00 00 2c 00 0e e7 47 04 1e 00 0f a6 70 03   |.2..,...G.....p.|
00c860  18 17 a6 70 05 27 00 28 00 13 0f 00 60 3a 3a 4c   |...p.'.(....`::L|
00c870  69 4c 69 22 43 11 05 5b ba 0f 8d bc 09 18 11 69   |iLi"C..[.......i|
00c880  04 0f 7b 00 0b 1f 15 7b 00 03 1a 11 7b 00 01 4c   |..{....{....{..L|
00c890  72 0f 79 00 10 1f 0a 79 00 17 1f 16 79 00 03 1a   |r.y....y....y...|
00c8a0  12 79 00 5f 5a 68 69 48 75 7a 00 11 1f 0b f3 00   |.y._ZhiHuz......|
00c8b0  3d 4f 4e 61 69 4c 79 00 11 1f 08 f3 00 3d 6f 4d   |=ONaiLy......=oM|
00c8c0  69 6e 4a 69 65 7a 00 1d 19 1b b7 02 00 bf 4e 0f   |inJiez........N.|
00c8d0  08 03 0c 1f bd 08 03 0c 0e 51 00 0f 0a 03 51 0f   |.........Q....Q.|
00c8e0  9c 01 3b 1f 06 9c 01 66 1f 0c 09 03 66 1e 0d 7a   |..;....f....f..z|
00c8f0  00 0f 77 04 55 1f 08 77 04 65 09 e8 01 0a c1 05   |..w.U..w.e......|
00c900  af 55 6e 61 73 73 69 67 6e 65 64 43 00 0b 14 04   |.UnassignedC....|
00c910  76 c2 05 3a 00 5f 54 6f 74 61 6c 35 00 0b 13 31   |v..:._Total5...1|
00c920  79 04 9f 4c 76 6c 53 65 74 46 6c 61 74 53 0a 11   |y..LvlSetFlatS..|
00c930  19 84 03 50 63 68 69 76 65 60 00 51 69 62 75 74   |...Pchive`.Qibut|
00c940  65 22 cb 0e e9 c9 06 4a 4c 0d 3a 01 0e 0e 07 05   |e".....JL.:.....|
00c950  10 09 0b 33 02 ca 48 65 61 6c 74 68 00 f9 d9 3f   |...3..Health...?|
00c960  45 10 1a 00 9b 46 6f 6f 64 00 73 4e 9f 42 70 01   |E....Food.sN.Bp.|
00c970  ab 57 61 74 65 72 00 1f cd a0 42 04 02 51 58 69   |.Water....B..QXi|
00c980  6e 51 69 9d 49 3b 20 43 10 66 00 30 75 58 69 5a   |nQi.I; C.f.0uXiZ|
00c990  79 2a 42 1a 18 00 60 43 75 72 4d 61 78 d8 53 00   |y*B...`CurMax.S.|
00c9a0  28 8a 6a 00 dd 92 c9 42 14 22 00 05 1c 00 4f 25   |(.j....B."....O%|
00c9b0  d9 76 42 a0 cf 11 04 03 7f 00 43 00 02 2c 00 5e   |.vB.......C..,.^|
00c9c0  43 6f 65 66 00 dc 04 2f 45 05 dc 04 07 1f 0a 45   |Coef.../E......E|
00c9d0  00 03 1e 0f 2b 00 17 ef df b2 0b 2e 00 0f d6 04   |....+...........|
00c9e0  1c 1f 19 ee 02 03 1b 15 5d 04 23 61 78 b3 01 00   |........].#ax...|
00c9f0  bf 00 05 db 00 0f fb 08 04 4f 9e f1 83 3f 62 04   |.........O...?b.|
00ca00  3a 6f 41 74 74 61 63 6b 7c 00 12 4f 23 62 85 3f   |:oAttack|..O#b.?|
00ca10  64 04 3a 7f 44 65 66 65 6e 73 65 7d 00 12 3f 22   |d.:.Defense}..?"|
00ca20  40 88 7d 00 15 1f 18 7d 00 03 1d 14 78 01 02 f9   |@.}....}....x...|
00ca30  02 0f 7e 00 11 2f 36 76 7e 00 16 1f 1a 7e 00 03   |..~../6v~....~..|
00ca40  1d 16 7e 00 12 46 62 d3 0f 80 00 12 3f 4c cd 8a   |..~..Fb.....?L..|
00ca50  7b 01 3b 00 80 00 00 0f 04 0f 7d 00 11 3f 25 87   |{.;.......}..?%.|
00ca60  8b 7d 00 3e 14 54 cb 07 0f 7d 00 0d 2f 51 a0 7d   |.}.>.T...}../Q.}|
00ca70  00 3f 01 bd 04 0f 7d 00 11 2f 3f 6c 7d 00 16 1f   |.?....}../?l}...|
00ca80  1b 7d 00 03 1e 17 fa 00 40 65 6e 61 63 d9 58 0f   |.}......@enac.X.|
00ca90  81 00 11 3f eb 0a 81 81 00 3e 05 81 05 0f 81 00   |...?.....>......|
00caa0  11 27 d5 01 81 00 11 0d 77 b3 2f 6f 66 d2 8d 08   |.'......w./of...|
00cab0  2f 11 32 84 05 07 00 8b 00 0d 43 00 1e 0f 29 00   |/.2.......C...).|
00cac0  26 bc 31 e9 51 00 2c 00 20 69 63 8b 8e 1f 79 4a   |&.1.Q.,. ic...yJ|
00cad0  55 07 00 25 00 05 15 01 0e 8e 7d 04 50 07 07 4c   |U..%......}.P..L|
00cae0  00 03 16 02 07 12 00 83 3a 3a 46 61 4d 75 00 08   |........::FaMu..|
00caf0  4f 00 2f 4c 76 a7 0e 08 13 19 01 08 00 29 00 3f   |O./Lv........).?|
00cb00  4d 61 78 2c 00 0a 17 63 c9 00 02 2c 00 10 5f 14   |Max,...c...,.._.|
00cb10  53 0f 31 00 0b 04 86 00 0f 29 82 10 10 12 db 5f   |S.1......)....._|
00cb20  cf 6e 6c 6f 63 6b 42 65 6e 65 66 69 74 99 01 04   |.nlockBenefit...|
00cb30  1f 63 47 83 0c 0e 48 00 0f 4a 83 0c 15 19 31 00   |.cG...H..J....1.|
00cb40  07 46 01 03 3c 00 0f 98 52 08 0f b0 01 0b 1f 1b   |.F..<...R.......|
00cb50  b0 01 06 1d 17 b0 01 41 43 61 69 4b c6 84 0f b4   |.......ACaiK....|
00cb60  01 3e 1f 5b b4 01 1d 1f 5b b4 01 ff 16 22 5a 68   |.>.[....[...."Zh|
00cb70  72 14 0f b4 01 13 1f 18 b4 01 18 1f 5a b4 01 1d   |r...........Z...|
00cb80  1f 5a b4 01 e9 1f 1a b4 01 06 1e 16 68 03 02 64   |.Z..........h..d|
00cb90  bb 0f b3 01 13 1f 11 b3 01 18 1f 5d b3 01 1d 1f   |...........]....|
00cba0  5d b3 01 e9 1f 18 b3 01 06 1d 14 b3 01 3f 50 61   |]............?Pa|
00cbb0  6f cc 06 15 1f 14 b1 01 18 1f 4e b1 01 1d 1f 4e   |o.........N....N|
00cbc0  18 05 ff 16 40 52 6f 6e 67 70 11 0f b4 01 13 1f   |....@Rongp......|
00cbd0  16 b4 01 18 1f 58 b4 01 1d 1f 58 65 03 ff 16 5f   |.....X....Xe..._|
00cbe0  52 6f 75 50 69 7d 08 3f 1f 52 b1 01 1d 1f 52 c9   |RouPi}.?.R....R.|
00cbf0  06 ff 16 2f 46 61 7c 08 18 1f 12 b3 01 18 1f 53   |.../Fa|........S|
00cc00  b3 01 1d 1f 53 b3 01 e9 1f 19 b3 01 06 1e 15 30   |....S..........0|
00cc10  0a 00 78 b1 1f 6f b2 01 13 1f 1a b2 01 18 1f 4c   |..x..o.........L|
00cc20  b2 01 1d 1f 4c b2 01 e9 0f 46 0f 19 3f 51 69 4a   |....L....F..?QiJ|
00cc30  46 0f 40 1f 60 b0 01 1d 1f 60 b0 01 ff 16 00 36   |F.@.`....`.....6|
00cc40  6a 0f b0 01 13 1f 13 b0 01 18 1f 61 b0 01 1d 1f   |j..........a....|
00cc50  61 c5 06 ff 16 4f 4a 69 61 5a 8e 0d 16 1f 1a 29   |a....OJiaZ.....)|
00cc60  0a fe 0f b3 01 61 21 4c 69 ea 6e 0f dc 0b 3f 0f   |.....a!Li.n...?.|
00cc70  16 05 fe 0f b3 01 36 21 50 65 b9 ce 0f b3 01 3f   |......6!Pe.....?|
00cc80  0f 5b 14 ff 1c 1f 16 b3 01 06 1d 12 b3 01 1f 44   |.[.............D|
00cc90  28 0a 15 1f 79 af 01 18 1f 79 af 01 1d 1f 79 af   |(...y....y....y.|
00cca0  01 17 4f d8 ce ab 43 af 01 15 1f df a5 6e 08 1f   |..O...C......n..|
00ccb0  04 af 01 19 2f 7c 01 af 01 21 0f 58 01 12 13 1e   |..../|...!.X....|
00ccc0  01 23 02 57 00 0f 6c a1 10 09 67 9d 0f 5f 00 0e   |.#.W..l...g.._..|
00ccd0  1f 3c 5f 00 4b 1f 5a 5f 00 4b 1f 78 5f 00 26 0f   |.<_.K.Z_.K.x_.&.|
00cce0  2b 03 14 1f 1c 2b 03 06 1d 18 2b 03 11 53 f8 9c   |+....+....+..S..|
00ccf0  0f 31 03 16 1f 7c 31 03 18 1f 7c 31 03 1d 1f 7c   |.1...|1...|1...||
00cd00  e0 04 18 3f fe 2e 41 31 03 ff ff 39 0f 5c 06 19   |...?..A1...9.\..|
00cd10  1f 4d 2b 03 15 1f 5d 2b 03 74 3f ec e2 9b 5c 06   |.M+...]+.t?...\.|
00cd20  16 1f 80 01 75 0c 0f 2b 03 16 1f 1d 2b 03 ff 40   |....u..+....+..@|
00cd30  0f f1 0f 40 3f 43 68 75 f1 0f 14 1f 64 cd 02 18   |...@?Chu....d...|
00cd40  1f 64 cd 02 1d 1f 64 f8 05 18 3f 75 ee 40 cd 02   |.d....d...?u.@..|
00cd50  ff d9 0f a8 0d 19 4f 51 75 61 6e 21 16 16 1f 33   |......OQuan!...3|
00cd60  d0 02 18 1f 78 d0 02 1d 1f 78 d0 02 17 3f e2 ed   |....x....x...?..|
00cd70  d1 9d 05 16 1f c2 28 c5 0c 0f d0 02 16 2f 5f 00   |......(....../_.|
00cd80  d0 02 80 0f df 04 40 2f 47 6f 12 24 15 1f 7d 0f   |......@/Go.$..}.|
00cd90  02 18 1f 7d 0f 02 1d 1f 7d df 04 18 3f fd 97 42   |...}....}...?..B|
00cda0  d7 0a ff ff 39 0f 5e 1b 19 21 44 61 4f 7f 0f 0d   |....9.^..!DaO...|
00cdb0  08 9a 3f a8 f4 60 da 0a ff da 0f cf 02 1a 4f 75   |..?..`........Ou|
00cdc0  6e 50 61 dc 0a 9c 3f 4c 3a a3 a9 0d ff ff 07 00   |nPa...?L:.......|
00cdd0  4b 87 0f a1 13 9b 3f 80 cf be a1 13 ff ff 1c 11   |K.....?.........|
00cde0  10 b8 8c 23 75 72 6c 00 01 88 02 0f 4a 39 08 11   |...#url.....J9..|
00cdf0  0b 49 88 4f 6f 64 4e 47 54 02 04 1f 28 af d1 05   |.I.OodNGT...(...|
00ce00  01 48 66 f5 15 fc 01 00 2f 98 02 00 29 99 02 00   |.Hf...../...)...|
00ce10  87 9a 02 00 2d 6b 06 00 6d ae 0a 00 9c 36 0c 00   |....-k..m....6..|
00ce20  54 a1 07 00 4f 98 02 00 11 62 00 6f 42 61 63 6b   |T...O....b.oBack|
00ce30  75 70 68 00 04 2f 07 03 bc 02 07 00 95 3a 0e 47   |uph../.......:.G|
00ce40  00 0f bb 02 03 26 ac 02 6d 1b 11 4e 43 af 52 6c   |.....&..m..NC.Rl|
00ce50  47 69 66 74 35 00 0e b4 02 12 04 74 3a 0f 88 3f   |Gift5......t:..?|
00ce60  0b 01 a2 42 0e bf 00 0f d6 d2 16 27 05 fc 27 8e   |...B.......'..'.|
00ce70  0f 72 00 0e 1f 14 72 00 30 00 95 01 0f 72 00 17   |.r....r.0....r..|
00ce80  1f 1e 72 00 30 2f 29 99 72 00 19 1f 28 72 00 30   |..r.0/).r...(r.0|
00ce90  2f 87 9a 72 00 19 1f 32 72 00 30 1f 4f 56 01 1a   |/..r...2r.0.OV..|
00cea0  1f 3c 72 00 30 18 19 e4 00 11 0a 1c b2 0e ab 03   |.<r.0...........|
00ceb0  0f 4a 00 12 3d a0 bd 0d 44 03 0f 1d 04 0d 14 0e   |.J..=...D.......|
00cec0  71 00 00 29 00 0f 94 3d 0d 05 a7 00 09 98 04 04   |q..)...=........|
00ced0  bc 8b 02 be 45 01 4f 8a 2f 33 44 8e 46 25 44 61   |....E.O./3D.F%Da|
00cee0  34 83 3f 04 00 10 0c 2e 23 02 c0 8c 0f 48 89 05   |4.?.....#....H..|
00cef0  26 db 41 0b 04 02 80 00 08 31 00 0e a1 ea 05 27   |&.A......1.....'|
00cf00  00 05 97 46 0f d3 8d 03 1f 02 d3 8d 0a 06 76 b5   |...F..........v.|
00cf10  20 42 65 0e b9 0e 49 00 19 09 49 00 04 3a 07 04   | Be...I...I..:..|
00cf20  3a b8 0f af 0b 0b 03 26 00 06 f6 3c a0 43 48 41   |:......&...<.CHA|
00cf30  52 41 43 54 45 52 5f 25 b2 67 42 49 45 5f 4e 56   |RACTER_%.gBIE_NV|
00cf40  e2 c4 0f 1d 46 10 0f 30 3e 15 0f 1f b6 3d 04 f5   |....F..0>....=..|
00cf50  b5 24 44 69 85 bb 09 f7 00 1c 13 f5 b5 02 28 00   |.$Di..........(.|
00cf60  01 e9 01 01 47 00 9f 44 49 57 45 49 5f 4c 4f 57   |....G..DIWEI_LOW|
00cf70  3f b6 3c 14 0d 4e 48 3e 48 61 6f 0a 02 09 c1 01   |?.<..NH>Hao.....|
00cf80  14 00 c1 01 0f 47 07 4f 0f fd 03 2e 0f 69 3a ff   |.....G.O.....i:.|
00cf90  ff ff fe 0f b5 38 fe 0f 1c 3c ff fe 0f 53 35 ff   |.....8...<...S5.|
00cfa0  ff fe 0f ce 3d ff fe 0f 1a 3c fe 0f 7f 3f ff ff   |....=....<...?..|
00cfb0  88 0f 69 3a fe 0f 06 37 ff ff ff f5 0f cf 3d ff   |..i:...7......=.|
00cfc0  ff ff 53 0f 0d 34 ff ff bb 0f 35 3d ff ff fe 0f   |..S..4....5=....|
00cfd0  5e 2c ff ff ff 07 0f 28 35 ff fe 0f 30 43 ff ff   |^,.....(5...0C..|
00cfe0  ff fe 0f 97 3d ff fe 0f 6b 3a ff fe 0f 45 45 ff   |....=...k:...EE.|
00cff0  fe 0f 69 3a ff ff ff ff 90 0f 5e ea 1d 00 5f 00   |..i:......^..._.|
00d000  0f 5a ec 16 0f 6a c2 ff ff 33 0f 07 ec ff ff 3b   |.Z...j...3.....;|
00d010  16 0f c0 f0 04 5e c1 1e 0f 5f 00 2f 32 07 34 f2   |.....^..._./2.4.|
00d020  47 11 10 2b 00 04 1d 01 0f b2 05 10 0f 65 f2 d7   |G..+.........e..|
00d030  2f 8a 01 65 f2 78 0f 26 f7 0d 18 0e fc 01 33 48   |/..e.x.&......3H|
00d040  61 69 58 00 15 0e 37 00 00 3c 84 0f 2f 03 0f 05   |aiX...7..<../...|
00d050  11 3e 05 35 00 0f 77 01 0b 22 80 3f b2 cc 0f 8e   |.>.5..w..".?....|
00d060  f8 0e 00 be e7 11 0d 35 ca 6f 65 63 75 6c 61 72   |.......5.oecular|
00d070  c8 05 10 05 b2 cf 04 34 00 01 8b 7b 0f 90 00 0c   |.......4...{....|
00d080  19 3e b8 03 00 3c 75 3e 47 61 6f 3f 02 0e c8 00   |.>...<u>Gao?....|
00d090  11 09 e1 cc 2f 6e 67 6b 02 10 0f e9 f3 1a 10 0b   |..../ngk........|
00d0a0  11 02 01 1e 07 0f 86 00 11 0f 17 f4 1a 10 11 2d   |...............-|
00d0b0  00 70 6f 75 42 75 53 75 6f de 33 0f 61 00 11 04   |.pouBuSuo.3.a...|
00d0c0  82 03 3f 4d 61 74 ed 03 10 11 0e bb cc 01 10 12   |..?Mat..........|
00d0d0  01 2e 00 1f 31 2f 00 1b 1f 32 2f 00 1b 1f 33 2f   |....1/...2/...3/|
00d0e0  00 0b 01 4a 01 9f 65 61 72 64 49 6e 66 6f 31 5e   |...J..eardInfo1^|
00d0f0  03 01 17 c1 eb 13 01 2a 00 01 05 03 00 2f 00 0e   |.......*...../..|
00d100  97 3f 07 4e 00 0f b9 02 0e 1b 10 50 00 0f 31 00   |.?.N.......P..1.|
00d110  0e 05 5d 00 0f 33 06 2f 0f 26 25 06 09 0f 01 1f   |..]..3./.&%.....|
00d120  32 0f 01 ee 10 12 55 00 05 d5 08 40 50 65 72 63   |2.....U....@Perc|
00d130  c9 86 0f e5 07 19 03 43 7f 01 a5 0f 0f 86 80 0a   |.......C........|
00d140  09 29 05 00 94 09 5e 53 74 61 74 65 bc 40 18 1d   |.)....^State.@..|
00d150  7b 89 02 8b f7 06 2e 00 01 9c 0e 0c 16 00 23 3a   |{.............#:|
00d160  3a 53 cb 02 7b 40 3e 6f 6e 65 16 41 08 6d ff 16   |:S..{@>one.A.m..|
00d170  0c 44 00 02 18 41 1a 1c 11 00 00 43 36 00 4c f3   |.D...A.....C6.L.|
00d180  23 68 61 21 00 12 0a 01 d5 11 4e b2 0a 1e 00 bc   |#ha!......N.....|
00d190  0a 1f 59 03 28 0c 0a 40 00 0f fb 27 08 0f d2 f3   |..Y.(..@...'....|
00d1a0  19 0e e2 d4 0f 59 fc 1d 0f e2 d4 10 2f 00 00 e2   |.....Y....../...|
00d1b0  d4 25 10 20 85 08 00 0b 07 0f be 85 1a 0f b3 00   |.%. ............|
00d1c0  0d 0f 56 00 11 0f c7 00 08 0f c3 85 0b 1e 1e 5d   |..V............]|
00d1d0  00 0f 67 83 15 0e 3f 00 0f b6 89 13 1f 5f f0 00   |..g...?......_..|
00d1e0  0c 0f 54 00 0f 0f ee 00 26 14 19 5b 00 0f 1b 84   |..T.....&..[....|
00d1f0  1a 04 ad 00 01 3a 00 02 72 10 0f 4c 2b 10 14 16   |.....:..r..L+...|
00d200  32 00 0f 7c 4a 10 1f 60 13 01 0c 0f 4c 00 07 0f   |2..|J..`....L...|
00d210  0b 01 08 0f 81 4a 14 15 1b 14 01 00 dd 43 6f 52   |.....J.......CoR|
00d220  65 6d 6f 76 65 ad 00 0a 1f 6b ad 00 0c 0f 51 00   |emove....k....Q.|
00d230  0c 0f b2 00 08 1a 18 b2 00 08 3b 00 0e b8 00 0f   |..........;.....|
00d240  3e 84 12 1f 56 ac 00 0c 0f 3e 84 13 0f 73 00 08   |>...V....>...s..|
00d250  0f 75 f8 02 01 b3 d9 04 c2 45 0f 05 8e 01 1a 01   |.u.......E......|
00d260  58 02 cf 61 63 65 43 6f 70 79 4d 61 6e 55 49 21   |X..aceCopyManUI!|
00d270  d6 24 0e ee 06 07 ef d2 10 43 85 0c 16 69 42 06   |.$.......C...iB.|
00d280  0f 63 00 01 26 ea 43 83 06 02 e4 02 07 30 00 0e   |.c..&.C......0..|
00d290  38 0e 05 26 00 0f b2 00 26 f1 02 f8 2e c9 f1 da   |8..&....&.......|
00d2a0  4b da 3d 39 0e f2 82 d7 40 55 df 0c 38 4e 01 aa   |K.=9....@U..8N..|
00d2b0  00 0f b1 fe 0d 06 5e 48 0f 22 92 06 15 62 11 04   |......^H."...b..|
00d2c0  1f 5d d7 95 0f 41 4e 50 43 2f 7d d2 18 2f 39 8f   |.]...ANPC/}../9.|
00d2d0  02 63 d3 00 05 11 3f 5f 46 2e 19 00 05 3f 5f 43   |.c....?_F....?_C|
00d2e0  00 09 4a 10 2f 83 42 09 4a 3a 1d 14 09 4a 07 9a   |..J./.B.J:...J..|
00d2f0  d7 0f ff 49 18 1f 12 ff 49 96 00 e9 00 0f af 49   |...I....I......I|
00d300  37 0f 2d 49 0e 1e 1c cc 48 06 09 50 ff 08 43 87   |7.-I....H..P..C.|
00d310  01 00 39 87 01 00 2f 87 01 00 25 87 01 00 1b 87   |..9.../...%.....|
00d320  01 00 11 87 01 e0 48 11 2f 01 38 e0 48 2f 2f ac   |......H./.8.H//.|
00d330  37 e0 48 8c 1f 2f 50 1a 18 1f 3c 50 1a 1d 1f 32   |7.H../P...<P...2|
00d340  d1 32 19 1f bd fb 21 e7 0e a0 96 0f 3f 49 69 1f   |.2....!.....?Ii.|
00d350  3c 13 02 76 1f 80 30 1f 16 2f 21 01 f1 d7 0b 0f   |<..v..0../!.....|
00d360  13 02 16 1f be 13 02 81 0f 63 1c 3f 0e 72 02 0f   |.........c.?.r..|
00d370  fd 49 68 1f 30 71 02 76 2f 94 42 84 04 fe 0f 5c   |.Ih.0q.v/.B....\|
00d380  4a 63 0f 13 02 76 2f 40 96 97 06 fe 0f bb 4a 63   |Jc...v/@......Jc|
00d390  0f 96 06 77 1f 08 25 04 e7 09 04 a0 0f 1a 4b 6c   |...w..%.......Kl|
00d3a0  1f 1c 11 02 76 2f a0 42 1a 4b fe 0f c2 03 8b 2f   |....v/.B.K...../|
00d3b0  90 41 58 0a e6 1f 01 58 0a 4b 0e 21 04 0f d8 4b   |.AX....X.K.!...K|
00d3c0  66 1f 31 6f 02 76 2f 64 43 31 06 fe 0f 37 4c 63   |f.1o.v/dC1...7Lc|
00d3d0  0f ed 10 77 1f 92 13 02 fe 0f 96 4c 60 1f 23 0f   |...w.......L`.#.|
00d3e0  02 76 1f 35 0f 02 fe 0f f5 4c 63 0f a3 08 77 1f   |.v.5.....Lc...w.|
00d3f0  00 fb 12 ba 0f 44 08 27 0f 71 02 9f 0f b3 4d 1a   |.....D.'.q....M.|
00d400  1f 3c c5 0c a0 0f 14 0b ff 52 0f 71 4e 43 1f 3b   |.<.......R.qNC.;|
00d410  6e 02 76 1f f2 f1 06 fe 0f d0 4e 63 0f 80 04 77   |n.v.......Nc...w|
00d420  1f 50 80 04 ff 7b 0f 8e 4f 42 1f 5a 31 62 49 0f   |.P...{..OB.Z1bI.|
00d430  6d 02 19 3f c4 90 41 8e 4f ff ff 2f 0f cc 02 75   |m..?..A.O../...u|
00d440  4f 80 fb 3f 42 8d 7b ff ff 32 0f cf 02 75 4f 40   |O..?B.{..2...uO@|
00d450  5e 91 42 2f 4f ff ff 30 0f 68 08 76 2f 66 41 f1   |^.B/O..0.h.v/fA.|
00d460  43 ff da 0f d0 4e 48 0f 6e 08 76 3f cb 07 41 08   |C....NH.n.v?..A.|
00d470  8c ff ff 33 0f d0 02 75 3f c0 2e 5b 3e 0b ff fe   |...3...u?..[>...|
00d480  0e 2f 4f 0f cf 02 97 3f 78 b4 92 2f 4f ff ff 31   |./O....?x../O..1|
00d490  0f cd 02 75 4f 30 33 d8 42 2f 4f ff ff 30 0f 0b   |...uO03.B/O..0..|
00d4a0  0e 76 2f fc 31 0b 0e ff bc 0f d0 4e 19 00 a1 45   |.v/.1......N...E|
00d4b0  0f d0 4e 16 1f dd d0 4e ac 0f b4 4d 59 0f 5a 4f   |..N....N...MY.ZO|
00d4c0  66 44 9a 99 59 3f 04 00 0f 5a 4f 6f 0e 8e 00 0f   |fD..Y?...ZOo....|
00d4d0  e0 4c 3c 0e ce 3f 0f e0 4c 11 2f 03 05 e0 4c 74   |.L<..?..L./...Lt|
00d4e0  1f 05 e0 4c 2d 0f b0 4c 15 4f 74 c8 ac 3f b0 4c   |...L-..L.Ot..?.L|
00d4f0  18 1f dd b0 4c 12 1f 35 b0 4c 69 00 6f 03 44 94   |....L..5.Li.o.D.|
00d500  fb 1d 3f 0c 00 0f 79 4c 10 0a 43 01 7f 65 74 61   |..?...yL..C..eta|
00d510  6c 6c 69 63 7d 4c 17 4f 33 33 33 3f 52 4c 0f 18   |llic}L.O333?RL..|
00d520  12 c2 41 00 18 4d 14 5f 30 00 0f 5b 4c 1d 1a 00   |..A..M._0..[L...|
00d530  03 52 0f d4 4b 13 00 6a 03 0f d4 4b 16 3f 42 d7   |.R..K..j...K.?B.|
00d540  9b a0 4b 18 1f da 13 4b 12 1f 90 04 4a 40 09 2c   |..K....K....J@.,|
00d550  00 0f 35 04 2f cd d4 44 1f 3c 2c ba f5 3b 9e 62   |..5./..D.<,..;.b|
00d560  d5 3b 6a 53 0e e2 4a 0f de 00 b5 0f b1 4a 1e 4f   |.;jS..J......J.O|
00d570  42 cc 20 3d b1 4a 1f 1f 03 96 08 02 00 f0 07 90   |B. =.J..........|
00d580  4a 69 65 53 75 6f 57 65 6e 26 4f 0f 11 4a 05 2f   |JieSuoWen&O..J./|
00d590  fc 19 39 08 07 3e 22 00 00 49 00 0f 1a 4a 06 17   |..9..>"..I...J..|
00d5a0  a2 4a 00 20 43 61 2c cd 0f d3 54 07 06 24 00 0f   |.J. Ca,...T..$..|
00d5b0  08 03 0f 22 4d 27 b0 01 01 c4 04 0f 8d 4c 10 15   |..."M'.......L..|
00d5c0  0c 5c 00 0f dd 01 2f c0 fb 80 00 3d 9a 99 19 3e   |.\..../....=...>|
00d5d0  3f 11 d9 3c 08 00 05 60 01 0f c1 00 19 2f 5d 4e   |?..<...`...../]N|
00d5e0  c1 00 ac 1f 4a c1 00 68 31 e6 0d 11 c1 00 2f 64   |....J..h1...../d|
00d5f0  75 c1 00 28 2f 3a 27 c1 00 ac 1f 69 82 01 68 31   |u..(/:'....i..h1|
00d600  d8 59 23 c1 00 3f 87 5f e2 c1 00 27 2f 59 27 c1   |.Y#..?._...'/Y'.|
00d610  00 ac 1f 74 82 01 68 31 48 32 16 c1 00 3f 27 d9   |...t..h1H2...?'.|
00d620  e0 c1 00 27 2f 64 27 c1 00 ac 1f 5e 82 01 68 32   |...'/d'....^..h2|
00d630  1a d7 31 c5 03 2f 3c df c1 00 27 2f 4e 27 c1 00   |..1../<...'/N'..|
00d640  ac 1f 9b 82 01 68 32 dc 9c 38 43 02 2f 4f da c1   |.....h2..8C./O..|
00d650  00 27 2f 8b 27 c1 00 ac 1f 7e 82 01 68 31 a8 b2   |.'/.'....~..h1..|
00d660  0c c1 00 2f 4d b6 c9 06 28 2f 6e 27 c1 00 ac 1f   |.../M...(/n'....|
00d670  7d 82 01 68 31 3b a5 2f c1 00 3f 4a 69 dd c1 00   |}..h1;./..?Ji...|
00d680  27 2f 6d 27 c1 00 ac 1f 71 82 01 68 31 33 3b 32   |'/m'....q..h13;2|
00d690  c1 00 3f 8a c9 dc c1 00 27 2f 61 27 c1 00 ac 1f   |..?.....'/a'....|
00d6a0  54 82 01 68 31 2b a2 30 c1 00 2f af 6d c9 06 28   |T..h1+.0../.m..(|
00d6b0  2f 44 27 c1 00 ac 1f 4c 82 01 68 31 09 fe 3a c1   |/D'....L..h1..:.|
00d6c0  00 2f df e5 c1 00 28 2f 3c 27 c1 00 ac 1f 53 82   |./....(/<'....S.|
00d6d0  01 68 31 2a 89 2d c1 00 2f ad 8c c5 03 28 2f 43   |.h1*.-../....(/C|
00d6e0  27 c1 00 ac 1f 72 82 01 68 31 b7 f3 04 c1 00 2f   |'....r..h1...../|
00d6f0  c1 f2 43 02 28 2f 62 27 c1 00 ac 1f 39 c1 00 68   |..C.(/b'....9..h|
00d700  31 85 d8 35 c1 00 3f 97 0b e1 c1 00 27 2f 49 4e   |1..5..?.....'/IN|
00d710  c1 00 ac 1f 94 82 01 68 31 fc 03 27 c1 00 2f 89   |.......h1..'../.|
00d720  8b c5 03 28 2f a4 4e c1 00 ac 1f 3b 82 01 68 31   |...(/.N....;..h1|
00d730  a1 66 2b c1 00 2f bf 9b 4f 0b 28 2f 4b 4e c1 00   |.f+../..O.(/KN..|
00d740  ac 1f 99 c1 00 68 31 8c ef 3e c1 00 2f 01 37 c1   |.....h1..>../.7.|
00d750  00 28 2f 89 27 c1 00 80 15 0d f8 19 02 c2 1e 1e   |.(/.'...........|
00d760  00 3b 1a 2f 25 0d 3b 1a 07 00 90 5e 0d 43 00 1e   |.;./%.;....^.C..|
00d770  0f 29 00 2f d1 0c 35 1a 43 2f d7 00 54 01 67 0c   |.)./..5.C/..T.g.|
00d780  2b 1f 0f 15 02 22 1f 73 c1 00 68 cf 02 ea 7c 3c   |+....".s..h...|<|
00d790  15 e3 c0 3b 1a cc 6c 3b c1 00 26 1f dd c1 00 68   |...;..l;..&....h|
00d7a0  cf 86 f1 84 3e b7 09 31 3e a7 b5 54 3d c1 00 26   |....>..1>..T=..&|
00d7b0  1f d3 c1 00 68 bf 7d 43 27 3c 6d 46 8f 3b 6e 88   |....h.}C'<mF.;n.|
00d7c0  20 82 01 27 1f d4 c1 00 68 cf 6b 67 ae 3b c4 af   | ..'....h.kg.;..|
00d7d0  f8 3b 6a e3 20 3c c1 00 26 1f df c1 00 68 bf 8d   |.;j. <..&....h..|
00d7e0  7e eb 3b d6 ee 30 3c 31 22 60 c1 00 27 2f 70 00   |~.;..0<1"`..'/p.|
00d7f0  e2 0b 68 af dc e6 3b ae 09 2e 3c 07 39 66 c1 00   |..h...;...<.9f..|
00d800  27 1f 6f c1 00 68 bf 65 c5 8e 3b 4f f2 cb 3b c0   |'.o..h.e..;O..;.|
00d810  09 f0 04 03 27 1f de c1 00 68 bf e9 e5 03 3c f2   |....'....h....<.|
00d820  d2 29 3c 4b bd 70 82 01 27 1f d8 c1 00 68 bf 6d   |.)<K.p..'....h.m|
00d830  fc f2 3b 2c c9 36 3c 49 a8 71 c1 00 27 1f c8 c1   |..;,.6<I.q..'...|
00d840  00 68 bf 78 9d bc 3b 05 a5 07 3c ba d4 2a c1 00   |.h.x..;...<..*..|
00d850  27 1f 7e c1 00 68 bf af 88 2b 3d b1 12 88 3c 36   |'.~..h...+=...<6|
00d860  f5 36 c1 00 27 1f d5 c1 00 68 bf c1 fc 46 3d 9b   |.6..'....h...F=.|
00d870  dd 90 3c 38 8b 32 c1 00 27 1f 7c c1 00 68 bf f2   |..<8.2..'.|..h..|
00d880  2c 7f 3b 84 c8 aa 3b b4 f2 d6 86 04 27 1f 72 c1   |,.;...;.....'.r.|
00d890  00 68 bf d7 c5 32 3b 33 07 93 3b 06 ff b0 c1 00   |.h...2;3..;.....|
00d8a0  27 1f 64 c1 00 68 bf 84 50 e1 3b a0 ba 0d 3c 45   |'.d..h..P.;...<E|
00d8b0  52 40 43 02 27 1f 71 c1 00 68 ba 0a dc 28 3b 3a   |R@C.'.q..h...(;:|
00d8c0  94 61 3b 38 a9 a4 82 01 15 0e 7a 30 21 65 64 8e   |.a;8......z0!ed.|
00d8d0  28 1e 00 65 0d 2f db 04 e0 b8 0b 0e 44 00 1e 0f   |(..e./......D...|
00d8e0  2a 00 2f 86 04 66 0d 43 2f ee 03 56 01 67 bf 1f   |*./..f.C/..V.g..|
00d8f0  26 d0 3b 37 42 15 3c bb 65 43 17 02 27 2f ec 03   |&.;7B.<.eC..'/..|
00d900  62 0a 68 af 6d b8 3b 24 a3 f4 3b 95 97 1f c1 00   |b.h.m.;$..;.....|
00d910  27 1f 65 d8 02 68 bf 07 41 cd 3b 39 2a 0b 3c c0   |'.e..h..A.;9*.<.|
00d920  1a 48 c1 00 27 2f ea 03 c1 00 ac 1f 66 82 01 68   |.H..'/......f..h|
00d930  bf 4f 04 e3 3b a3 fc 20 3c ab 88 47 c1 00 27 2f   |.O..;.. <..G..'/|
00d940  67 00 97 24 68 b9 63 e2 3b 48 e6 30 3b ac e8 eb   |g..$h.c.;H.0;...|
00d950  3a c1 00 17 10 d7 04 40 46 61 73 68 c8 80 0e 1d   |:......@Fash....|
00d960  05 2f 82 09 1d 05 07 13 19 1d 32 0c 46 00 1e 0f   |./........2.F...|
00d970  2c 00 26 2e 09 af 00 03 27 00 0f 8a 81 07 03 21   |,.&.....'......!|
00d980  00 0f 29 01 0c 31 e7 93 04 7b 31 12 62 01 13 0f   |..)..1...{1.b...|
00d990  01 bb 12 0f 5e 00 17 3f ba ad 01 5e 00 13 1f 00   |....^..?...^....|
00d9a0  5e 00 21 3f 5a 34 03 bc 00 48 3f 85 a1 07 5e 00   |^.!?Z4...H?...^.|
00d9b0  48 1f e9 5e 00 4a 2f 1e 87 78 01 49 3f be 0d 03   |H..^.J/..x.I?...|
00d9c0  5e 00 48 1f 05 bc 00 4a 2f a5 0d 34 02 49 1f ea   |^.H....J/..4.I..|
00d9d0  d6 01 4a 1f 1d 1a 01 4a 1f bd d6 01 4a 1f 10 bc   |..J....J....J...|
00d9e0  00 4a 1f b0 bc 00 4a 1f 19 bc 00 4a 1f b9 bc 00   |.J....J....J....|
00d9f0  4a 1f 1b bc 00 4a 1f bb bc 00 4a 2f b2 a2 4e 03   |J....J....J/..N.|
00da00  49 1f 1a 1a 01 4a 1f ba 1a 01 4a 3f a6 a4 07 fa   |I....J....J?....|
00da10  06 49 2f 1a 06 bc 00 48 1f 13 78 01 4a 1f b3 78   |.I/....H..x.J..x|
00da20  01 20 00 3b 36 10 57 74 61 00 41 47 00 9e 65 0e   |. .;6.Wta.AG..e.|
00da30  64 00 0d 33 c7 15 13 5d 0a 0f 34 00 13 04 e7 59   |d..3...]..4....Y|
00da40  84 50 53 47 6c 69 64 65 72 ce 00 1f 44 9b 09 0b   |.PSGlider...D...|
00da50  02 d6 36 20 63 68 a2 5f 20 6f 75 d7 36 0f 04 7a   |..6 ch._ ou.6..z|
00da60  05 35 80 7e 01 91 6b 9f 43 68 61 72 61 63 74 65   |.5.~..k.Characte|
00da70  72 ac 8b 0b 05 27 00 2f 55 69 65 7b 34 18 0f 56   |r....'./Uie{4..V|
00da80  00 0f 3d 7b 71 11 08 f5 40 11 70 93 3b 12 0c e2   |..={q...@.p.;...|
00da90  00 06 0e c2 09 b8 8c 00 49 7a 98 30 31 5f 4d 61   |........Iz.01_Ma|
00daa0  69 6e 00 13 c7 00 9f 54 72 61 6e 73 66 6f 72 6d   |in.....Transform|
00dab0  23 01 01 17 ae 13 02 06 29 00 0f 81 40 02 32 52   |#.......)...@.2R|
00dac0  6f 74 e7 8c 0f 6a 01 0c 3e 51 75 61 e4 42 01 a1   |ot...j..>Qua.B..|
00dad0  1d 01 12 2a 84 28 2c bf a2 77 3d 3f 0c 71 00 1e   |...*.(,..w=?.q..|
00dae0  6c 55 00 0f 89 3f 18 cb 32 eb 59 48 d9 17 79 48   |lU...?..2.YH..yH|
00daf0  f4 c8 00 47 d4 7d 03 ff 00 22 42 69 73 02 0e d5   |...G.}..."Bis...|
00db00  0c 26 c9 b8 3f 01 09 19 45 32 00 c5 b8 a4 0c 22   |.&..?...E2....."|
00db10  62 4b 42 73 2f 69 6e 5a c7 0a 10 0d 02 03 1f 73   |bKBs/inZ.......s|
00db20  9c 7d 13 00 d1 01 01 3d 7e 2f 44 75 26 3d 0b 21   |.}.....=~/Du&=.!|
00db30  fa 43 97 c7 31 4a 47 5a 71 3e 0f 8f 42 04 2f 9e   |.C..1JGZq>..B./.|
00db40  06 9a 5d 0b 0e 44 00 1e 0f 2a 00 26 41 06 6b 84   |..]..D...*.&A.k.|
00db50  10 4d bd 65 41 75 47 61 69 ca 83 0f 6b 84 0b 20   |.M.eAuGai...k.. |
00db60  42 43 5b 00 24 42 75 70 7c 0e 5a 85 04 5e 46 02   |BC[.$Bup|.Z..^F.|
00db70  56 00 02 2a 00 2b 00 1c 12 00 22 3a 3a 0d 00 10   |V..*.+...."::...|
00db80  5f 07 00 25 42 75 b4 00 4f 4e 6f 64 65 84 03 06   |_..%Bu..ONode...|
00db90  15 59 9b 02 1f 54 84 03 0f 55 4d 61 73 6b 2f d4   |.Y...T...UMask/.|
00dba0  00 00 89 03 00 60 00 13 5f 77 00 3d 31 31 2e 12   |.....`.._w.=11..|
00dbb0  00 43 5f 43 00 0f 87 00 02 44 3f 0f 80 01 04 2f   |.C_C.....D?..../|
00dbc0  9b 02 80 01 0b 0e 45 00 0f 2b 00 01 26 3a 02 ec   |......E..+..&:..|
00dbd0  ae 0b 81 01 01 2d 10 0e 73 40 05 8c 80 6f 53 65   |.....-..s@...oSe|
00dbe0  6c 65 63 74 53 10 11 13 04 b6 01 07 cb 40 0f 8c   |lectS........@..|
00dbf0  00 01 17 96 e1 01 08 2b 00 0f f1 40 48 00 83 40   |.......+...@H..@|
00dc00  6f b3 3e cd cc cc 3d a1 8d 11 18 0c 81 00 01 54   |o.>...=........T|
00dc10  00 2e 30 32 99 3d 0f 1d 01 1c 1f 03 1d 01 84 40   |..02.=.........@|
00dc20  cd cc 4c 3e 32 41 00 33 24 0f 1d 01 24 2e 31 00   |..L>2A.3$...$.1.|
00dc30  1d 01 11 08 08 01 01 88 83 0f ad 04 0d 2e 4d 4a   |..............MJ|
00dc40  a4 80 0d 1d 44 11 06 29 00 0f f6 85 10 09 77 3f   |....D..)......w?|
00dc50  0f 40 04 0a 1f 23 40 04 06 1f 1f 40 04 05 23 53   |.@...#@....@..#S|
00dc60  68 35 03 0f 43 04 13 15 51 43 04 15 4c 43 04 00   |h5..C...QC..LC..|
00dc70  35 04 13 70 35 04 01 55 00 0e 37 04 06 67 00 4e   |5..p5..U..7..g.N|
00dc80  5f 39 2e 42 14 00 0e 3b 04 0f d8 88 23 0f 3b 04   |_9.B...;....#.;.|
00dc90  13 2f 00 00 3b 04 22 0f 01 02 6f 1b 0d a4 46 0f   |./..;."...o...F.|
00dca0  d0 46 ff ff ff ff ff 3a 0f 27 4f 1d 1e 15 60 90   |.F.....:.'O...`.|
00dcb0  02 08 01 0e b2 06 1f b4 c3 46 08 4f 24 00 00 00   |.........F.O$...|
00dcc0  4b 00 06 1e 0f 31 00 2f 50 19 df 90 1f 12 0e 34   |K....1./P......4|
00dcd0  91 07 59 00 0f ac 01 06 13 c7 82 01 01 3a 07 6f   |..Y..........:.o|
00dce0  61 6e 44 75 4c 76 6d 1b 0b 10 07 ef 0d 0f 10 07   |anDuLvm.........|
00dcf0  0c 02 60 06 3f 62 43 61 39 07 0f 09 7b 20 0f b4   |..`.?bCa9...{ ..|
00dd00  00 14 2f 2b 01 b4 00 40 1f 01 b4 00 4b 2f 8f 01   |../+...@....K/..|
00dd10  68 01 9f 1f f3 68 01 a0 2f 57 02 b4 00 9f 2f bb   |h....h../W..../.|
00dd20  02 1c 02 9f 2f 1f 03 b4 00 9f 2f 83 03 1c 02 9f   |..../...../.....|
00dd30  1f e7 68 01 a0 1f 66 54 06 19 00 af 57 0f b4 00   |..h...fT....W...|
00dd40  70 1f 67 b4 00 19 1f 3c b4 00 73 1f 69 b4 00 19   |p.g....<..s.i...|
00dd50  00 59 58 0f d0 02 70 2f 2d 01 1c 02 9f 2f bf 02   |.YX...p/-..../..|
00dd60  b4 00 9f 2f c0 02 d0 02 9f 2f 30 01 b4 00 9f 2f   |.../...../0..../|
00dd70  be 02 84 03 9f 1f 91 84 03 a0 1f 92 1c 02 a0 2f   |.............../|
00dd80  94 01 1c 02 40 0f b4 00 4c 2f 2e 01 d0 02 9f 1f   |....@...L/......|
00dd90  f9 d0 02 a0 1f c9 24 09 a0 1f cb 24 09 a0 1f 2a   |......$....$...*|
00dda0  84 03 a0 1f f5 ec 04 a0 1f fa 68 01 a0 2f 24 03   |..........h../$.|
00ddb0  84 03 9f 2f 21 03 1c 02 9f 2f 23 03 1c 02 9f 1f   |.../!..../#.....|
00ddc0  59 f4 0b a0 1f 5c f4 0b a0 1f 5b 40 0b a0 1f 86   |Y....\....[@....|
00ddd0  38 04 a0 1f 87 38 04 a0 2f 88 03 1c 02 74 00 ab   |8....8../....t..|
00dde0  1a 0f ce 29 1a 10 15 d4 1a b0 61 73 74 4d 61 6f   |...)......astMao|
00ddf0  43 65 50 61 69 16 6c 32 54 69 6d 21 1e 6d 44 6f   |CePai.l2Tim!.mDo|
00de00  75 62 6c 65 f0 ea a2 00 f0 8d 0a 8b 77 fc 3d 41   |uble........w.=A|
00de10  0b ea 19 5f 52 65 6e 47 75 b0 29 25 f0 01 73 a9   |..._RenGu.)%..s.|
00de20  43 c8 30 4a 2d aa 29 d5 cf a5 28 b0 cd a4 ae 00   |C.0J-.)...(.....|
00de30  00 a6 7a 3f 48 75 69 55 00 27 f2 02 f3 8f 17 ae   |..z?HuiU.'......|
00de40  c5 46 45 fe d2 3c 15 be 22 df 66 fa 08 3a 24 1f   |.FE..<..".f..:$.|
00de50  66 56 2a 36 01 ac 2a 50 75 73 74 6f 6d f0 1e 2f   |fV*6..*Pustom../|
00de60  5a 69 b2 a4 1c 10 10 bb 22 42 77 6e 65 72 1c 2a   |Zi......"Bwner.*|
00de70  0f 0c 2a 02 15 0b 6b 37 06 38 00 07 1d 01 0f 34   |..*...k7.8.....4|
00de80  00 02 18 0f d5 1c af 53 70 61 63 65 45 6c 76 65   |.......SpaceElve|
00de90  73 0c 6b ff ff 34 10 11 7f 01 b1 42 69 6e 64 42   |s.k..4.....BindB|
00dea0  47 43 6f 6d 70 41 3b 00 1e 0f 84 25 15 aa 97 04   |GCompA;....%....|
00deb0  00 02 02 06 4f 2d 53 4d 61 70 73 2f d4 2c 18 2f   |....O-SMaps/.,./|
00dec0  dc 2c 18 2e 0d 00 b1 3a 50 65 72 73 69 73 74 65   |.,.....:Persiste|
00ded0  6e 74 17 00 00 8f 25 0b 75 00 ff 00 5f 43 5f 32   |nt....%.u..._C_2|
00dee0  31 34 37 32 32 36 38 30 36 00 40 e9 25 01 02 57   |147226806.@.%..W|
00def0  03 1e 2f 3c 00 0f 4f 00 02 03 08 24 00 a1 a8 02   |../<..O....$....|
00df00  70 25 0f be 24 06 26 14 41 be 24 08 31 00 21 48   |p%..$.&.A.$.1.!H|
00df10  75 c5 6b 0e 4a 01 01 29 00 30 58 4d 4a b6 26 7f   |u.k.J..).0XMJ.&.|
00df20  58 69 61 6f 47 75 6f 7a 03 04 2f 72 00 77 2a 0b   |XiaoGuoz../r.w*.|
00df30  0f 4a 00 05 0e 30 00 05 08 23 15 14 41 26 03 31   |.J...0...#..A&.1|
00df40  00 20 50 65 9b 22 0e d3 9a 0e 4e 28 11 1d 6e 00   |. Pe."....N(..n.|
00df50  f0 03 41 6c 72 65 61 64 79 4c 65 61 72 6e 65 64   |..AlreadyLearned|
00df60  4d 4a 58 46 7e 00 0f c1 00 04 2f 04 40 c1 00 07   |MJXF~...../.@...|
00df70  00 95 ac 0f 53 00 0e 1e 0f 39 00 26 9c 3f e5 db   |....S....9.&.?..|
00df80  04 ca 00 2f 75 46 2d 26 07 00 ce 06 00 54 00 03   |.../uF-&.....T..|
00df90  21 00 0f 2c 28 0a 15 5b 40 03 1f 56 6f 2c 14 01   |!..,(..[@..Vo,..|
00dfa0  7c 00 00 34 28 00 0e 00 11 5f 0e 00 8f 30 32 5f   ||..4(...._...02_|
00dfb0  30 36 30 36 2e 15 00 01 21 5f 43 87 05 00 85 00   |0606....!_C.....|
00dfc0  20 44 65 0a 21 0f 5e 8a 14 0f c5 00 64 2f 30 2e   | De.!.^.....d/0.|
00dfd0  15 00 01 0f c5 00 9c 02 f8 2d 0c 15 00 0f c5 00   |.........-......|
00dfe0  9c 2f 32 2e 15 00 01 0f c5 00 9c 2f 33 2e 15 00   |./2......../3...|
00dff0  01 0f c5 00 9c 2f 34 2e 15 00 01 0f c5 00 9c 2f   |...../4......../|
00e000  35 2e 15 00 01 0f c5 00 9c 2f 37 2e 15 00 01 0f   |5......../7.....|
00e010  c5 00 18 1f 02 c5 00 25 0f 54 2e 13 02 96 00 1b   |.......%.T......|
00e020  31 bb 00 4d 31 5f 31 30 59 05 02 15 00 0f 80 01   |1..M1_10Y.......|
00e030  51 0f bb 00 2d 03 47 33 0c 15 00 0f bb 00 92 1f   |Q...-.G3........|
00e040  35 bb 00 01 0f f6 02 19 1f 03 bb 00 66 0c 76 04   |5...........f.v.|
00e050  02 15 00 0f 76 01 92 0c bb 06 02 15 00 0f 76 01   |....v.........v.|
00e060  92 1f 37 bb 00 01 0f 62 04 19 1f 05 bb 00 66 0c   |..7....b......f.|
00e070  80 0a 02 15 00 0f 1d 05 92 0e 62 04 00 15 00 0f   |..........b.....|
00e080  31 02 7d 1b 33 bb 00 1f 33 d8 05 01 1f 33 d8 05   |1.}.3...3....3..|
00e090  82 0e bb 00 2d 34 30 d8 08 02 15 00 0f ec 02 7d   |....-40........}|
00e0a0  0e bb 00 1e 32 31 02 02 15 00 0f bb 00 92 0e 31   |....21.........1|
00e0b0  02 00 15 00 0f bb 00 92 0c d8 05 02 15 00 0f bb   |................|
00e0c0  00 8f 1f 34 76 01 01 1f 34 76 01 95 0c 44 0d 02   |...4v...4v...D..|
00e0d0  15 00 0f 76 01 92 0e a7 03 00 15 00 0f 4e 07 92   |...v.........N..|
00e0e0  02 03 3a 0c 15 00 0f 7f 09 92 2f 38 2e 15 00 01   |..:......./8....|
00e0f0  0f bb 00 91 1f 32 f5 0a 01 1f 32 f5 0a 92 0d 4e   |.....2....2....N|
00e100  07 02 15 00 0f f5 0a 91 1e 32 9c 0e 00 15 00 0f   |.........2......|
00e110  76 01 92 0e a7 03 00 15 00 0f 76 01 91 0d cd 10   |v.........v.....|
00e120  02 15 00 0f 31 02 92 0e e1 0d 00 15 00 0f 31 02   |....1.........1.|
00e130  92 0c 4e 07 02 15 00 0f 31 02 92 1f 32 bb 00 01   |..N.....1...2...|
00e140  0f 57 0f 92 0d 7e 14 02 15 00 0f bb 00 92 0e 57   |.W...~.........W|
00e150  0f 00 15 00 0f bb 00 92 0e 09 08 00 15 00 0f 62   |...............b|
00e160  04 92 1f 33 62 04 01 0f a7 03 19 1f 09 f5 0a 63   |...3b..........c|
00e170  1e 33 ec 02 02 15 00 0f b0 0b 8f 1e 33 26 0d 02   |.3..........3&..|
00e180  15 00 0f 6b 0c 92 1e 35 6b 0c 0f 76 01 95 1e 31   |...k...5k..v...1|
00e190  76 01 0f cd 10 92 1e 33 1d 05 02 15 00 0f bb 00   |v......3........|
00e1a0  92 1f 37 bb 00 01 0f ea 15 92 1e 32 93 06 00 15   |..7........2....|
00e1b0  00 0f 7f 09 7d 1e 32 c2 1b 0e ec 02 02 15 00 0f   |....}.2.........|
00e1c0  bb 00 90 1f 32 1b 21 01 1f 32 ea 15 53 15 55 bb   |....2.!..2..S.U.|
00e1d0  00 1f 50 31 02 23 2e 39 5f 62 17 02 17 00 0f 1f   |..P1.#.9_b......|
00e1e0  18 7d 0f 7a 01 02 1f 31 7a 01 01 0f 35 02 93 0e   |.}.z...1z...5...|
00e1f0  01 21 00 15 00 0f bb 00 92 0e 81 22 00 15 00 0f   |.!........."....|
00e200  bb 00 92 0e b2 21 00 15 00 0f 02 13 92 1f 39 a9   |.....!........9.|
00e210  03 03 0f 66 04 91 1f 32 66 04 03 1f 32 66 04 94   |...f...2f...2f..|
00e220  0e 22 23 00 15 00 0f f0 02 92 1f 36 bb 00 01 0f   |."#........6....|
00e230  11 08 91 1e 33 56 07 01 15 00 0f bb 00 92 0e dc   |....3V..........|
00e240  05 00 15 00 0f bb 00 92 0e dc 05 00 15 00 0f bb   |................|
00e250  00 92 1f 31 bb 00 01 0f 8e 24 92 1f 33 68 17 01   |...1.....$..3h..|
00e260  1f 33 5d 2b 9b 1e 38 6c 04 01 15 00 0f c5 00 9c   |.3]+..8l........|
00e270  1f 30 c5 00 01 0f 8a 01 9d 1f 31 c5 00 01 0f 17   |.0........1.....|
00e280  0b 90 1f 31 b1 06 01 1f 31 b1 06 93 1f 31 3b 02   |...1....1....1;.|
00e290  01 1f 31 b1 06 94 0e 17 0b 00 15 00 0f bb 00 92   |..1.............|
00e2a0  0e 9d 09 00 15 00 0f bb 00 92 0e 31 05 00 15 00   |...........1....|
00e2b0  0f a7 03 92 0e ec 02 00 15 00 0f bb 00 92 1e 32   |...............2|
00e2c0  bb 00 0f be 0e 92 1e 31 34 10 02 15 00 0f be 0e   |.......14.......|
00e2d0  92 0f 01 0e 02 0f 7a 33 9b 1e 37 b1 03 01 15 00   |......z3..7.....|
00e2e0  0f c5 00 9c 0e a7 06 00 15 00 0f c5 00 9c 1f 31   |...............1|
00e2f0  c5 00 01 0f 4f 02 9d 0e 27 0e 00 15 00 0f c5 00   |....O...'.......|
00e300  9c 0e 31 0e 00 15 00 0f c5 00 9c 0e 00 09 00 15   |..1.............|
00e310  00 0f c5 00 9c 0e 0a 09 00 15 00 0f 21 14 92 2f   |............!../|
00e320  31 5f 20 06 04 0f 21 14 90 1e 31 87 18 02 15 00   |1_ ...!...1.....|
00e330  0f 53 08 92 0e fa 02 00 15 00 0f bb 00 92 0e f0   |.S..............|
00e340  02 00 15 00 0f bb 00 92 1f 37 bb 00 01 0f af 38   |.........7.....8|
00e350  52 0f 70 04 38 1f 37 70 04 01 0f c5 00 26 05 09   |R.p.8.7p.....&..|
00e360  00 00 97 40 01 2b ec 10 5a 7b f1 00 88 41 20 6f   |...@.+..Z{...A o|
00e370  6e 0f 61 1e 0f cd 00 24 ba 4a 8f 24 1f 77 48 42   |n.a....$.J.$.wHB|
00e380  30 0f 92 6f 04 05 4e 42 3f 31 30 2e 98 00 01 10   |0..o..NB?10.....|
00e390  20 7b 00 bf 53 63 72 69 70 74 2f 57 53 2e 48 24   | {..Script/WS.H$|
00e3a0  00 01 00 2d 67 0f f9 e9 10 00 0d 00 0f bd c3 0d   |...-g...........|
00e3b0  30 d7 25 44 49 61 0f 5f f0 18 1f bb b2 6c 08 13   |0.%DIa._.....l..|
00e3c0  05 bb b2 0f 5a f0 19 2f 61 02 5a f0 11 04 1e 00   |....Z../a.Z.....|
00e3d0  0f 86 f3 03 17 15 77 49 15 45 27 00 28 00 11 0f   |......wI.E'.(...|
00e3e0  00 40 3a 3a 4e 61 27 65 00 a4 00 0f 90 f0 0b 1c   |.@::Na'e........|
00e3f0  0c 78 dd 0e 79 00 0c a9 c8 0b 79 00 1a 12 79 00   |.x..y.....y...y.|
00e400  6f 4d 69 6e 4a 69 65 7a 00 10 1f 0b 7a 00 3d 20   |oMinJiez....z.= |
00e410  5a 68 a2 73 0f 7a 00 10 1f 0f 7a 00 17 1f 17 7a   |Zh.s.z....z....z|
00e420  00 03 1a 13 7a 00 30 4c 69 4c 18 74 0f 7b 00 10   |....z.0LiL.t.{..|
00e430  1e 07 7b 00 0f e8 01 2b 01 13 67 0f 79 00 10 09   |..{....+..g.y...|
00e440  42 f6 00 c3 da 0f 57 f4 1a 1f bd 08 03 0c 0e 51   |B.....W........Q|
00e450  00 0f 0a 03 77 0f 22 01 15 1f 5b 0a 03 66 1e 54   |....w."...[..f.T|
00e460  15 02 0f fd 03 53 1f 2b 09 03 67 1f 12 fe 03 66   |.....S.+..g....f|
00e470  09 c5 2a 00 32 07 0f c0 f5 1a 14 31 f6 05 60 72   |..*.2......1..`r|
00e480  63 68 69 76 65 36 00 51 69 62 75 74 65 fb 6a 33   |chive6.Qibute.j3|
00e490  4d 61 70 af f0 15 70 3a 00 18 91 9b 6f 08 d7 00   |Map...p:....o...|
00e4a0  0e aa 06 09 3e 6d 07 db 00 ca 48 65 61 6c 74 68   |....>m....Health|
00e4b0  00 96 a5 6f 45 10 1a 00 9b 46 6f 6f 64 00 a8 63   |...oE....Food..c|
00e4c0  a9 42 01 02 ba 57 61 74 65 72 00 dd 95 db 42 1a   |.B...Water....B.|
00e4d0  19 00 60 43 75 72 4d 61 78 3f 68 00 5f 78 00 01   |..`CurMax?h._x..|
00e4e0  a6 2a 42 14 22 00 09 1c 00 0f 4f f1 15 0f 40 f5   |.*B.".....O...@.|
00e4f0  12 2f 45 05 45 04 07 1f 0a 40 f5 16 2f ef 04 40   |./E.E....@../..@|
00e500  f5 17 0f 58 02 0b 1f 19 58 02 03 1b 15 c6 03 23   |...X....X......#|
00e510  61 78 80 01 00 bf 00 05 db 00 0e 64 08 03 83 72   |ax.........d...r|
00e520  2f 8c 3f d7 02 3a 6f 41 74 74 61 63 6b 7c 00 3d   |/.?..:oAttack|.=|
00e530  0f ce 03 13 7f 44 65 66 65 6e 73 65 7d 00 3d 1f   |.....Defense}.=.|
00e540  18 7d 00 03 1d 14 78 01 02 c6 02 0f 7e 00 3c 1f   |.}....x.....~.<.|
00e550  1a 7e 00 03 1d 16 7e 00 21 46 75 14 ec 0f 7b 01   |.~....~.!Fu...{.|
00e560  63 00 80 00 00 dc 03 0f 7d 00 65 14 54 41 06 0f   |c.......}.e.TA..|
00e570  7d 00 61 3f 48 75 58 7d 00 3e 1f 1b 7d 00 03 1e   |}.a?HuX}.>..}...|
00e580  17 fa 00 7f 65 6e 61 63 69 74 79 81 00 66 05 81   |....enacity..f..|
00e590  05 0f 81 00 1e 10 12 d5 54 62 42 61 69 42 61 6e   |........TbBaiBan|
00e5a0  16 05 01 20 c0 0f 8c 7b 0c 0f 66 f6 ff ff ff ff   |... ...{..f.....|
00e5b0  fe 0f 54 f4 ff fe 0f 79 f8 ff fe 0f a2 f2 ff ff   |..T....y........|
00e5c0  85 0f 92 f0 ff fe 0f b5 f4 ff ff 02 0f f8 fc ff   |................|
00e5d0  ff ff b4 0f 66 f6 ff fd 0f 84 f1 ff ff ff ff 71   |....f..........q|
00e5e0  0f e6 fa ff ff ff ff d2 0f 9a f3 ff ff bc 0f fe   |................|
00e5f0  ed ff ff c1 0f 04 fc ff fe 0f 2b eb ff ff fe 0f   |..........+.....|
00e600  97 f3 ff ff fe 0f 06 fc ff fe 0f 64 f6 ff ff ff   |...........d....|
00e610  b7 0f cf 02 1a 4f 75 6e 50 61 3b 0b 9c 3f 40 5e   |.....OunPa;..?@^|
00e620  91 66 f6 ff ff ff ff 8c 11 10 46 8d 23 75 72 6c   |.f........F.#url|
00e630  00 0f 6f 38 0d 11 0b 64 8b 4e 6f 64 4e 47 f5 01   |..o8...d.NodNG..|
00e640  09 a5 16 0c 87 00 01 05 46 f1 00 43 87 01 00 39   |........F..C...9|
00e650  87 01 00 2f 87 01 00 25 87 01 ed ba 10 11 04 00   |.../...%........|
00e660  05 56 00 6f 42 61 63 6b 75 70 5c 00 04 2f 79 03   |.V.oBackup\../y.|
00e670  51 02 07 00 e7 3e 0e 47 00 0f 50 02 03 26 1e 03   |Q....>.G..P..&..|
00e680  14 26 11 4e 79 a8 52 6c 47 69 66 74 35 00 0e 49   |.&.Ny.RlGift5..I|
00e690  02 00 42 01 0f e6 01 0e 01 82 8a 0f bf 00 0b 1e   |..B.............|
00e6a0  08 1b 01 06 e1 22 27 4d 87 a9 8e 0f 72 00 0e 1f   |....."'M....r...|
00e6b0  32 72 00 30 1f 43 72 00 1a 1f 28 72 00 30 1f 39   |2r.0.Cr...(r.0.9|
00e6c0  72 00 1a 1f 1e 72 00 30 1f 2f 72 00 1a 1f 14 72   |r....r.0./r....r|
00e6d0  00 30 1f 25 72 00 1a 1f 0a 72 00 30 1f 1b 72 00   |.0.%r....r.0..r.|
00e6e0  1a 1f 00 72 00 30 18 11 72 00 0c 75 03 0f 42 04   |...r.0..r..u..B.|
00e6f0  0d 05 39 00 04 5f 00 00 d9 26 0e 8a c5 0f 89 00   |..9.._...&......|
00e700  12 00 95 c3 09 50 00 01 50 8f 01 ce 8b 0f 07 b9   |.....P..P.......|
00e710  07 2f 13 c3 07 b9 05 23 0f c3 27 b1 01 42 00 0f   |./.....#..'..B..|
00e720  7c 4b 0a 24 1b 44 7c 4b 1f 6d c4 8d 4c 1c 2e 8e   ||K.$.D|K.m..L...|
00e730  00 1b 1c 72 4b 0c 20 00 06 c2 00 3f 44 61 6f 05   |...rK. ....?Dao.|
00e740  b9 07 26 f7 42 d2 3d 0c 2f 00 0f 7e bc 02 01 1f   |..&.B.=./..~....|
00e750  00 8e 45 6e 74 72 69 65 73 00 57 01 2f af 42 81   |..Entries.W./.B.|
00e760  2b 08 1e 01 43 00 0f bd 27 02 16 42 58 4a 05 2c   |+...C...'..BXJ.,|
00e770  00 1e 79 8f 00 14 06 20 00 0f 9b 01 01 24 f1 01   |..y.... .....$..|
00e780  9b 01 1f 7f 9b 01 4e 21 50 5f 87 00 20 5f 4a 19   |......N!P_.. _J.|
00e790  94 62 6f 75 5f 34 5f 32 22 00 9f 35 31 38 33 38   |.bou_4_2"..51838|
00e7a0  37 37 00 60 22 4f 01 01 34 00 02 06 00 00 fd 02   |77.`"O..4.......|
00e7b0  10 2f 72 12 13 2f 43 00 51 2f 43 75 69 44 71 4e   |./r../C.Q/CuiDqN|
00e7c0  0d 5a 00 0f 6f 00 04 01 58 0a 00 fa 4e 10 51 2d   |.Z..o...X...N.Q-|
00e7d0  fb 00 3e 00 0f 09 08 0c 13 08 d4 06 0f f0 93 26   |..>............&|
00e7e0  f1 01 5e ed 5f b0 27 4f 8b 1e 54 52 d4 bc 08 8d   |..^._.'O..TR....|
00e7f0  13 69 84 93 4f 6d 6f 75 6e 64 0a 08 23 26 02 63   |.i..Omound..#&.c|
00e800  b3 1f 47 76 b0 14 7f 62 49 73 53 75 6f 44 dc 95   |..Gv...bIsSuoD..|
00e810  15 09 de 08 0f 20 02 0a 1f b7 20 02 68 32 52 6f   |..... .... .h2Ro|
00e820  74 22 00 9f 33 31 33 33 36 39 32 00 5a 20 02 1e   |t"..3133692.Z ..|
00e830  0f 54 00 01 0f 69 00 04 0f e6 01 2b ff 01 d7 ea   |.T...i.....+....|
00e840  e2 4c ce 49 a9 81 01 57 1f a5 77 24 e7 a4 e6 01   |.L.I...W..w$....|
00e850  11 1f 58 e6 01 15 1f 01 e6 01 d8 1f 33 e6 01 89   |..X.........3...|
00e860  ff 01 fa 3f c5 28 8e 47 5a 1e 12 41 34 bb c4 b3   |...?.(.GZ..A4...|
00e870  7b d4 e6 01 11 2f c6 00 e6 01 14 1f 02 e6 01 4d   |{..../.........M|
00e880  15 b1 e6 01 1f 7d ec 05 60 01 20 00 9f 34 33 34   |.....}..`. ..434|
00e890  31 30 37 39 00 56 e4 01 2f 1f 34 65 00 02 0f e0   |1079.V../.4e....|
00e8a0  01 2b ff 01 4e 45 2d dd a0 41 be 00 dd 28 1f a3   |.+..NE-..A...(..|
00e8b0  9b 1c 19 a7 c6 03 3a 1f 03 e0 01 4d 15 c1 e0 01   |......:....M....|
00e8c0  1f 84 e0 01 4d 02 78 01 50 49 74 65 6d 5f c1 01   |....M.x.PItem_..|
00e8d0  51 4c 6f 74 75 73 be 4a 02 27 00 20 32 31 d5 07   |QLotus.J.'. 21..|
00e8e0  3f 34 00 5f 38 56 0f 00 44 00 10 2f fb 49 1f 2f   |?4._8V..D../.I./|
00e8f0  54 00 06 0f 6e 00 09 0f f0 01 2b ff 01 9a 6d c0   |T...n.....+...m.|
00e900  a8 b8 4c 2f 25 34 af 3a b5 df 1b 96 ce f0 01 11   |..L/%4.:........|
00e910  1f 3c d0 03 15 1f 04 f0 01 4d 15 be f0 01 1f 85   |.<.......M......|
00e920  f0 01 58 61 53 68 75 59 69 54 39 98 10 54 d3 be   |..XaShuYiT9..T..|
00e930  02 bc 05 8f 35 30 33 36 32 37 00 5b d8 03 0c 7f   |....503627.[....|
00e940  59 61 6f 50 69 6e 2f 4f 00 07 0f 6a 00 0a 0f ed   |YaoPin/O...j....|
00e950  01 2b ff 01 57 78 1c 2c f0 45 9a 8a eb 65 ee 80   |.+..Wx.,.E...e..|
00e960  c6 14 8f f9 ed 01 11 1f 10 ed 01 15 1f 05 ed 01   |................|
00e970  4d 15 b2 ed 01 1f 81 ed 01 58 10 4b 18 29 00 b6   |M........X.K.)..|
00e980  01 23 4a 69 da 03 8f 38 33 33 34 37 36 00 53 e9   |.#Ji...833476.S.|
00e990  01 1e 07 4b 00 0f 62 00 06 0f e1 01 2b ff 01 41   |...K..b.....+..A|
00e9a0  1a 78 06 3e 4b e5 ee a1 f8 3a 99 67 73 32 e3 e1   |.x.>K....:.gs2..|
00e9b0  01 11 1f b3 e1 01 15 1f 06 e1 01 4d 15 cb e1 01   |...........M....|
00e9c0  1f 86 e1 01 58 f3 01 43 72 79 73 74 61 6c 5f 54   |....X..Crystal_T|
00e9d0  69 74 61 6e 69 75 6d e6 01 8f 34 34 34 38 30 31   |itanium...444801|
00e9e0  00 67 e6 01 0a 40 6a 75 43 61 00 55 21 6f 2f 68   |.g...@juCa.U!o/h|
00e9f0  4a 4f 73 68 69 2f 5a 00 08 0f 76 00 0b 0f fa 01   |JOshi/Z...v.....|
00ea00  2b ff 01 ce 23 d2 9e d4 49 7f 2f 46 eb 19 8b 47   |+...#...I./F...G|
00ea10  67 fe d9 fa 01 11 2f 0d 01 fa 01 14 1f 07 fa 01   |g...../.........|
00ea20  4d 15 d1 fa 01 1f 7a fa 01 53 10 44 fc 0e 43 68   |M.....z..S.D..Ch|
00ea30  69 5f 33 ee 01 8f 39 33 32 35 33 31 00 4a d4 03   |i_3...932531.J..|
00ea40  0c 00 90 09 8b 4a 75 2f 51 69 74 61 2f 49 00 0e   |.....Ju/Qita/I..|
00ea50  59 00 0f d1 01 2b ff 01 a2 1b 33 ff 6e 48 97 ed   |Y....+....3.nH..|
00ea60  34 30 df a1 ce c9 f1 82 a9 01 12 13 08 4e 4f 8f   |40...........NO.|
00ea70  4e 61 69 4a 69 75 44 75 2a 00 07 33 11 9b 00 b8   |NaiJiuDu*..3....|
00ea80  56 1f 78 2d 00 0f 2f 50 c3 00 02 4c 24 8c 02 00   |V.x-../P...L$...|
00ea90  02 1f 79 98 0b 50 00 5b 0b 12 5f d9 a5 03 bc 07   |..y..P.[.._.....|
00eaa0  8f 34 39 31 34 31 39 00 41 94 0b 11 0a 41 00 0d   |.491419.A....A..|
00eab0  50 00 03 30 c3 7f 73 58 69 75 4c 69 43 81 03 0b   |P..0..sXiuLiC...|
00eac0  1f 01 5a 11 2d ff 01 8a d7 43 ff 2c 43 92 fa 88   |..Z.-....C.,C...|
00ead0  b0 96 91 49 d2 d0 af 25 02 12 00 21 02 07 e6 57   |...I...%...!...W|
00eae0  0d d8 14 18 1f 92 1c 01 f8 00 03 2a 00 2b 00 1b   |...........*.+..|
00eaf0  12 00 81 3a 3a 45 44 4a 50 5a 5f 7a 01 1f 32 7a   |...::EDJPZ_z..2z|
00eb00  02 14 2f 52 0d 7a 02 18 22 10 0e 22 14 01 75 00   |../R.z..".."..u.|
00eb10  33 4d 61 6b df a5 0f 21 a6 1b 0f bb 02 4a 04 ba   |3Mak...!.....J..|
00eb20  04 0f 30 00 ff ff ff ff ff ff ff ff ff ff ff ff   |..0.............|
00eb30  ff ff ff ff ff ff ff ff ff ff ff ff ff ff ff ff   |................|
00eb40  ff ff ff ff ff ff ff ff ff ff ff ff ff ff ff ff   |................|
00eb50  ff ff 16 09 1d 49 02 1c 43 04 74 75 1f 67 b9 40   |.....I..C.tu.g.@|
00eb60  08 17 01 43 00 04 4f 46 20 4b 75 13 2f 4f 65 4c   |...C..OF Ku./OeL|
00eb70  61 6e 4f 44 0a 24 ab 29 30 31 1f 71 30 31 4d 0e   |anOD.$.)01.q01M.|
00eb80  92 00 0f 53 44 36 2f b4 28 53 44 3b 2f 6c 28 6e   |...SD6/.(SD;/l(n|
00eb90  88 0b 0f 53 44 11 2f 1c 28 53 44 30 24 46 05 9f   |...SD./.(SD0$F..|
00eba0  01 1f 78 cf 32 54 00 07 3e 23 5f 35 4c 44 8f 35   |..x.2T..>#_5LD.5|
00ebb0  31 39 34 31 38 00 43 ce 32 10 00 0a 00 19 2f 44   |19418.C.2...../D|
00ebc0  00 0c 52 00 01 b1 47 03 2c 93 51 53 68 75 58 69   |..R...G.,.QShuXi|
00ebd0  a6 92 0e 7d 01 2f b7 02 be 4d 0b 0f 47 00 02 0f   |...}./...M..G...|
00ebe0  d4 45 01 08 48 00 02 29 00 0f 65 ff 0a 03 24 00   |.E..H..)..e...$.|
00ebf0  0e c2 d7 0c c4 f6 00 d5 00 b6 44 61 6d 61 67 65   |..........Damage|
00ec00  44 65 63 00 0d 3b 00 0f c3 f6 12 11 09 5e f7 6f   |Dec..;.......^.o|
00ec10  6f 5a 75 6f 46 75 8d 44 0b 11 08 05 da 5f 69 59   |oZuoFu.D....._iY|
00ec20  75 61 6e 5d 4d 14 0f c7 00 0d 04 91 33 01 80 33   |uan]M.......3..3|
00ec30  10 42 bb 4d 64 57 65 61 6b 65 6e b8 86 04 b5 89   |.B.MdWeaken.....|
00ec40  0f d4 00 1b 1f 80 d4 00 6a 09 5d d9 06 9b 01 0f   |........j.].....|
00ec50  c4 00 1a 4f 34 33 e9 42 c4 00 49 0f ca 35 59 ff   |...O43.B..I..5Y.|
00ec60  01 9d 49 a3 f5 16 45 17 14 71 98 97 9e 44 b7 fa   |..I...E..q...D..|
00ec70  ab fc 46 16 0f ca 35 40 1f 33 ca 35 14 2f 68 10   |..F...5@.3.5./h.|
00ec80  ca 35 18 2f 68 10 44 38 4c 1f 9a 75 05 60 47 75   |.5./h.D8L..u.`Gu|
00ec90  6e 5f 35 bb 45 2f 31 30 75 05 14 39 75 6e 2f 44   |n_5.E/10u..9un/D|
00eca0  00 0c 52 00 0f 75 05 15 1f c1 75 05 34 1f 69 75   |..R..u....u.4.iu|
00ecb0  05 38 15 15 63 3a 04 da 03 2f 75 6e 78 05 23 3f   |.8..c:.../unx.#?|
00ecc0  33 33 73 78 05 ff 3f 18 16 8e 93 00 f3 8d 10 57   |33sx..?........W|
00ecd0  d2 00 13 4a 7d db 0f 9f 01 1c 2f 93 3e 7f 05 b5   |...J}...../.>...|
00ece0  ff 01 c0 37 c7 bd 9d 4b 6e 92 9f 43 ea 90 b5 34   |...7...Kn..C...4|
00ecf0  a8 17 95 4a 16 0f 7f 05 40 1f 34 7f 05 14 2f b9   |...J....@.4.../.|
00ed00  14 7f 05 18 2f f0 15 49 3b 13 1d 1d 49 3b 10 10   |..../..I;...I;..|
00ed10  29 97 02 4a 3b 8f 5d 20 54 6f 72 76 65 6e c9 05   |)..J;.] Torven..|
00ed20  4b 15 f9 c9 05 1f 7b 3e 0b 57 00 02 03 04 cc 05   |K.....{>.W......|
00ed30  9f 32 32 39 31 38 31 36 00 4c 41 0b 13 00 3b 00   |.2291816.LA...;.|
00ed40  1c 2f 4a 00 0e 5b 00 0f d5 05 16 1f 88 b7 56 08   |./J..[........V.|
00ed50  1f 04 d5 05 18 2f 30 03 4a 0b ff d3 14 1c 32 00   |...../0.J.....2.|
00ed60  19 18 9b 01 cf 49 6e 63 41 67 61 69 6e 73 74 44   |.....IncAgainstD|
00ed70  75 d8 05 1b 4f cd cc cc 3d 1b 0c ad 4f 00 40 26   |u...O...=...O.@&|
00ed80  43 9c 06 b5 ff 01 1b 18 a1 c3 d8 44 65 b3 15 37   |C..........De..7|
00ed90  1f ba 4d 91 13 ee 4b 4f 16 0f 9c 06 40 1f 36 9c   |..M...KO....@.6.|
00eda0  06 14 2f fc 15 9c 06 18 3f 70 17 00 28 06 21 24   |../.....?p..(.!$|
00edb0  79 04 28 06 1f 7e 28 06 55 50 53 75 53 68 65 05   |y.(..~(.UPSuShe.|
00edc0  46 28 5f 32 2b 06 3f 31 00 50 ce 4f 16 1e 42 4b   |F(_2+.?1.P.O..BK|
00edd0  00 0f 5f 00 03 21 00 16 e8 05 41 72 55 73 65 43   |.._..!....ArUseC|
00ede0  00 5f 5a 69 44 61 6e aa a4 06 15 65 de 43 0f 43   |._ZiDan....e.C.C|
00edf0  56 51 0f ca 06 14 2f 1c 01 a6 7f 0b 0f ca 06 15   |VQ..../.........|
00ee00  2f c4 00 ca 06 37 0f 5e 04 31 3f cc cc 73 79 10   |/....7.^.1?..sy.|
00ee10  75 1f 02 5e 04 2d ff 01 5f 49 86 44 39 4a 41 28   |u..^.-.._I.D9JA(|
00ee20  94 ba 5d ba 4a 79 96 9a c9 51 16 0f fa 0a 68 1f   |..].Jy...Q....h.|
00ee30  ad fa 0a 19 2f 80 16 fa 0a 39 0f a8 04 20 2f f1   |..../....9... /.|
00ee40  05 dd 48 5e 00 31 72 24 5f 36 b0 4e 7f 37 35 33   |..H^.1r$_6.N.753|
00ee50  38 38 00 46 18 04 11 00 39 00 1a 2f 46 00 0d 55   |88.F....9../F..U|
00ee60  00 0f c8 0a ff ff ff 5d 3f 00 30 43 6a 06 b5 ff   |.......]?.0Cj...|
00ee70  01 f0 5b 0f 8e de 40 a0 a5 ae 4f ef be 4f 69 8b   |..[...@...O..Oi.|
00ee80  01 43 56 16 0f e3 16 68 2f 6a 0d e3 16 1c 0f 20   |.CV....h/j..... |
00ee90  06 20 24 ce 03 20 06 1f 7c 20 06 50 02 c3 50 65   |. $.. ..| .P..Pe|
00eea0  5f 47 61 6f 5a 69 bd 16 8f 37 38 34 32 35 36 00   |_GaoZi...784256.|
00eeb0  49 ff 50 13 0d 46 00 0e 58 00 0f 24 0a ee 00 bb   |I.P..F..X..$....|
00eec0  02 0f 24 0a 4a 0f 8b 03 2a ff 01 bd 90 44 3d 19   |..$.J...*....D=.|
00eed0  49 45 b3 60 0c 3b a8 80 99 84 15 e1 57 16 0f 8b   |IE.`.;......W...|
00eee0  03 68 1f 8a 53 0e 19 2f 58 1b f5 09 13 1d 1b f5   |.h..S../X.......|
00eef0  09 18 0e f5 09 3f 42 72 79 ed 14 4c 2f f0 03 fa   |.....?Bry..L/...|
00ef00  54 56 06 a5 03 00 db 1f 05 8f 5e 7f 32 31 30 35   |TV........^.2105|
00ef10  33 00 45 fb 03 1d 01 44 00 0e 54 00 0f f7 03 ed   |3.E....D..T.....|
00ef20  4f ff ff d1 41 b1 07 74 1f 04 b1 07 2d ff 01 fa   |O...A..t....-...|
00ef30  85 30 65 e5 49 2e 0b 42 98 ea 9f 49 0f 43 61 26   |.0e.I..B...I.Ca&|
00ef40  5a 16 0f 5e 54 68 2f b3 0e 26 04 18 2f c0 12 5e   |Z..^Th/..&../..^|
00ef50  54 8d 2e 97 01 b4 b5 0f 3c 0e 4c 44 48 6f 6f 6b   |T.......<.LDHook|
00ef60  c4 60 7f 39 37 33 31 37 00 3d 17 57 19 00 3f 00   |.`.97317.=.W..?.|
00ef70  0b 4c 00 0f 86 02 2b ff 01 51 ab cb b8 00 48 60   |.L....+..Q....H`|
00ef80  56 ed eb 8c ac e5 b7 cf f2 b2 5a 16 0f 31 02 13   |V.........Z..1..|
00ef90  2f da 02 31 02 18 3f 20 03 00 24 56 51 1f ad 8d   |/..1..? ..$VQ...|
00efa0  66 57 08 59 62 10 65 02 88 05 14 5b 7f 34 39 32   |fW.Yb.e....[.492|
00efb0  36 39 39 38 db 14 0e 31 4a 69 61 4e 14 0f 4a 00   |6998...1JiaN..J.|
00efc0  01 0e 5f 00 0f 1a 5b 30 ff 01 73 e4 47 e2 55 4b   |.._...[0..s.G.UK|
00efd0  43 60 c4 65 d4 a1 35 95 37 e1 eb 5c 11 1f 2c eb   |C`.e..5.7..\..,.|
00efe0  5c 15 1f 09 eb 5c 30 0e 09 00 22 00 00 0a 81 11   |\....\0...".....|
00eff0  5a 67 89 3f 42 65 69 e1 29 0d 24 90 39 02 02 1f   |Zg.?Bei.).$.9...|
00f000  73 02 02 4d 0e 94 00 0f e3 29 38 2f 97 38 e3 29   |s..M.....)8/.8.)|
00f010  3b 2f 4f 38 d3 73 0b 0f e3 29 11 2f ff 37 e3 29   |;/O8.s...)./.7.)|
00f020  30 0f d3 03 1d 2f 22 0b 60 6a 59 f7 02 5a 42 5f   |0..../".`jY..ZB_|
00f030  59 69 46 75 5f 44 4c 43 42 6f 73 73 5f 32 e8 5c   |YiFu_DLCBoss_2.\|
00f040  4f 32 38 00 66 95 66 0f 00 b9 00 70 2f 45 71 75   |O28.f.f....p/Equ|
00f050  69 70 2f 42 00 10 2f ea bb 02 4b 00 1f 2f 60 00   |ip/B../...K../`.|
00f060  01 0f 75 00 04 01 c2 01 63 47 61 69 5a 61 6f 41   |..u.....cGaiZaoA|
00f070  09 1e 00 d4 01 1f 61 0b 0a 0c 0e 44 00 1e 0f 2a   |......a....D...*|
00f080  00 26 09 01 d7 22 00 2d 00 01 d5 02 00 65 af 4e   |.&...".-.....e.N|
00f090  49 6e 66 6f dc 01 01 98 76 19 5a bb af 09 a6 08   |Info....v.Z.....|
00f0a0  17 2e 26 23 15 45 50 00 04 80 00 2f 00 2a 17 00   |..&#.EP..../.*..|
00f0b0  01 01 65 97 00 03 b9 24 5a 68 fe 2d 55 58 69 53   |..e....$Zh.-UXiS|
00f0c0  68 75 26 b0 14 4d 4e 04 09 5d 08 19 3d 99 00 01   |hu&..MN..]..=...|
00f0d0  c7 00 10 21 fd 74 f0 08 34 32 42 31 36 31 33 34   |...!.t..42B16134|
00f0e0  46 37 42 44 45 35 43 41 46 46 36 45 39 41 43 0a   |F7BDE5CAFF6E9AC.|
00f0f0  00 f2 02 32 33 45 39 00 fb ff ff ff c5 88 07 59   |...23E9........Y|
00f100  cd 91 cf 91 c3 06 02 d1 00 0f bd 14 11 19 40 8f   |..............@.|
00f110  73 0f af 0b 10 2f ab 05 4b 77 0f 0f af 0b 11 2f   |s..../..Kw...../|
00f120  53 05 af 0b 37 18 0e 16 75 06 b4 b5 0f a5 0f 1a   |S...7...u.......|
00f130  3f c0 da 43 23 14 69 18 0c 5b 00 0f b5 15 23 2f   |?..C#.i..[....#/|
00f140  e6 41 c1 00 69 09 50 17 10 53 cc bf 8f 59 69 6e   |.A..i.P..S...Yin|
00f150  52 61 74 69 6f ab 15 1c 1f 4c 4b 26 4a 0f 4b 02   |Ratio....LK&J.K.|
00f160  50 3f cc cc 4c 6e 16 14 1f 01 4b 02 83 0f c1 00   |P?..Ln....K.....|
00f170  ad 00 62 16 0f 0c 03 3d 1f 01 45 02 26 8f 53 70   |..b....=..E.&.Sp|
00f180  65 65 64 52 61 74 c3 00 1b 4f 0a d7 a3 bc c3 00   |eedRat...O......|
00f190  49 17 0f fb 75 02 53 07 1e 00 ec 05 17 59 53 11   |I...u.S......YS.|
00f1a0  0b c6 08 2e 00 01 b7 c8 0e 12 0c 05 52 0a 15 2f   |............R../|
00f1b0  23 07 01 39 12 20 5a 5f 68 a6 5a 59 75 5f 33 2e   |#..9. Z_h.ZYu_3.|
00f1c0  0f 00 03 29 08 00 82 0f 51 50 72 65 43 61 bf bf   |...)....QPreCa..|
00f1d0  0d 4f b7 17 22 58 2c 15 45 64 00 03 2e 00 2d 00   |.O.."X,.Ed....-.|
00f1e0  1e 16 00 00 42 10 af 5a 42 43 5a 5f 48 65 69 54   |....B..ZBCZ_HeiT|
00f1f0  69 b4 23 5b ff 01 e0 b5 31 95 58 45 56 84 fc 38   |i.#[....1.XEV..8|
00f200  5f b4 b3 1f 98 d5 50 2a 69 0f b4 23 15 1f 72 ec   |_.....P*i..#..r.|
00f210  18 19 2f e4 1b 56 1f 6c 0f 51 0b 5e 4f 4b 75 5a   |../..V.l.Q.^OKuZ|
00f220  69 51 0b 03 1f 37 51 0b 32 0a 60 00 0e 75 00 0f   |iQ...7Q.2.`..u..|
00f230  51 0b ff ff 96 1f a8 51 0b ff ff ff ff ff ff 49   |Q......Q.......I|
00f240  ff 01 b6 7c 41 e0 88 4f a1 7c 07 06 40 a0 41 d2   |...|A..O.|..@.A.|
00f250  fe fc 05 2f 91 1f c8 51 0b 9a 24 03 08 51 0b 1f   |.../...Q..$..Q..|
00f260  82 51 0b 53 00 16 bd 3f 54 61 6f 54 0b 03 3f 36   |.Q.S...?TaoT..?6|
00f270  00 6c 54 0b 30 0d 63 00 0f 7b 00 07 0f b9 09 15   |.lT.0.c..{......|
00f280  2f 22 04 18 cf 0b 0f b9 09 15 2f ca 03 b9 09 7b   |/"......../....{|
00f290  2f 80 09 b9 09 6a 18 0b ba 1d 03 02 cb 0f b8 09   |/....j..........|
00f2a0  99 0f f1 08 b0 0f 83 01 2d 0f c0 00 6d 0a bf 23   |........-...m..#|
00f2b0  8f 65 6e 44 75 53 61 6e 52 f3 08 1d 2f 20 41 30   |.enDuSanR.../ A0|
00f2c0  08 6e 1f 5b 30 08 0d 1f 52 30 08 26 54 59 61 6e   |.n.[0...R0.&TYan|
00f2d0  4b 61 74 34 08 10 00 0f 32 08 bf ff 01 3f e7 a5   |Kat4....2....?..|
00f2e0  97 0c 4b 0a d3 d3 64 b6 b1 1a 5a 07 28 d9 32 69   |..K...d...Z.(.2i|
00f2f0  0f 32 08 15 1f 5c 32 08 9a 15 25 83 13 1f 80 32   |.2...\2...%....2|
00f300  08 53 3f 58 69 65 84 13 05 3f 30 00 68 30 08 30   |.S?Xie...?0.h0.0|
00f310  0b 61 00 0e 77 00 0f 86 13 ff ff 96 2f 80 09 86   |.a..w......./...|
00f320  13 ff 75 1f cc 86 13 ff ff ff ff bf ff 01 ad 3f   |..u............?|
00f330  dd 6f b6 4b bf 8e f5 d8 12 86 1d 07 bd e4 c3 37   |.o.K...........7|
00f340  69 0f 8b 42 16 0f 54 0b 9a 2f a0 06 e5 8c 56 02   |i..B..T../....V.|
00f350  dd 0a 5f 4a 69 65 5a 68 55 0b 04 3f 31 00 6a 55   |.._JieZhU..?1.jU|
00f360  0b 30 0c 62 00 0e 79 00 0f 83 13 1c 1f 5e 59 3e   |.0.b..y......^Y>|
00f370  34 1f 06 83 13 7d 1f 3b 83 13 ff ff 8f 0f cf 06   |4....}.;........|
00f380  bc ff 01 b2 f4 54 c6 87 43 ca be 1c 0a ef a5 3f   |.....T..C......?|
00f390  ef 21 af 07 3b 69 0f cf 06 15 2f df 0c cf 06 99   |.!..;i..../.....|
00f3a0  2f a9 06 91 97 56 04 ac 11 12 61 a5 10 0f d2 06   |/....V....a.....|
00f3b0  01 00 16 5b 1f 70 27 12 32 0d 65 00 0e 7f 00 0f   |...[.p'.2.e.....|
00f3c0  d8 06 ff ff ff ff 6c ff 01 bf 18 fb 82 3e 49 24   |......l......>I$|
00f3d0  eb 88 fe 7c af 42 9f d6 55 b9 3d 69 0f d8 06 15   |...|.B..U.=i....|
00f3e0  1f f0 a7 0d 7d 0e c6 39 04 a5 63 30 52 61 6e f4   |....}..9..c0Ran.|
00f3f0  97 0e c4 39 0e 23 38 06 34 02 4f 50 65 69 46 a2   |...9.#8.4.OPeiF.|
00f400  f3 0d 24 91 19 2e 07 1f 6e 2e 07 4d 0d 8f 00 1b   |..$.....n..M....|
00f410  1d f1 39 0d 21 00 16 12 c5 00 6f 4d 61 6b 69 6e   |..9.!.....oMakin|
00f420  67 f4 39 05 26 98 18 65 18 0e 31 00 0d 01 00 1c   |g.9.&..e..1.....|
00f430  15 27 00 0f fe 39 07 2f 48 18 ef 5c 0b 0e 4b 00   |.'...9./H..\..K.|
00f440  0f 06 3a 07 13 e5 79 b1 1c 16 34 00 3f 52 65 70   |..:...y...4.?Rep|
00f450  11 3a 04 1f 13 5f 00 01 1f 79 5d 00 01 2f 94 07   |.:..._...y]../..|
00f460  32 00 0a 0d 01 00 14 11 80 04 03 75 01 0e e6 51   |2..........u...Q|
00f470  0c 53 02 04 b2 04 00 54 01 0e d9 03 0b 93 42 30   |.S.....T......B0|
00f480  ff ff 0c b7 02 af 65 71 75 65 73 74 65 72 49 44   |......equesterID|
00f490  57 04 23 0c 01 00 02 90 06 0f 7d 03 06 18 09 2c   |W.#.......}....,|
00f4a0  00 14 ff b8 01 00 31 00 01 75 ef 0f 05 05 0c 04   |......1..u......|
00f4b0  9c 01 7f 53 61 74 69 73 66 79 37 00 19 10 15 1a   |...Satisfy7.....|
00f4c0  04 5f 75 69 4c 69 65 36 00 19 14 09 9d 00 2f 69   |._uiLie6....../i|
00f4d0  6d 68 1a 0d 05 7e 01 51 53 74 61 72 74 31 00 01   |mh...~.QStart1..|
00f4e0  8e 04 5d 6f 75 62 6c 65 8b ac 09 e0 3c 01 e6 01   |..]ouble....<...|
00f4f0  3f 61 73 73 35 00 16 10 07 8d 3e 5e 52 65 61 64   |?ass5.....>^Read|
00f500  79 89 3e 09 5b 00 00 b3 3e 42 52 65 6e 57 5d 3d   |y.>.[...>BRenW]=|
00f510  0e 2c 00 09 bd 00 10 62 88 00 20 42 79 59 a0 2e   |.,.....b.. ByY..|
00f520  44 69 2d 00 0a 20 0a bf 62 4e 65 65 64 57 6f 72   |Di-.. ..bNeedWor|
00f530  6b 65 72 2b 00 09 13 10 df 00 62 45 66 66 65 63   |ker+......bEffec|
00f540  74 2e 19 1e 0f 68 02 2f 0c 01 2f 00 07 0d 01 00   |t....h./../.....|
00f550  17 0e 95 01 02 23 00 0f 9a 01 0c 04 4a 03 00 da   |.....#......J...|
00f560  00 3f 48 61 6f 34 00 12 13 13 34 00 41 43 68 61   |.?Hao4....4.ACha|
00f570  6e e0 1c 0f 36 00 12 04 c0 00 02 f4 06 0f 33 00   |n...6.........3.|
00f580  12 13 12 33 00 04 e1 06 0f 35 00 12 09 a5 08 21   |...3.....5.....!|
00f590  50 72 d4 02 0f a4 07 3c 36 31 00 10 5c 00 0f 7e   |Pr.....<61..\..~|
00f5a0  07 0f 06 d9 eb 05 7a 00 0f 17 b0 04 1f 57 66 d9   |......z......Wf.|
00f5b0  0c 0e 46 00 0f 64 d9 0a 0f d1 0c 11 16 14 ca 00   |..F..d..........|
00f5c0  03 04 02 0f c4 3f 10 12 08 3f 03 4f 4c 6f 6f 70   |.....?...?.OLoop|
00f5d0  3a 03 0d 00 24 00 00 a8 00 24 53 74 06 19 09 27   |:...$....$St...'|
00f5e0  0a 17 25 54 02 10 45 2c 00 04 a5 05 02 30 00 01   |..%T..E,.....0..|
00f5f0  04 1f 0e 18 00 e5 3a 3a 45 4c 4d 4c 53 5f 4e 6f   |......::ELMLS_No|
00f600  72 6d 61 6c dd 05 00 28 00 0f ba 04 10 17 0d 2f   |rmal...(......./|
00f610  00 0f 58 04 16 00 8c 02 01 bf 04 8f 43 6f 6f 6c   |..X.........Cool|
00f620  64 6f 77 6e 3a 00 16 13 15 6f 00 bf 46 69 6e 69   |down:....o..Fini|
00f630  73 68 65 64 4c 6f 67 a5 00 10 10 0f de 6c 21 65   |shedLog......l!e|
00f640  65 f8 00 0f ae 43 0d 04 a0 00 61 41 72 6f 75 6e   |e....C....aAroun|
00f650  64 c1 05 0f 33 00 11 11 1d f8 0b 71 73 74 43 68   |d...3......qstCh|
00f660  65 63 6b 36 00 00 79 44 02 3a 00 0f de 00 16 0d   |eck6..yD.:......|
00f670  f7 09 0f f7 07 ff ff ff ff ff ff ff ff ff ff ff   |................|
00f680  ff ff ff ff eb 0e f7 19 04 a0 00 01 bb 1b 0f f5   |................|
00f690  19 17 10 14 b0 1c 1f 68 cf 7d 12 0a 35 00 01 70   |.......h.}..5..p|
00f6a0  2e 1f 4a 6a 00 18 10 16 2c 1c 70 70 63 6f 6d 69   |..Jj....,.ppcomi|
00f6b0  6e 67 04 01 5f 44 65 63 61 79 03 01 14 33 f0 bf   |ng.._Decay...3..|
00f6c0  18 48 01 52 55 70 64 61 74 6b 6a 00 79 1a 0f 40   |.H.RUpdatkj.y..@|
00f6d0  00 10 56 38 ed e2 03 45 74 31 0d bf 04 91 46 75   |..V8...Et1....Fu|
00f6e0  43 68 6f 75 53 68 69 54 d0 0f 4c 00 09 80 30 30   |ChouShiT..L...00|
00f6f0  bc f8 e8 1a 3c 41 34 01 00 f5 00 60 6c 65 74 65   |....<A4....`lete|
00f700  64 59 93 c3 1f 6f 6c 04 04 1f 48 e8 c3 05 00 13   |dY...ol...H.....|
00f710  06 f0 1a d3 00 00 00 f4 00 00 00 fb 00 00 00 ec   |................|
00f720  00 00 00 d8 00 00 00 d9 00 00 00 d5 00 00 00 f6   |................|
00f730  00 00 00 f7 00 00 00 e8 00 00 00 eb 14 c4 00 04   |................|
00f740  58 00 bf be 43 00 00 00 db f0 02 13 29 5f 02 05   |X...C.......)_..|
00f750  8b 00 ff 00 5f 4e 65 77 54 75 74 6f 72 69 61 6c   |...._NewTutorial|
00f760  5f 49 44 94 00 04 1f e0 94 00 05 10 37 40 f7 f1   |_ID.........7@..|
00f770  cd bf 20 0d 0d c0 20 0d 92 bf 20 0d e8 bf 20 0d   |.. ... ... ... .|
00f780  eb bf 20 0d 91 bf 20 0d 93 bf 20 0d 95 bf 20 0d   |.. ... ... ... .|
00f790  ed bf 20 0d 99 bf 20 0d e4 bf 20 0d 9a bf 20 0d   |.. ... ... ... .|
00f7a0  00 c0 20 0d 96 bf 20 0d d4 bf 20 0d e5 bf 20 0d   |.. ... ... ... .|
00f7b0  d2 bf 20 0d e3 bf 20 0d 0c c0 20 0d d5 bf 20 0d   |.. ... ... ... .|
00f7c0  d8 bf 20 0d 0b c0 20 0d a2 bf 20 0d d3 bf 20 0d   |.. ... ... ... .|
00f7d0  94 bf 20 0d c1 bf 20 0d ff bf 20 0d d6 bf 20 0d   |.. ... ... ... .|
00f7e0  02 c0 20 0d 08 c0 20 0d 9f bf 20 0d a3 bf 20 0d   |.. ... ... ... .|
00f7f0  da bf 20 0d c9 bf 20 0d db bf 20 0d 9e bf 20 0d   |.. ... ... ... .|
00f800  d9 bf 20 0d d7 bf 20 0d f4 bf 20 0d f1 bf 20 0d   |.. ... ... ... .|
00f810  c8 bf 20 0d c2 bf 20 0d a5 bf 20 0d b5 bf 20 0d   |.. ... ... ... .|
00f820  a6 bf 20 0d cd bf 20 0d ce bf 20 0d af bf 20 0d   |.. ... ... ... .|
00f830  dd bf 20 0d f8 bf 20 0d f3 bf 20 0d dc bf 20 0d   |.. ... ... ... .|
00f840  bd bf 20 0d bc bf 20 0d df bf 20 0d 15 ed 01 20   |.. ... ... .... |
00f850  6e 63 4e 23 8f 50 72 6f 67 72 65 73 73 24 01 04   |ncN#.Progress$..|
00f860  1f 50 c5 e4 0c 0f 4b 00 06 1e 0f 31 00 17 ee a3   |.P....K....1....|
00f870  04 0c 34 00 01 cd c5 0e 62 56 07 2a 00 05 c7 0a   |..4.....bV.*....|
00f880  00 09 00 0d ca d8 01 55 03 00 f9 23 08 66 1d 42   |.......U...#.f.B|
00f890  5f 42 6f 72 75 c6 04 67 00 02 ba 20 0f 4a fa 13   |_Boru..g... .J..|
00f8a0  0f 7d 00 0f 09 ea 21 32 48 55 44 a8 cb 0f 71 00   |.}....!2HUD...q.|
00f8b0  19 09 84 03 01 77 1e 70 6c 61 79 65 72 47 75 9d   |.....w.playerGu.|
00f8c0  b2 0f 9b 21 0e 00 19 00 33 69 76 65 a9 07 9f 69   |...!....3ive...i|
00f8d0  7a 65 43 6f 64 65 49 64 cb 01 04 18 31 43 24 07   |zeCodeId....1C$.|
00f8e0  52 00 05 e7 bd aa 32 30 32 36 30 33 30 32 30 31   |R.....2026030201|
00f8f0  0f 00 1a 32 0f 00 18 33 fa 82 11 41 1f 01 2f 49   |...2...3...A../I|
00f900  44 2f cc 21 13 23 8c f2 00 03 0d 00 4a 1f 13 1a   |D/.!.#......J...|
00f910  68 02 00 9e 07 00 76 da 2f 42 75 5e 00 0c 1f 38   |h.....v./Bu^...8|
00f920  5e 00 05 13 0d 44 cb 10 27 21 3c 21 00 00 7a 09   |^....D..'!<!..z.|
00f930  10 34 c0 f0 03 d6 36 13 1b 31 04 13 1c 86 00 53   |.4....6..1.....S|
00f940  24 00 00 00 3d 70 02 20 49 73 e3 c8 02 7a 00 0f   |$...=p. Is...z..|
00f950  4c 5a 09 01 5a cd ef 48 69 64 65 43 6f 6e 66 69   |LZ..Z..HideConfi|
00f960  72 6d 42 6f 78 2f 00 09 10 16 98 07 72 75 6c 74   |rmBox/......rult|
00f970  69 4d 61 70 e5 01 00 f3 02 3f 4d 61 70 2a 03 01   |iMap.....?Map*..|
00f980  13 3e 95 7b 0f 35 00 07 0f 0f cf 02 04 1d 00 02   |.>.{.5..........|
00f990  98 21 15 70 4f 00 2f ed 14 fa 01 03 0f cd 09 05   |.!.pO./.........|
00f9a0  13 02 ab 0b 0c 50 03 25 00 17 8d ce cf 65 64 4d   |.....P.%.....edM|
00f9b0  61 70 51 69 6e 67 42 61 6f f0 03 05 22 89 0a 4f   |apQingBao..."..O|
00f9c0  00 0f 36 00 08 0d 01 00 0f 2c 00 08 0e 00 02 2f   |..6......,...../|
00f9d0  6a 06 9d 04 07 00 db 01 0f af 00 1b 2f 04 06 83   |j.........../...|
00f9e0  00 09 3f 55 6e 69 03 5b 04 00 00 08 8f 57 65 6e   |..?Uni.[.....Wen|
00f9f0  4f 72 64 65 72 ea 03 14 0f 37 00 17 1f 03 37 00   |Order....7....7.|
00fa00  23 1f 02 37 00 5a 1f 00 6e 00 5a 0f 13 01 92 0f   |#..7.Z..n.Z.....|
00fa10  4a 01 92 1f 02 4a 01 fe 0f 6e 00 fe 0f 39 03 ff   |J....J...n...9..|
00fa20  11 08 30 06 31 54 61 6e 87 62 2f 61 6e b3 06 04   |..0.1Tan.b/an...|
00fa30  2f e8 02 b3 08 04 13 b9 49 2a 13 02 e2 04 13 04   |/.......I*......|
00fa40  63 00 04 e7 29 00 ec bc 13 2b ec 0c 10 2a 22 63   |c...)....+...*"c|
00fa50  61 00 00 00 2d 00 00 23 40 13 42 eb 08 10 4d 1b   |a...-..#@.B...M.|
00fa60  0e 00 97 00 00 50 16 03 14 08 13 19 df 08 13 31   |.....P.........1|
00fa70  eb 08 10 20 38 28 03 7f d3 10 32 ba 00 21 00 00   |... 8(....2..!..|
00fa80  dc c8 31 5c 00 00 c3 49 13 90 3e 0f 13 1a 7f 08   |..1\...I..>.....|
00fa90  13 17 e2 71 00 6b bf 00 2d 85 00 19 d1 00 0b 14   |...q.k..-.......|
00faa0  50 6b 00 00 00 6e e9 4b c0 00 00 00 ac 00 00 00   |Pk...n.K........|
00fab0  ab 00 00 00 ae 13 09 21 00 00 ad fb 00 a2 16 13   |.......!........|
00fac0  b8 af c2 00 dc 00 00 c5 f0 f0 02 8f 00 00 00 8d   |................|
00fad0  00 00 00 8e 00 00 00 93 00 00 00 92 48 0a 03 7b   |............H..{|
00fae0  09 f1 04 47 01 00 00 56 01 00 00 4b 01 00 00 53   |...G...V...K...S|
00faf0  01 00 00 3e 01 00 7d 0c f0 0a 5b 01 00 00 54 01   |...>..}...[...T.|
00fb00  00 00 49 01 00 00 13 01 00 00 07 01 00 00 04 01   |..I.............|
00fb10  00 00 ed 0d 0f b0 00 00 00 ef 00 00 00 c5 00 00   |................|
00fb20  00 59 8d 80 89 00 00 00 83 00 00 00 98 6f 00 cb   |.Y...........o..|
00fb30  08 00 59 86 00 88 67 10 6d 8f 6c 00 ed 52 40 00   |..Y...g.m.l..R@.|
00fb40  00 00 82 3a 57 70 00 00 00 75 00 00 00 c3 6b 93   |...:Wp...u....k.|
00fb50  8c 01 00 00 8b 01 00 00 26 48 08 13 51 81 0a 13   |........&H..Q...|
00fb60  14 a9 0c 00 25 13 10 59 19 02 00 41 17 21 00 00   |....%..Y...A.!..|
00fb70  ed 45 90 97 00 00 00 98 00 00 00 99 91 c7 c0 00   |.E..............|
00fb80  00 00 9b 00 00 00 a8 00 00 00 af a4 32 00 48 00   |............2.H.|
00fb90  f3 01 01 00 00 10 01 00 00 11 01 00 00 4f 01 00   |.............O..|
00fba0  00 b0 61 0b 10 1b 8d c7 f2 1a 01 00 00 33 01 00   |..a..........3..|
00fbb0  00 39 01 00 00 3a 01 00 00 67 01 00 00 66 01 00   |.9...:...g...f..|
00fbc0  00 71 01 00 00 6d 01 00 00 6c 01 00 00 4e 01 00   |.q...m...l...N..|
00fbd0  00 55 01 af 0a 10 45 5b 0c 00 78 f2 00 64 c0 f0   |.U....E[..x..d..|
00fbe0  01 00 00 00 a1 00 00 00 a5 00 00 00 9e 00 00 00   |................|
00fbf0  a4 b4 3e 00 6f 2d 00 0c 02 52 01 00 00 2b 01 3a   |..>.o-...R...+.:|
00fc00  65 f0 02 2a 01 00 00 2e 01 00 00 4d 01 00 00 4c   |e..*.......M...L|
00fc10  01 00 00 a6 0c 02 f0 00 01 00 00 1f 01 00 00 1e   |................|
00fc20  01 00 00 58 00 00 00 51 cb 10 3e 23 3a 03 68 d8   |...X...Q..>#:.h.|
00fc30  00 f9 c8 00 3e 38 31 8b 00 00 0b 43 d3 62 01 00   |....>81....C.b..|
00fc40  00 5e 01 00 00 5c 01 00 00 ce 80 0f 31 e7 00 00   |.^...\......1...|
00fc50  ca f9 f0 0d 03 01 00 00 02 01 00 00 51 01 00 00   |............Q...|
00fc60  6e 01 00 00 73 01 00 00 bf 00 00 00 87 00 00 00   |n...s...........|
00fc70  dc 7b 10 f3 1c fa 61 00 00 00 d2 00 00 e9 7a a2   |.{....a.......z.|
00fc80  48 01 00 00 52 01 00 00 6f 01 4c 02 03 65 03 0f   |H...R...o.L..e..|
00fc90  2f 03 10 1f 58 e2 0b 05 00 9b 01 00 42 44 00 3e   |/...X.......BD.>|
00fca0  7b 53 b7 00 00 00 b4 01 14 50 96 00 00 00 94 30   |{S.......P.....0|
00fcb0  18 12 01 30 c3 90 28 01 00 00 44 01 00 00 42 7b   |...0..(...D...B{|
00fcc0  00 f3 05 01 00 00 1b 01 00 00 cf 00 00 00 c7 00   |................|
00fcd0  00 00 e3 00 00 00 e1 fe 18 58 01 01 00 00 45 e2   |.........X....E.|
00fce0  8f 17 13 d6 03 6f 43 68 69 48 6f 75 a3 00 04 1f   |.....oChiHou....|
00fcf0  78 a3 00 05 17 1d ce 03 04 ff 3c 13 04 d2 03 04   |x.........<.....|
00fd00  f9 c1 13 0d de 03 13 0c 22 02 13 0f 77 15 13 0e   |........"...w...|
00fd10  82 0b 13 12 7e 03 13 0a 92 03 13 1c d2 03 13 1d   |....~...........|
00fd20  4e 02 13 16 ae 02 13 15 b2 02 13 17 24 00 00 bf   |N...........$...|
00fd30  0c 80 76 65 64 41 72 65 61 43 e6 2e 6f 53 6f 6e   |..vedAreaC..oSon|
00fd40  67 4d 65 66 01 05 1f 04 6b 3d 08 04 b1 0f 03 52   |gMef....k=.....R|
00fd50  00 9f 54 72 61 6e 73 44 6f 6f 72 4b 00 04 1f f4   |..TransDoorK....|
00fd60  e9 fb 0c 0f 4b 00 06 1e 0f 31 00 17 93 65 13 02   |....K....1...e..|
00fd70  34 00 05 33 00 0e 4f 45 04 8e 0b 05 23 00 0f 8e   |4..3..OE....#...|
00fd80  2f 26 f0 02 d6 56 bf a8 ec 4e c0 db f6 c9 21 90   |/&...V...N....!.|
00fd90  7d ef 2a 16 15 d6 04 05 57 00 af 50 72 65 66 65   |}.*.....W..Prefe|
00fda0  72 65 6e 63 65 69 68 12 10 14 93 05 8f 69 6e 53   |renceih......inS|
00fdb0  68 69 46 75 48 eb 02 0a 2f f2 02 6a 11 0b 0f 4a   |hiFuH.../..j...J|
00fdc0  00 05 1e 0f 30 00 26 92 02 39 01 0b 33 00 0f c7   |....0.&..9..3...|
00fdd0  0c 03 0f be 30 2a f3 02 d1 a7 0b f8 52 44 ee 90   |....0*......RD..|
00fde0  d3 ea 08 bd 8d a8 67 c3 05 27 11 0e 74 1c 1f 45   |......g..'..t..E|
00fdf0  64 46 03 f3 25 41 43 42 34 30 33 34 37 34 45 44   |dF..%ACB403474ED|
00fe00  41 44 36 42 41 31 45 34 38 36 46 42 46 39 42 34   |AD6BA1E486FBF9B4|
00fe10  39 32 46 42 30 00 f7 ff ff ff d1 9e f3 77 16 5d   |92FB0........w.]|
00fe20  57 90 f9 8f 30 57 ab 5b 31 40 03 41 4c 6f 63 61   |W...0W.[1@.ALoca|
00fe30  a9 0f 0f cb 1a 01 07 29 11 20 56 65 53 2f 0e bc   |.......). VeS/..|
00fe40  00 d1 38 2d 60 48 3c 6d ea c7 37 be f6 46 13 9a   |..8-`H<m..7..F..|
00fe50  04 10 69 bd cb 00 4d 15 7f 53 65 63 6f 6e 64 73   |..i...M..Seconds|
00fe60  08 15 0a 8f f0 dd d1 7b 67 12 3e 41 e6 73 33 ff   |.......{g.>A.s3.|
00fe70  01 65 c1 7e 21 c8 46 c2 35 f0 9b af 83 f5 01 f6   |.e.~!.F.5.......|
00fe80  87 49 01 1e fe 12 33 39 39 31 30 45 45 36 34 37   |.I....39910EE647|
00fe90  32 39 31 45 33 46 37 33 39 42 46 34 39 36 34 37   |291E3F739BF49647|
00fea0  44 30 41 31 42 33 00 49 01 1f 32 49 01 34 cf a1   |D0A1B3.I..2I.4..|
00feb0  b3 59 48 f0 a3 b1 c7 ba 6e 0f 47 49 01 20 67 50   |.YH.....n.GI. gP|
00fec0  35 d0 64 ea 14 49 01 09 95 09 0f 84 10 28 2f f3   |5.d..I.......(/.|
00fed0  01 84 10 4c 2f d4 00 b7 03 0b 0f af 00 1b 2f 6e   |...L/........./n|
00fee0  00 84 10 8d 0f ee 0a 1a 1f 14 1c 07 05 0c de 0a   |................|
00fef0  2f 24 00 1a 08 1d 1f 2c 5b 00 05 1e 0a 49 0b 05   |/$.....,[....I..|
00ff00  6f 07 13 0a 67 07 13 0c 37 01 0f ee 07 1f 1f 0c   |o...g...7.......|
00ff10  77 00 05 17 02 73 00 0f 82 07 6a 1f 61 d6 1d 0c   |w....s....j.a...|
00ff20  0f 82 07 19 1f 00 82 07 1d 0f ef 06 17 1f 60 a7   |..............`.|
00ff30  00 0c 0f ef 06 18 2f 00 00 ef 06 1c 0f 3d 24 03   |....../......=$.|
00ff40  50 46 69 72 73 74 66 15 5f 4d 75 73 69 63 b7 00   |PFirstf._Music..|
00ff50  04 1f 26 45 17 05 14 02 73 de 80 50 5f 53 68 69   |..&E....s..P_Shi|
00ff60  70 5f 30 4f 46 09 11 00 00 5a 3c 11 0f a6 1a cf   |p_0OF....Z<.....|
00ff70  6e 74 72 6f 6c 6c 65 64 50 61 77 6e 2b 06 23 f0   |ntrolledPawn+.#.|
00ff80  01 f8 2e c9 f1 da 4b da 3d 39 0e f2 82 d7 40 55   |......K.=9....@U|
00ff90  df 32 00 01 54 1d 5f 4f 6e 6c 69 6e 0d 1c 0f 94   |.2..T._Onlin....|
00ffa0  4b b8 1e 05 83 89 18 41 10 f8 00 55 43 72 65 61   |K......A...UCrea|
00ffb0  74 5e 23 00 db 02 2e 36 34 37 00 84 70 37 2a 5f   |t^#....647..p7*_|
00ffc0  db 9d de 08 38 01 50 00 00 00 00 00               |....8.P.....|